solid OpenSCAD_Model
  facet normal 0.910873 -0.412686 0
    outer loop
      vertex 17.9375 -8.84577 6.75
      vertex 18.4776 -7.65367 0.6
      vertex 18.4776 -7.65367 6.75
    endloop
  endfacet
  facet normal 0.910873 -0.412686 0
    outer loop
      vertex 18.4776 -7.65367 0.6
      vertex 17.9375 -8.84577 6.75
      vertex 17.9375 -8.84577 0.6
    endloop
  endfacet
  facet normal 0.995183 -0.0980314 0
    outer loop
      vertex 19.8289 -2.61052 6.75
      vertex 19.9572 -1.30806 0.6
      vertex 19.9572 -1.30806 6.75
    endloop
  endfacet
  facet normal 0.995183 -0.0980314 0
    outer loop
      vertex 19.9572 -1.30806 0.6
      vertex 19.8289 -2.61052 6.75
      vertex 19.8289 -2.61052 0.6
    endloop
  endfacet
  facet normal 0.999465 -0.0327027 0
    outer loop
      vertex 19.9572 -1.30806 6.75
      vertex 20 0 0.6
      vertex 20 0 6.75
    endloop
  endfacet
  facet normal 0.999465 -0.0327027 0
    outer loop
      vertex 20 0 0.6
      vertex 19.9572 -1.30806 6.75
      vertex 19.9572 -1.30806 0.6
    endloop
  endfacet
  facet normal 0.986642 -0.162901 0
    outer loop
      vertex 19.6157 -3.90181 6.75
      vertex 19.8289 -2.61052 0.6
      vertex 19.8289 -2.61052 6.75
    endloop
  endfacet
  facet normal 0.986642 -0.162901 0
    outer loop
      vertex 19.8289 -2.61052 0.6
      vertex 19.6157 -3.90181 6.75
      vertex 19.6157 -3.90181 0.6
    endloop
  endfacet
  facet normal -0.582474 0.81285 0
    outer loop
      vertex -11.1114 16.6294 0.6
      vertex -12.1752 15.8671 3
      vertex -11.1114 16.6294 3
    endloop
  endfacet
  facet normal -0.582474 0.81285 0
    outer loop
      vertex -12.1752 15.8671 3
      vertex -11.1114 16.6294 0.6
      vertex -12.1752 15.8671 0.6
    endloop
  endfacet
  facet normal -0.352242 -0.935909 0
    outer loop
      vertex -7.65367 -18.4776 0.6
      vertex -6.42879 -18.9386 6.75
      vertex -7.65367 -18.4776 6.75
    endloop
  endfacet
  facet normal -0.352242 -0.935909 -0
    outer loop
      vertex -6.42879 -18.9386 6.75
      vertex -7.65367 -18.4776 0.6
      vertex -6.42879 -18.9386 0.6
    endloop
  endfacet
  facet normal 0.471427 -0.881905 0
    outer loop
      vertex 8.84577 -17.9375 0.6
      vertex 10 -17.3205 6.75
      vertex 8.84577 -17.9375 6.75
    endloop
  endfacet
  facet normal 0.471427 -0.881905 0
    outer loop
      vertex 10 -17.3205 6.75
      vertex 8.84577 -17.9375 0.6
      vertex 10 -17.3205 0.6
    endloop
  endfacet
  facet normal -0 0 1
    outer loop
      vertex -12.784 16.6604 8.15
      vertex -12.4508 13.6722 8.15
      vertex -12.4508 16.8992 8.15
    endloop
  endfacet
  facet normal -0 0 1
    outer loop
      vertex -13.8463 15.7886 8.15
      vertex -12.4508 13.6722 8.15
      vertex -12.784 16.6604 8.15
    endloop
  endfacet
  facet normal -0 0 1
    outer loop
      vertex -14.8492 14.8492 8.15
      vertex -12.4508 13.6722 8.15
      vertex -13.8463 15.7886 8.15
    endloop
  endfacet
  facet normal 0 0 1
    outer loop
      vertex -12.4508 13.6722 8.15
      vertex -14.8492 14.8492 8.15
      vertex -13.0815 13.0815 8.15
    endloop
  endfacet
  facet normal 0 0 1
    outer loop
      vertex -13.0815 13.0815 8.15
      vertex -14.8492 14.8492 8.15
      vertex -13.909 12.1979 8.15
    endloop
  endfacet
  facet normal -0 0 1
    outer loop
      vertex -15.7886 13.8463 8.15
      vertex -13.909 12.1979 8.15
      vertex -14.8492 14.8492 8.15
    endloop
  endfacet
  facet normal 0 0 1
    outer loop
      vertex -13.909 12.1979 8.15
      vertex -15.7886 13.8463 8.15
      vertex -14.677 11.2621 8.15
    endloop
  endfacet
  facet normal -0 0 1
    outer loop
      vertex -16.6604 12.784 8.15
      vertex -14.677 11.2621 8.15
      vertex -15.7886 13.8463 8.15
    endloop
  endfacet
  facet normal 0 0 1
    outer loop
      vertex -14.677 11.2621 8.15
      vertex -16.6604 12.784 8.15
      vertex -15.3822 10.278 8.15
    endloop
  endfacet
  facet normal -0 0 1
    outer loop
      vertex -17.4609 11.667 8.15
      vertex -15.3822 10.278 8.15
      vertex -16.6604 12.784 8.15
    endloop
  endfacet
  facet normal 0 0 1
    outer loop
      vertex -15.3822 10.278 8.15
      vertex -17.4609 11.667 8.15
      vertex -16.0215 9.25 8.15
    endloop
  endfacet
  facet normal -0 0 1
    outer loop
      vertex -18.1865 10.5 8.15
      vertex -16.0215 9.25 8.15
      vertex -17.4609 11.667 8.15
    endloop
  endfacet
  facet normal 0 0 1
    outer loop
      vertex -16.0215 9.25 8.15
      vertex -18.1865 10.5 8.15
      vertex -16.5921 8.18234 8.15
    endloop
  endfacet
  facet normal -0 0 1
    outer loop
      vertex -18.8343 9.28806 8.15
      vertex -16.5921 8.18234 8.15
      vertex -18.1865 10.5 8.15
    endloop
  endfacet
  facet normal 0 0 1
    outer loop
      vertex -16.5921 8.18234 8.15
      vertex -18.8343 9.28806 8.15
      vertex -17.0918 7.07964 8.15
    endloop
  endfacet
  facet normal -0 0 1
    outer loop
      vertex -19.4015 8.03635 8.15
      vertex -17.0918 7.07964 8.15
      vertex -18.8343 9.28806 8.15
    endloop
  endfacet
  facet normal 0 0 1
    outer loop
      vertex -17.0918 7.07964 8.15
      vertex -19.4015 8.03635 8.15
      vertex -17.5182 5.94663 8.15
    endloop
  endfacet
  facet normal -0 0 1
    outer loop
      vertex -19.8855 6.75023 8.15
      vertex -17.5182 5.94663 8.15
      vertex -19.4015 8.03635 8.15
    endloop
  endfacet
  facet normal 0 0 1
    outer loop
      vertex -17.5182 5.94663 8.15
      vertex -19.8855 6.75023 8.15
      vertex -17.8696 4.78815 8.15
    endloop
  endfacet
  facet normal -0 0 1
    outer loop
      vertex -20.2844 5.4352 8.15
      vertex -17.8696 4.78815 8.15
      vertex -19.8855 6.75023 8.15
    endloop
  endfacet
  facet normal 0 0 1
    outer loop
      vertex -17.8696 4.78815 8.15
      vertex -20.2844 5.4352 8.15
      vertex -18.1445 3.60917 8.15
    endloop
  endfacet
  facet normal 0 0 1
    outer loop
      vertex 18.5 0 8.15
      vertex 21 0 8.15
      vertex 20.955 1.37347 8.15
    endloop
  endfacet
  facet normal 0 0 1
    outer loop
      vertex 18.4604 1.20996 8.15
      vertex 20.955 1.37347 8.15
      vertex 20.8203 2.74105 8.15
    endloop
  endfacet
  facet normal 0 0 1
    outer loop
      vertex 21 0 8.15
      vertex 18.5 0 8.15
      vertex 20.955 -1.37347 8.15
    endloop
  endfacet
  facet normal 0 0 1
    outer loop
      vertex 18.3417 2.41473 8.15
      vertex 20.8203 2.74105 8.15
      vertex 20.5965 4.0969 8.15
    endloop
  endfacet
  facet normal -0 0 1
    outer loop
      vertex 18.4604 -1.20996 8.15
      vertex 20.955 -1.37347 8.15
      vertex 18.5 0 8.15
    endloop
  endfacet
  facet normal 0 0 1
    outer loop
      vertex 18.1445 3.60917 8.15
      vertex 20.5965 4.0969 8.15
      vertex 20.2844 5.4352 8.15
    endloop
  endfacet
  facet normal 0 0 1
    outer loop
      vertex 20.955 -1.37347 8.15
      vertex 18.4604 -1.20996 8.15
      vertex 20.8203 -2.74105 8.15
    endloop
  endfacet
  facet normal 0 0 1
    outer loop
      vertex 17.8696 4.78815 8.15
      vertex 20.2844 5.4352 8.15
      vertex 19.8855 6.75023 8.15
    endloop
  endfacet
  facet normal -0 0 1
    outer loop
      vertex 18.3417 -2.41473 8.15
      vertex 20.8203 -2.74105 8.15
      vertex 18.4604 -1.20996 8.15
    endloop
  endfacet
  facet normal 0 0 1
    outer loop
      vertex 17.5182 5.94663 8.15
      vertex 19.8855 6.75023 8.15
      vertex 19.4015 8.03635 8.15
    endloop
  endfacet
  facet normal 0 0 1
    outer loop
      vertex 20.8203 -2.74105 8.15
      vertex 18.3417 -2.41473 8.15
      vertex 20.5965 -4.0969 8.15
    endloop
  endfacet
  facet normal 0 0 1
    outer loop
      vertex 17.0918 7.07964 8.15
      vertex 19.4015 8.03635 8.15
      vertex 18.8343 9.28806 8.15
    endloop
  endfacet
  facet normal -0 0 1
    outer loop
      vertex 18.1445 -3.60917 8.15
      vertex 20.5965 -4.0969 8.15
      vertex 18.3417 -2.41473 8.15
    endloop
  endfacet
  facet normal 0 0 1
    outer loop
      vertex 20.5965 -4.0969 8.15
      vertex 18.1445 -3.60917 8.15
      vertex 20.2844 -5.4352 8.15
    endloop
  endfacet
  facet normal 0 0 1
    outer loop
      vertex 20.955 1.37347 8.15
      vertex 18.4604 1.20996 8.15
      vertex 18.5 0 8.15
    endloop
  endfacet
  facet normal 0 0 1
    outer loop
      vertex 20.8203 2.74105 8.15
      vertex 18.3417 2.41473 8.15
      vertex 18.4604 1.20996 8.15
    endloop
  endfacet
  facet normal 0 0 1
    outer loop
      vertex 16.5921 8.18234 8.15
      vertex 18.8343 9.28806 8.15
      vertex 18.1865 10.5 8.15
    endloop
  endfacet
  facet normal 0 0 1
    outer loop
      vertex 20.5965 4.0969 8.15
      vertex 18.1445 3.60917 8.15
      vertex 18.3417 2.41473 8.15
    endloop
  endfacet
  facet normal 0 0 1
    outer loop
      vertex 20.2844 5.4352 8.15
      vertex 17.8696 4.78815 8.15
      vertex 18.1445 3.60917 8.15
    endloop
  endfacet
  facet normal 0 0 1
    outer loop
      vertex 19.8855 6.75023 8.15
      vertex 17.5182 5.94663 8.15
      vertex 17.8696 4.78815 8.15
    endloop
  endfacet
  facet normal 0 0 1
    outer loop
      vertex 16.0215 9.25 8.15
      vertex 18.1865 10.5 8.15
      vertex 17.4609 11.667 8.15
    endloop
  endfacet
  facet normal 0 0 1
    outer loop
      vertex 19.4015 8.03635 8.15
      vertex 17.0918 7.07964 8.15
      vertex 17.5182 5.94663 8.15
    endloop
  endfacet
  facet normal 0 0 1
    outer loop
      vertex 15.3822 10.278 8.15
      vertex 17.4609 11.667 8.15
      vertex 16.6604 12.784 8.15
    endloop
  endfacet
  facet normal 0 0 1
    outer loop
      vertex 18.8343 9.28806 8.15
      vertex 16.5921 8.18234 8.15
      vertex 17.0918 7.07964 8.15
    endloop
  endfacet
  facet normal 0 0 1
    outer loop
      vertex 18.1865 10.5 8.15
      vertex 16.0215 9.25 8.15
      vertex 16.5921 8.18234 8.15
    endloop
  endfacet
  facet normal 0 0 1
    outer loop
      vertex 14.677 11.2621 8.15
      vertex 16.6604 12.784 8.15
      vertex 15.7886 13.8463 8.15
    endloop
  endfacet
  facet normal 0 0 1
    outer loop
      vertex 17.4609 11.667 8.15
      vertex 15.3822 10.278 8.15
      vertex 16.0215 9.25 8.15
    endloop
  endfacet
  facet normal 0 0 1
    outer loop
      vertex 13.909 12.1979 8.15
      vertex 15.7886 13.8463 8.15
      vertex 14.8492 14.8492 8.15
    endloop
  endfacet
  facet normal 0 0 1
    outer loop
      vertex 16.6604 12.784 8.15
      vertex 14.677 11.2621 8.15
      vertex 15.3822 10.278 8.15
    endloop
  endfacet
  facet normal 0 0 1
    outer loop
      vertex 15.7886 13.8463 8.15
      vertex 13.909 12.1979 8.15
      vertex 14.677 11.2621 8.15
    endloop
  endfacet
  facet normal 0 0 1
    outer loop
      vertex 12.4508 13.6722 8.15
      vertex 14.8492 14.8492 8.15
      vertex 13.8463 15.7886 8.15
    endloop
  endfacet
  facet normal 0 0 1
    outer loop
      vertex 14.8492 14.8492 8.15
      vertex 13.0815 13.0815 8.15
      vertex 13.909 12.1979 8.15
    endloop
  endfacet
  facet normal 0 0 1
    outer loop
      vertex 12.4508 13.6722 8.15
      vertex 13.8463 15.7886 8.15
      vertex 12.784 16.6604 8.15
    endloop
  endfacet
  facet normal 0 0 1
    outer loop
      vertex 12.4508 13.6722 8.15
      vertex 12.784 16.6604 8.15
      vertex 12.4508 16.8992 8.15
    endloop
  endfacet
  facet normal 0 0 1
    outer loop
      vertex 14.8492 14.8492 8.15
      vertex 12.4508 13.6722 8.15
      vertex 13.0815 13.0815 8.15
    endloop
  endfacet
  facet normal -0 0 1
    outer loop
      vertex 17.8696 -4.78815 8.15
      vertex 20.2844 -5.4352 8.15
      vertex 18.1445 -3.60917 8.15
    endloop
  endfacet
  facet normal 0 0 1
    outer loop
      vertex 20.2844 -5.4352 8.15
      vertex 17.8696 -4.78815 8.15
      vertex 19.8855 -6.75023 8.15
    endloop
  endfacet
  facet normal -0 0 1
    outer loop
      vertex 17.5182 -5.94663 8.15
      vertex 19.8855 -6.75023 8.15
      vertex 17.8696 -4.78815 8.15
    endloop
  endfacet
  facet normal 0 0 1
    outer loop
      vertex 19.8855 -6.75023 8.15
      vertex 17.5182 -5.94663 8.15
      vertex 19.4015 -8.03635 8.15
    endloop
  endfacet
  facet normal -0 0 1
    outer loop
      vertex 17.0918 -7.07964 8.15
      vertex 19.4015 -8.03635 8.15
      vertex 17.5182 -5.94663 8.15
    endloop
  endfacet
  facet normal 0 0 1
    outer loop
      vertex 19.4015 -8.03635 8.15
      vertex 17.0918 -7.07964 8.15
      vertex 18.8343 -9.28806 8.15
    endloop
  endfacet
  facet normal -0 0 1
    outer loop
      vertex 16.5921 -8.18234 8.15
      vertex 18.8343 -9.28806 8.15
      vertex 17.0918 -7.07964 8.15
    endloop
  endfacet
  facet normal 0 0 1
    outer loop
      vertex 18.8343 -9.28806 8.15
      vertex 16.5921 -8.18234 8.15
      vertex 18.1865 -10.5 8.15
    endloop
  endfacet
  facet normal -0 0 1
    outer loop
      vertex 16.0215 -9.25 8.15
      vertex 18.1865 -10.5 8.15
      vertex 16.5921 -8.18234 8.15
    endloop
  endfacet
  facet normal 0 0 1
    outer loop
      vertex 18.1865 -10.5 8.15
      vertex 16.0215 -9.25 8.15
      vertex 17.4609 -11.667 8.15
    endloop
  endfacet
  facet normal -0 0 1
    outer loop
      vertex 15.3822 -10.278 8.15
      vertex 17.4609 -11.667 8.15
      vertex 16.0215 -9.25 8.15
    endloop
  endfacet
  facet normal 0 0 1
    outer loop
      vertex 17.4609 -11.667 8.15
      vertex 15.3822 -10.278 8.15
      vertex 16.6604 -12.784 8.15
    endloop
  endfacet
  facet normal -0 0 1
    outer loop
      vertex 14.677 -11.2621 8.15
      vertex 16.6604 -12.784 8.15
      vertex 15.3822 -10.278 8.15
    endloop
  endfacet
  facet normal 0 0 1
    outer loop
      vertex 16.6604 -12.784 8.15
      vertex 14.677 -11.2621 8.15
      vertex 15.7886 -13.8463 8.15
    endloop
  endfacet
  facet normal -0 0 1
    outer loop
      vertex 13.909 -12.1979 8.15
      vertex 15.7886 -13.8463 8.15
      vertex 14.677 -11.2621 8.15
    endloop
  endfacet
  facet normal 0 0 1
    outer loop
      vertex 15.7886 -13.8463 8.15
      vertex 13.909 -12.1979 8.15
      vertex 14.8492 -14.8492 8.15
    endloop
  endfacet
  facet normal -0 0 1
    outer loop
      vertex 13.0815 -13.0815 8.15
      vertex 14.8492 -14.8492 8.15
      vertex 13.909 -12.1979 8.15
    endloop
  endfacet
  facet normal 0 0 1
    outer loop
      vertex 14.8492 -14.8492 8.15
      vertex 13.0815 -13.0815 8.15
      vertex 13.8463 -15.7886 8.15
    endloop
  endfacet
  facet normal -0 0 1
    outer loop
      vertex 12.1979 -13.909 8.15
      vertex 13.8463 -15.7886 8.15
      vertex 13.0815 -13.0815 8.15
    endloop
  endfacet
  facet normal 0 0 1
    outer loop
      vertex 13.8463 -15.7886 8.15
      vertex 12.1979 -13.909 8.15
      vertex 12.784 -16.6604 8.15
    endloop
  endfacet
  facet normal -0 0 1
    outer loop
      vertex 11.2621 -14.677 8.15
      vertex 12.784 -16.6604 8.15
      vertex 12.1979 -13.909 8.15
    endloop
  endfacet
  facet normal 0 0 1
    outer loop
      vertex 12.784 -16.6604 8.15
      vertex 11.2621 -14.677 8.15
      vertex 11.667 -17.4609 8.15
    endloop
  endfacet
  facet normal -0 0 1
    outer loop
      vertex 10.278 -15.3822 8.15
      vertex 11.667 -17.4609 8.15
      vertex 11.2621 -14.677 8.15
    endloop
  endfacet
  facet normal 0 0 1
    outer loop
      vertex 11.667 -17.4609 8.15
      vertex 10.278 -15.3822 8.15
      vertex 10.5 -18.1865 8.15
    endloop
  endfacet
  facet normal -0 0 1
    outer loop
      vertex 9.25 -16.0215 8.15
      vertex 10.5 -18.1865 8.15
      vertex 10.278 -15.3822 8.15
    endloop
  endfacet
  facet normal 0 0 1
    outer loop
      vertex 10.5 -18.1865 8.15
      vertex 9.25 -16.0215 8.15
      vertex 9.28806 -18.8343 8.15
    endloop
  endfacet
  facet normal -0 0 1
    outer loop
      vertex 8.18234 -16.5921 8.15
      vertex 9.28806 -18.8343 8.15
      vertex 9.25 -16.0215 8.15
    endloop
  endfacet
  facet normal 0 0 1
    outer loop
      vertex 8.18234 -16.5921 8.15
      vertex 8.03635 -19.4015 8.15
      vertex 9.28806 -18.8343 8.15
    endloop
  endfacet
  facet normal -0 0 1
    outer loop
      vertex 7.07964 -17.0918 8.15
      vertex 8.03635 -19.4015 8.15
      vertex 8.18234 -16.5921 8.15
    endloop
  endfacet
  facet normal 0 0 1
    outer loop
      vertex 7.07964 -17.0918 8.15
      vertex 6.75023 -19.8855 8.15
      vertex 8.03635 -19.4015 8.15
    endloop
  endfacet
  facet normal -0 0 1
    outer loop
      vertex 5.94663 -17.5182 8.15
      vertex 6.75023 -19.8855 8.15
      vertex 7.07964 -17.0918 8.15
    endloop
  endfacet
  facet normal 0 0 1
    outer loop
      vertex 5.94663 -17.5182 8.15
      vertex 5.4352 -20.2844 8.15
      vertex 6.75023 -19.8855 8.15
    endloop
  endfacet
  facet normal -0 0 1
    outer loop
      vertex 4.78815 -17.8696 8.15
      vertex 5.4352 -20.2844 8.15
      vertex 5.94663 -17.5182 8.15
    endloop
  endfacet
  facet normal 0 0 1
    outer loop
      vertex 4.78815 -17.8696 8.15
      vertex 4.0969 -20.5965 8.15
      vertex 5.4352 -20.2844 8.15
    endloop
  endfacet
  facet normal -0 0 1
    outer loop
      vertex 3.60917 -18.1445 8.15
      vertex 4.0969 -20.5965 8.15
      vertex 4.78815 -17.8696 8.15
    endloop
  endfacet
  facet normal -0 0 1
    outer loop
      vertex 2.47487 -18.4749 8.15
      vertex 4.0969 -20.5965 8.15
      vertex 3.60917 -18.1445 8.15
    endloop
  endfacet
  facet normal 0 0 1
    outer loop
      vertex 2.63144 -18.3077 8.15
      vertex 3.60917 -18.1445 8.15
      vertex 2.63311 -18.3057 8.15
    endloop
  endfacet
  facet normal 0 0 1
    outer loop
      vertex 2.47487 -18.4749 8.15
      vertex 3.60917 -18.1445 8.15
      vertex 2.63144 -18.3077 8.15
    endloop
  endfacet
  facet normal -0 0 1
    outer loop
      vertex 2.30771 -18.6314 8.15
      vertex 4.0969 -20.5965 8.15
      vertex 2.47487 -18.4749 8.15
    endloop
  endfacet
  facet normal 0 0 1
    outer loop
      vertex 4.0969 -20.5965 8.15
      vertex 2.30771 -18.6314 8.15
      vertex 2.74105 -20.8203 8.15
    endloop
  endfacet
  facet normal -0 0 1
    outer loop
      vertex 2.13066 -18.7767 8.15
      vertex 2.74105 -20.8203 8.15
      vertex 2.30771 -18.6314 8.15
    endloop
  endfacet
  facet normal -0 0 1
    outer loop
      vertex 1.9445 -18.9101 8.15
      vertex 2.74105 -20.8203 8.15
      vertex 2.13066 -18.7767 8.15
    endloop
  endfacet
  facet normal -0 0 1
    outer loop
      vertex 1.75 -19.0311 8.15
      vertex 2.74105 -20.8203 8.15
      vertex 1.9445 -18.9101 8.15
    endloop
  endfacet
  facet normal -0 0 1
    outer loop
      vertex 1.54801 -19.1391 8.15
      vertex 2.74105 -20.8203 8.15
      vertex 1.75 -19.0311 8.15
    endloop
  endfacet
  facet normal 0 0 1
    outer loop
      vertex 1.54801 -19.1391 8.15
      vertex 1.37347 -20.955 8.15
      vertex 2.74105 -20.8203 8.15
    endloop
  endfacet
  facet normal -0 0 1
    outer loop
      vertex 1.33939 -19.2336 8.15
      vertex 1.37347 -20.955 8.15
      vertex 1.54801 -19.1391 8.15
    endloop
  endfacet
  facet normal -0 0 1
    outer loop
      vertex 1.12504 -19.3143 8.15
      vertex 1.37347 -20.955 8.15
      vertex 1.33939 -19.2336 8.15
    endloop
  endfacet
  facet normal -0 0 1
    outer loop
      vertex 0.905867 -19.3807 8.15
      vertex 1.37347 -20.955 8.15
      vertex 1.12504 -19.3143 8.15
    endloop
  endfacet
  facet normal -0 0 1
    outer loop
      vertex 0.682816 -19.4327 8.15
      vertex 1.37347 -20.955 8.15
      vertex 0.905867 -19.3807 8.15
    endloop
  endfacet
  facet normal -0 0 1
    outer loop
      vertex 0.456841 -19.4701 8.15
      vertex 1.37347 -20.955 8.15
      vertex 0.682816 -19.4327 8.15
    endloop
  endfacet
  facet normal 0 0 1
    outer loop
      vertex 0 -21 8.15
      vertex 0.456841 -19.4701 8.15
      vertex 0.22891 -19.4925 8.15
    endloop
  endfacet
  facet normal 0 0 1
    outer loop
      vertex 0 -21 8.15
      vertex 0.22891 -19.4925 8.15
      vertex 0 -19.5 8.15
    endloop
  endfacet
  facet normal 0 0 1
    outer loop
      vertex 0.456841 -19.4701 8.15
      vertex 0 -21 8.15
      vertex 1.37347 -20.955 8.15
    endloop
  endfacet
  facet normal 0 0 1
    outer loop
      vertex -0.22891 -19.4925 8.15
      vertex 0 -21 8.15
      vertex 0 -19.5 8.15
    endloop
  endfacet
  facet normal 0 0 1
    outer loop
      vertex -0.456841 -19.4701 8.15
      vertex 0 -21 8.15
      vertex -0.22891 -19.4925 8.15
    endloop
  endfacet
  facet normal 0 0 1
    outer loop
      vertex -1.37347 -20.955 8.15
      vertex -0.456841 -19.4701 8.15
      vertex -0.682816 -19.4327 8.15
    endloop
  endfacet
  facet normal 0 0 1
    outer loop
      vertex -1.37347 -20.955 8.15
      vertex -0.682816 -19.4327 8.15
      vertex -0.905867 -19.3807 8.15
    endloop
  endfacet
  facet normal 0 0 1
    outer loop
      vertex -1.37347 -20.955 8.15
      vertex -0.905867 -19.3807 8.15
      vertex -1.12504 -19.3143 8.15
    endloop
  endfacet
  facet normal 0 0 1
    outer loop
      vertex -1.37347 -20.955 8.15
      vertex -1.12504 -19.3143 8.15
      vertex -1.33939 -19.2336 8.15
    endloop
  endfacet
  facet normal 0 0 1
    outer loop
      vertex -0.456841 -19.4701 8.15
      vertex -1.37347 -20.955 8.15
      vertex 0 -21 8.15
    endloop
  endfacet
  facet normal 0 0 1
    outer loop
      vertex -1.54801 -19.1391 8.15
      vertex -1.37347 -20.955 8.15
      vertex -1.33939 -19.2336 8.15
    endloop
  endfacet
  facet normal 0 0 1
    outer loop
      vertex -2.74105 -20.8203 8.15
      vertex -1.54801 -19.1391 8.15
      vertex -1.75 -19.0311 8.15
    endloop
  endfacet
  facet normal 0 0 1
    outer loop
      vertex -2.74105 -20.8203 8.15
      vertex -1.75 -19.0311 8.15
      vertex -1.9445 -18.9101 8.15
    endloop
  endfacet
  facet normal 0 0 1
    outer loop
      vertex -2.74105 -20.8203 8.15
      vertex -1.9445 -18.9101 8.15
      vertex -2.13066 -18.7767 8.15
    endloop
  endfacet
  facet normal 0 0 1
    outer loop
      vertex -2.74105 -20.8203 8.15
      vertex -2.13066 -18.7767 8.15
      vertex -2.30771 -18.6314 8.15
    endloop
  endfacet
  facet normal 0 0 1
    outer loop
      vertex -4.0969 -20.5965 8.15
      vertex -2.30771 -18.6314 8.15
      vertex -2.47487 -18.4749 8.15
    endloop
  endfacet
  facet normal 0 0 1
    outer loop
      vertex -3.60917 -18.1445 8.15
      vertex -2.47487 -18.4749 8.15
      vertex -2.63144 -18.3077 8.15
    endloop
  endfacet
  facet normal 0 0 1
    outer loop
      vertex -3.60917 -18.1445 8.15
      vertex -2.63144 -18.3077 8.15
      vertex -2.63311 -18.3057 8.15
    endloop
  endfacet
  facet normal 0 0 1
    outer loop
      vertex -1.54801 -19.1391 8.15
      vertex -2.74105 -20.8203 8.15
      vertex -1.37347 -20.955 8.15
    endloop
  endfacet
  facet normal 0 0 1
    outer loop
      vertex -2.47487 -18.4749 8.15
      vertex -3.60917 -18.1445 8.15
      vertex -4.0969 -20.5965 8.15
    endloop
  endfacet
  facet normal 0 0 1
    outer loop
      vertex -2.30771 -18.6314 8.15
      vertex -4.0969 -20.5965 8.15
      vertex -2.74105 -20.8203 8.15
    endloop
  endfacet
  facet normal 0 0 1
    outer loop
      vertex -4.78815 -17.8696 8.15
      vertex -4.0969 -20.5965 8.15
      vertex -3.60917 -18.1445 8.15
    endloop
  endfacet
  facet normal 0 0 1
    outer loop
      vertex -4.78815 -17.8696 8.15
      vertex -5.4352 -20.2844 8.15
      vertex -4.0969 -20.5965 8.15
    endloop
  endfacet
  facet normal 0 0 1
    outer loop
      vertex -5.94663 -17.5182 8.15
      vertex -5.4352 -20.2844 8.15
      vertex -4.78815 -17.8696 8.15
    endloop
  endfacet
  facet normal 0 0 1
    outer loop
      vertex -5.94663 -17.5182 8.15
      vertex -6.75023 -19.8855 8.15
      vertex -5.4352 -20.2844 8.15
    endloop
  endfacet
  facet normal 0 0 1
    outer loop
      vertex -7.07964 -17.0918 8.15
      vertex -6.75023 -19.8855 8.15
      vertex -5.94663 -17.5182 8.15
    endloop
  endfacet
  facet normal 0 0 1
    outer loop
      vertex -7.07964 -17.0918 8.15
      vertex -8.03635 -19.4015 8.15
      vertex -6.75023 -19.8855 8.15
    endloop
  endfacet
  facet normal 0 0 1
    outer loop
      vertex -8.18234 -16.5921 8.15
      vertex -8.03635 -19.4015 8.15
      vertex -7.07964 -17.0918 8.15
    endloop
  endfacet
  facet normal 0 0 1
    outer loop
      vertex -9.28806 -18.8343 8.15
      vertex -8.18234 -16.5921 8.15
      vertex -9.25 -16.0215 8.15
    endloop
  endfacet
  facet normal 0 0 1
    outer loop
      vertex -8.18234 -16.5921 8.15
      vertex -9.28806 -18.8343 8.15
      vertex -8.03635 -19.4015 8.15
    endloop
  endfacet
  facet normal 0 0 1
    outer loop
      vertex -10.5 -18.1865 8.15
      vertex -9.25 -16.0215 8.15
      vertex -10.278 -15.3822 8.15
    endloop
  endfacet
  facet normal 0 0 1
    outer loop
      vertex -9.25 -16.0215 8.15
      vertex -10.5 -18.1865 8.15
      vertex -9.28806 -18.8343 8.15
    endloop
  endfacet
  facet normal 0 0 1
    outer loop
      vertex -11.667 -17.4609 8.15
      vertex -10.278 -15.3822 8.15
      vertex -11.2621 -14.677 8.15
    endloop
  endfacet
  facet normal 0 0 1
    outer loop
      vertex -10.278 -15.3822 8.15
      vertex -11.667 -17.4609 8.15
      vertex -10.5 -18.1865 8.15
    endloop
  endfacet
  facet normal 0 0 1
    outer loop
      vertex -12.784 -16.6604 8.15
      vertex -11.2621 -14.677 8.15
      vertex -12.1979 -13.909 8.15
    endloop
  endfacet
  facet normal 0 0 1
    outer loop
      vertex -11.2621 -14.677 8.15
      vertex -12.784 -16.6604 8.15
      vertex -11.667 -17.4609 8.15
    endloop
  endfacet
  facet normal 0 0 1
    outer loop
      vertex -13.8463 -15.7886 8.15
      vertex -12.1979 -13.909 8.15
      vertex -13.0815 -13.0815 8.15
    endloop
  endfacet
  facet normal 0 0 1
    outer loop
      vertex -12.1979 -13.909 8.15
      vertex -13.8463 -15.7886 8.15
      vertex -12.784 -16.6604 8.15
    endloop
  endfacet
  facet normal 0 0 1
    outer loop
      vertex -14.8492 -14.8492 8.15
      vertex -13.0815 -13.0815 8.15
      vertex -13.909 -12.1979 8.15
    endloop
  endfacet
  facet normal 0 0 1
    outer loop
      vertex -15.7886 -13.8463 8.15
      vertex -13.909 -12.1979 8.15
      vertex -14.677 -11.2621 8.15
    endloop
  endfacet
  facet normal 0 0 1
    outer loop
      vertex -13.0815 -13.0815 8.15
      vertex -14.8492 -14.8492 8.15
      vertex -13.8463 -15.7886 8.15
    endloop
  endfacet
  facet normal 0 0 1
    outer loop
      vertex -16.6604 -12.784 8.15
      vertex -14.677 -11.2621 8.15
      vertex -15.3822 -10.278 8.15
    endloop
  endfacet
  facet normal 0 0 1
    outer loop
      vertex -13.909 -12.1979 8.15
      vertex -15.7886 -13.8463 8.15
      vertex -14.8492 -14.8492 8.15
    endloop
  endfacet
  facet normal 0 0 1
    outer loop
      vertex -17.4609 -11.667 8.15
      vertex -15.3822 -10.278 8.15
      vertex -16.0215 -9.25 8.15
    endloop
  endfacet
  facet normal 0 0 1
    outer loop
      vertex -18.1865 -10.5 8.15
      vertex -16.0215 -9.25 8.15
      vertex -16.5921 -8.18234 8.15
    endloop
  endfacet
  facet normal 0 0 1
    outer loop
      vertex -14.677 -11.2621 8.15
      vertex -16.6604 -12.784 8.15
      vertex -15.7886 -13.8463 8.15
    endloop
  endfacet
  facet normal 0 0 1
    outer loop
      vertex -18.8343 -9.28806 8.15
      vertex -16.5921 -8.18234 8.15
      vertex -17.0918 -7.07964 8.15
    endloop
  endfacet
  facet normal 0 0 1
    outer loop
      vertex -15.3822 -10.278 8.15
      vertex -17.4609 -11.667 8.15
      vertex -16.6604 -12.784 8.15
    endloop
  endfacet
  facet normal 0 0 1
    outer loop
      vertex -19.4015 -8.03635 8.15
      vertex -17.0918 -7.07964 8.15
      vertex -17.5182 -5.94663 8.15
    endloop
  endfacet
  facet normal 0 0 1
    outer loop
      vertex -19.8855 -6.75023 8.15
      vertex -17.5182 -5.94663 8.15
      vertex -17.8696 -4.78815 8.15
    endloop
  endfacet
  facet normal 0 0 1
    outer loop
      vertex -20.2844 -5.4352 8.15
      vertex -17.8696 -4.78815 8.15
      vertex -18.1445 -3.60917 8.15
    endloop
  endfacet
  facet normal 0 0 1
    outer loop
      vertex -16.0215 -9.25 8.15
      vertex -18.1865 -10.5 8.15
      vertex -17.4609 -11.667 8.15
    endloop
  endfacet
  facet normal 0 0 1
    outer loop
      vertex -20.5965 -4.0969 8.15
      vertex -18.1445 -3.60917 8.15
      vertex -18.3417 -2.41473 8.15
    endloop
  endfacet
  facet normal 0 0 1
    outer loop
      vertex -20.8203 -2.74105 8.15
      vertex -18.3417 -2.41473 8.15
      vertex -18.4604 -1.20996 8.15
    endloop
  endfacet
  facet normal 0 0 1
    outer loop
      vertex -20.955 -1.37347 8.15
      vertex -18.4604 -1.20996 8.15
      vertex -18.5 0 8.15
    endloop
  endfacet
  facet normal -0 0 1
    outer loop
      vertex -20.5965 4.0969 8.15
      vertex -18.1445 3.60917 8.15
      vertex -20.2844 5.4352 8.15
    endloop
  endfacet
  facet normal 0 0 1
    outer loop
      vertex -16.5921 -8.18234 8.15
      vertex -18.8343 -9.28806 8.15
      vertex -18.1865 -10.5 8.15
    endloop
  endfacet
  facet normal 0 0 1
    outer loop
      vertex -18.1445 3.60917 8.15
      vertex -20.5965 4.0969 8.15
      vertex -18.3417 2.41473 8.15
    endloop
  endfacet
  facet normal 0 0 1
    outer loop
      vertex -17.0918 -7.07964 8.15
      vertex -19.4015 -8.03635 8.15
      vertex -18.8343 -9.28806 8.15
    endloop
  endfacet
  facet normal -0 0 1
    outer loop
      vertex -20.8203 2.74105 8.15
      vertex -18.3417 2.41473 8.15
      vertex -20.5965 4.0969 8.15
    endloop
  endfacet
  facet normal 0 0 1
    outer loop
      vertex -17.5182 -5.94663 8.15
      vertex -19.8855 -6.75023 8.15
      vertex -19.4015 -8.03635 8.15
    endloop
  endfacet
  facet normal 0 0 1
    outer loop
      vertex -18.3417 2.41473 8.15
      vertex -20.8203 2.74105 8.15
      vertex -18.4604 1.20996 8.15
    endloop
  endfacet
  facet normal 0 0 1
    outer loop
      vertex -17.8696 -4.78815 8.15
      vertex -20.2844 -5.4352 8.15
      vertex -19.8855 -6.75023 8.15
    endloop
  endfacet
  facet normal -0 0 1
    outer loop
      vertex -20.955 1.37347 8.15
      vertex -18.4604 1.20996 8.15
      vertex -20.8203 2.74105 8.15
    endloop
  endfacet
  facet normal 0 0 1
    outer loop
      vertex -18.1445 -3.60917 8.15
      vertex -20.5965 -4.0969 8.15
      vertex -20.2844 -5.4352 8.15
    endloop
  endfacet
  facet normal 0 0 1
    outer loop
      vertex -18.4604 1.20996 8.15
      vertex -20.955 1.37347 8.15
      vertex -18.5 0 8.15
    endloop
  endfacet
  facet normal 0 0 1
    outer loop
      vertex -18.3417 -2.41473 8.15
      vertex -20.8203 -2.74105 8.15
      vertex -20.5965 -4.0969 8.15
    endloop
  endfacet
  facet normal 0 0 1
    outer loop
      vertex -21 0 8.15
      vertex -18.5 0 8.15
      vertex -20.955 1.37347 8.15
    endloop
  endfacet
  facet normal 0 0 1
    outer loop
      vertex -18.4604 -1.20996 8.15
      vertex -20.955 -1.37347 8.15
      vertex -20.8203 -2.74105 8.15
    endloop
  endfacet
  facet normal 0 0 1
    outer loop
      vertex -18.5 0 8.15
      vertex -21 0 8.15
      vertex -20.955 -1.37347 8.15
    endloop
  endfacet
  facet normal -0 0 1
    outer loop
      vertex -8.03635 19.4015 8.15
      vertex -7.0508 17.6256 8.15
      vertex -6.75023 19.8855 8.15
    endloop
  endfacet
  facet normal -0 0 1
    outer loop
      vertex -9.28806 18.8343 8.15
      vertex -7.0508 17.6256 8.15
      vertex -8.03635 19.4015 8.15
    endloop
  endfacet
  facet normal -0 0 1
    outer loop
      vertex -10.5 18.1865 8.15
      vertex -7.0508 17.6256 8.15
      vertex -9.28806 18.8343 8.15
    endloop
  endfacet
  facet normal 0 0 1
    outer loop
      vertex -7.0508 17.6256 8.15
      vertex -10.5 18.1865 8.15
      vertex -11.4021 17.6256 8.15
    endloop
  endfacet
  facet normal 0 0 1
    outer loop
      vertex 7.0508 17.6256 8.15
      vertex 10.5 18.1865 8.15
      vertex 9.28806 18.8343 8.15
    endloop
  endfacet
  facet normal 0 0 1
    outer loop
      vertex 7.0508 17.6256 8.15
      vertex 9.28806 18.8343 8.15
      vertex 8.03635 19.4015 8.15
    endloop
  endfacet
  facet normal 0 0 1
    outer loop
      vertex 10.5 18.1865 8.15
      vertex 7.0508 17.6256 8.15
      vertex 11.4021 17.6256 8.15
    endloop
  endfacet
  facet normal 0 0 1
    outer loop
      vertex 6.75023 19.8855 8.15
      vertex 7.0508 17.6256 8.15
      vertex 8.03635 19.4015 8.15
    endloop
  endfacet
  facet normal 0 0 1
    outer loop
      vertex 5.94663 17.5182 8.15
      vertex 7.0508 17.6256 8.15
      vertex 6.75023 19.8855 8.15
    endloop
  endfacet
  facet normal 0 0 1
    outer loop
      vertex 7.0508 17.6256 8.15
      vertex 5.94663 17.5182 8.15
      vertex 7.0508 17.1026 8.15
    endloop
  endfacet
  facet normal 0 0 1
    outer loop
      vertex 5.4352 20.2844 8.15
      vertex 5.94663 17.5182 8.15
      vertex 6.75023 19.8855 8.15
    endloop
  endfacet
  facet normal 0 0 1
    outer loop
      vertex 5.4352 20.2844 8.15
      vertex 4.78815 17.8696 8.15
      vertex 5.94663 17.5182 8.15
    endloop
  endfacet
  facet normal 0 0 1
    outer loop
      vertex 4.0969 20.5965 8.15
      vertex 4.78815 17.8696 8.15
      vertex 5.4352 20.2844 8.15
    endloop
  endfacet
  facet normal 0 0 1
    outer loop
      vertex 4.0969 20.5965 8.15
      vertex 3.60917 18.1445 8.15
      vertex 4.78815 17.8696 8.15
    endloop
  endfacet
  facet normal 0 0 1
    outer loop
      vertex 2.74105 20.8203 8.15
      vertex 3.60917 18.1445 8.15
      vertex 4.0969 20.5965 8.15
    endloop
  endfacet
  facet normal 0 0 1
    outer loop
      vertex 2.74105 20.8203 8.15
      vertex 2.41473 18.3417 8.15
      vertex 3.60917 18.1445 8.15
    endloop
  endfacet
  facet normal 0 0 1
    outer loop
      vertex 1.37347 20.955 8.15
      vertex 2.41473 18.3417 8.15
      vertex 2.74105 20.8203 8.15
    endloop
  endfacet
  facet normal 0 0 1
    outer loop
      vertex 1.37347 20.955 8.15
      vertex 1.20996 18.4604 8.15
      vertex 2.41473 18.3417 8.15
    endloop
  endfacet
  facet normal 0 0 1
    outer loop
      vertex 0 21 8.15
      vertex 1.20996 18.4604 8.15
      vertex 1.37347 20.955 8.15
    endloop
  endfacet
  facet normal 0 0 1
    outer loop
      vertex 0 21 8.15
      vertex 0 18.5 8.15
      vertex 1.20996 18.4604 8.15
    endloop
  endfacet
  facet normal 0 0 1
    outer loop
      vertex 0 21 8.15
      vertex -1.20996 18.4604 8.15
      vertex 0 18.5 8.15
    endloop
  endfacet
  facet normal -0 0 1
    outer loop
      vertex -1.37347 20.955 8.15
      vertex -1.20996 18.4604 8.15
      vertex 0 21 8.15
    endloop
  endfacet
  facet normal 0 0 1
    outer loop
      vertex -1.37347 20.955 8.15
      vertex -2.41473 18.3417 8.15
      vertex -1.20996 18.4604 8.15
    endloop
  endfacet
  facet normal -0 0 1
    outer loop
      vertex -2.74105 20.8203 8.15
      vertex -2.41473 18.3417 8.15
      vertex -1.37347 20.955 8.15
    endloop
  endfacet
  facet normal 0 0 1
    outer loop
      vertex -2.74105 20.8203 8.15
      vertex -3.60917 18.1445 8.15
      vertex -2.41473 18.3417 8.15
    endloop
  endfacet
  facet normal -0 0 1
    outer loop
      vertex -4.0969 20.5965 8.15
      vertex -3.60917 18.1445 8.15
      vertex -2.74105 20.8203 8.15
    endloop
  endfacet
  facet normal 0 0 1
    outer loop
      vertex -4.0969 20.5965 8.15
      vertex -4.78815 17.8696 8.15
      vertex -3.60917 18.1445 8.15
    endloop
  endfacet
  facet normal -0 0 1
    outer loop
      vertex -5.4352 20.2844 8.15
      vertex -4.78815 17.8696 8.15
      vertex -4.0969 20.5965 8.15
    endloop
  endfacet
  facet normal 0 0 1
    outer loop
      vertex -5.4352 20.2844 8.15
      vertex -5.94663 17.5182 8.15
      vertex -4.78815 17.8696 8.15
    endloop
  endfacet
  facet normal -0 0 1
    outer loop
      vertex -6.75023 19.8855 8.15
      vertex -5.94663 17.5182 8.15
      vertex -5.4352 20.2844 8.15
    endloop
  endfacet
  facet normal -0 0 1
    outer loop
      vertex -7.0508 17.6256 8.15
      vertex -5.94663 17.5182 8.15
      vertex -6.75023 19.8855 8.15
    endloop
  endfacet
  facet normal 0 0 1
    outer loop
      vertex -5.94663 17.5182 8.15
      vertex -7.0508 17.6256 8.15
      vertex -7.0508 17.1026 8.15
    endloop
  endfacet
  facet normal -0.0980314 0.995183 0
    outer loop
      vertex -1.30806 19.9572 0.6
      vertex -2.61052 19.8289 6.75
      vertex -1.30806 19.9572 6.75
    endloop
  endfacet
  facet normal -0.0980314 0.995183 0
    outer loop
      vertex -2.61052 19.8289 6.75
      vertex -1.30806 19.9572 0.6
      vertex -2.61052 19.8289 0.6
    endloop
  endfacet
  facet normal 0.0327027 0.999465 -0
    outer loop
      vertex 1.30806 19.9572 0.6
      vertex 0 20 6.75
      vertex 1.30806 19.9572 6.75
    endloop
  endfacet
  facet normal 0.0327027 0.999465 0
    outer loop
      vertex 0 20 6.75
      vertex 1.30806 19.9572 0.6
      vertex 0 20 0.6
    endloop
  endfacet
  facet normal 0.773003 0.634402 0
    outer loop
      vertex 15.8671 12.1752 6.75
      vertex 15.0368 13.1869 0.6
      vertex 15.0368 13.1869 6.75
    endloop
  endfacet
  facet normal 0.773003 0.634402 0
    outer loop
      vertex 15.0368 13.1869 0.6
      vertex 15.8671 12.1752 6.75
      vertex 15.8671 12.1752 0.6
    endloop
  endfacet
  facet normal 0.471424 0.881907 0
    outer loop
      vertex 10 17.3205 3
      vertex 10 17.3205 0.6
      vertex 9.42924 17.6256 3
    endloop
  endfacet
  facet normal 0.471431 0.881903 -0
    outer loop
      vertex 9.42924 17.6256 3
      vertex 8.84577 17.9375 6.75
      vertex 9.42924 17.6256 6.75
    endloop
  endfacet
  facet normal 0.471431 0.881903 0
    outer loop
      vertex 9.42924 17.6256 3
      vertex 8.84577 17.9375 0.6
      vertex 8.84577 17.9375 6.75
    endloop
  endfacet
  facet normal 0.471427 0.881905 1.06555e-06
    outer loop
      vertex 8.84577 17.9375 0.6
      vertex 9.42924 17.6256 3
      vertex 10 17.3205 0.6
    endloop
  endfacet
  facet normal 0.81285 -0.582474 0
    outer loop
      vertex 15.8671 -12.1752 6.75
      vertex 16.6294 -11.1114 0.6
      vertex 16.6294 -11.1114 6.75
    endloop
  endfacet
  facet normal 0.81285 -0.582474 0
    outer loop
      vertex 16.6294 -11.1114 0.6
      vertex 15.8671 -12.1752 6.75
      vertex 15.8671 -12.1752 0.6
    endloop
  endfacet
  facet normal 0.582474 -0.81285 0
    outer loop
      vertex 11.1114 -16.6294 0.6
      vertex 12.1752 -15.8671 6.75
      vertex 11.1114 -16.6294 6.75
    endloop
  endfacet
  facet normal 0.582474 -0.81285 0
    outer loop
      vertex 12.1752 -15.8671 6.75
      vertex 11.1114 -16.6294 0.6
      vertex 12.1752 -15.8671 0.6
    endloop
  endfacet
  facet normal 0.849207 0.528061 0
    outer loop
      vertex 17.3205 10 6.75
      vertex 16.6294 11.1114 0.6
      vertex 16.6294 11.1114 6.75
    endloop
  endfacet
  facet normal 0.849207 0.528061 0
    outer loop
      vertex 16.6294 11.1114 0.6
      vertex 17.3205 10 6.75
      vertex 17.3205 10 0.6
    endloop
  endfacet
  facet normal 0.162901 -0.986642 0
    outer loop
      vertex 2.61052 -19.8289 0.6
      vertex 3.90181 -19.6157 6.75
      vertex 2.61052 -19.8289 6.75
    endloop
  endfacet
  facet normal 0.162901 -0.986642 0
    outer loop
      vertex 3.90181 -19.6157 6.75
      vertex 2.61052 -19.8289 0.6
      vertex 3.90181 -19.6157 0.6
    endloop
  endfacet
  facet normal -0.290275 -0.956943 0
    outer loop
      vertex -6.42879 -18.9386 0.6
      vertex -5.17638 -19.3185 6.75
      vertex -6.42879 -18.9386 6.75
    endloop
  endfacet
  facet normal -0.290275 -0.956943 -0
    outer loop
      vertex -5.17638 -19.3185 6.75
      vertex -6.42879 -18.9386 0.6
      vertex -5.17638 -19.3185 0.6
    endloop
  endfacet
  facet normal 0.290275 0.956943 -0
    outer loop
      vertex 6.42879 18.9386 0.6
      vertex 5.17638 19.3185 6.75
      vertex 6.42879 18.9386 6.75
    endloop
  endfacet
  facet normal 0.290275 0.956943 0
    outer loop
      vertex 5.17638 19.3185 6.75
      vertex 6.42879 18.9386 0.6
      vertex 5.17638 19.3185 0.6
    endloop
  endfacet
  facet normal 0.729842 -0.683616 0
    outer loop
      vertex 14.1421 -14.1421 6.75
      vertex 15.0368 -13.1869 0.6
      vertex 15.0368 -13.1869 6.75
    endloop
  endfacet
  facet normal 0.729842 -0.683616 0
    outer loop
      vertex 15.0368 -13.1869 0.6
      vertex 14.1421 -14.1421 6.75
      vertex 14.1421 -14.1421 0.6
    endloop
  endfacet
  facet normal -0.729842 0.683616 0
    outer loop
      vertex -15.0368 13.1869 0.6
      vertex -14.1421 14.1421 6.75
      vertex -14.1421 14.1421 0.6
    endloop
  endfacet
  facet normal -0.729842 0.683616 0
    outer loop
      vertex -14.1421 14.1421 6.75
      vertex -15.0368 13.1869 0.6
      vertex -15.0368 13.1869 6.75
    endloop
  endfacet
  facet normal -0.582474 -0.81285 0
    outer loop
      vertex -12.1752 -15.8671 0.6
      vertex -11.1114 -16.6294 6.75
      vertex -12.1752 -15.8671 6.75
    endloop
  endfacet
  facet normal -0.582474 -0.81285 -0
    outer loop
      vertex -11.1114 -16.6294 6.75
      vertex -12.1752 -15.8671 0.6
      vertex -11.1114 -16.6294 0.6
    endloop
  endfacet
  facet normal 0.528061 0.849207 -0
    outer loop
      vertex 11.1114 16.6294 0.6
      vertex 10 17.3205 3
      vertex 11.1114 16.6294 3
    endloop
  endfacet
  facet normal 0.528061 0.849207 0
    outer loop
      vertex 10 17.3205 3
      vertex 11.1114 16.6294 0.6
      vertex 10 17.3205 0.6
    endloop
  endfacet
  facet normal 0.683616 -0.729842 0
    outer loop
      vertex 13.1869 -15.0368 0.6
      vertex 14.1421 -14.1421 6.75
      vertex 13.1869 -15.0368 6.75
    endloop
  endfacet
  facet normal 0.683616 -0.729842 0
    outer loop
      vertex 14.1421 -14.1421 6.75
      vertex 13.1869 -15.0368 0.6
      vertex 14.1421 -14.1421 0.6
    endloop
  endfacet
  facet normal -0.227085 0.973875 0
    outer loop
      vertex -3.90181 19.6157 0.6
      vertex -5.17638 19.3185 6.75
      vertex -3.90181 19.6157 6.75
    endloop
  endfacet
  facet normal -0.227085 0.973875 0
    outer loop
      vertex -5.17638 19.3185 6.75
      vertex -3.90181 19.6157 0.6
      vertex -5.17638 19.3185 0.6
    endloop
  endfacet
  facet normal -0.956943 0.290275 0
    outer loop
      vertex -19.3185 5.17638 0.6
      vertex -18.9386 6.42879 6.75
      vertex -18.9386 6.42879 0.6
    endloop
  endfacet
  facet normal -0.956943 0.290275 0
    outer loop
      vertex -18.9386 6.42879 6.75
      vertex -19.3185 5.17638 0.6
      vertex -19.3185 5.17638 6.75
    endloop
  endfacet
  facet normal 0.528061 -0.849207 0
    outer loop
      vertex 10 -17.3205 0.6
      vertex 11.1114 -16.6294 6.75
      vertex 10 -17.3205 6.75
    endloop
  endfacet
  facet normal 0.528061 -0.849207 0
    outer loop
      vertex 11.1114 -16.6294 6.75
      vertex 10 -17.3205 0.6
      vertex 11.1114 -16.6294 0.6
    endloop
  endfacet
  facet normal -0.683616 -0.729842 0
    outer loop
      vertex -14.1421 -14.1421 0.6
      vertex -13.1869 -15.0368 6.75
      vertex -14.1421 -14.1421 6.75
    endloop
  endfacet
  facet normal -0.683616 -0.729842 -0
    outer loop
      vertex -13.1869 -15.0368 6.75
      vertex -14.1421 -14.1421 0.6
      vertex -13.1869 -15.0368 0.6
    endloop
  endfacet
  facet normal -0.227085 -0.973875 0
    outer loop
      vertex -5.17638 -19.3185 0.6
      vertex -3.90181 -19.6157 6.75
      vertex -5.17638 -19.3185 6.75
    endloop
  endfacet
  facet normal -0.227085 -0.973875 -0
    outer loop
      vertex -3.90181 -19.6157 6.75
      vertex -5.17638 -19.3185 0.6
      vertex -3.90181 -19.6157 0.6
    endloop
  endfacet
  facet normal -0.881905 -0.471427 0
    outer loop
      vertex -17.3205 -10 0.6
      vertex -17.9375 -8.84577 6.75
      vertex -17.9375 -8.84577 0.6
    endloop
  endfacet
  facet normal -0.881905 -0.471427 0
    outer loop
      vertex -17.9375 -8.84577 6.75
      vertex -17.3205 -10 0.6
      vertex -17.3205 -10 6.75
    endloop
  endfacet
  facet normal -0.935909 0.352242 0
    outer loop
      vertex -18.9386 6.42879 0.6
      vertex -18.4776 7.65367 6.75
      vertex -18.4776 7.65367 0.6
    endloop
  endfacet
  facet normal -0.935909 0.352242 0
    outer loop
      vertex -18.4776 7.65367 6.75
      vertex -18.9386 6.42879 0.6
      vertex -18.9386 6.42879 6.75
    endloop
  endfacet
  facet normal 0.0980314 0.995183 -0
    outer loop
      vertex 2.61052 19.8289 0.6
      vertex 1.30806 19.9572 6.75
      vertex 2.61052 19.8289 6.75
    endloop
  endfacet
  facet normal 0.0980314 0.995183 0
    outer loop
      vertex 1.30806 19.9572 6.75
      vertex 2.61052 19.8289 0.6
      vertex 1.30806 19.9572 0.6
    endloop
  endfacet
  facet normal 0.986642 0.162901 0
    outer loop
      vertex 19.8289 2.61052 6.75
      vertex 19.6157 3.90181 0.6
      vertex 19.6157 3.90181 6.75
    endloop
  endfacet
  facet normal 0.986642 0.162901 0
    outer loop
      vertex 19.6157 3.90181 0.6
      vertex 19.8289 2.61052 6.75
      vertex 19.8289 2.61052 0.6
    endloop
  endfacet
  facet normal 0.995183 0.0980314 0
    outer loop
      vertex 19.9572 1.30806 6.75
      vertex 19.8289 2.61052 0.6
      vertex 19.8289 2.61052 6.75
    endloop
  endfacet
  facet normal 0.995183 0.0980314 0
    outer loop
      vertex 19.8289 2.61052 0.6
      vertex 19.9572 1.30806 6.75
      vertex 19.9572 1.30806 0.6
    endloop
  endfacet
  facet normal -0.634402 -0.773003 0
    outer loop
      vertex -13.1869 -15.0368 0.6
      vertex -12.1752 -15.8671 6.75
      vertex -13.1869 -15.0368 6.75
    endloop
  endfacet
  facet normal -0.634402 -0.773003 -0
    outer loop
      vertex -12.1752 -15.8671 6.75
      vertex -13.1869 -15.0368 0.6
      vertex -12.1752 -15.8671 0.6
    endloop
  endfacet
  facet normal 0.881905 -0.471427 0
    outer loop
      vertex 17.3205 -10 6.75
      vertex 17.9375 -8.84577 0.6
      vertex 17.9375 -8.84577 6.75
    endloop
  endfacet
  facet normal 0.881905 -0.471427 0
    outer loop
      vertex 17.9375 -8.84577 0.6
      vertex 17.3205 -10 6.75
      vertex 17.3205 -10 0.6
    endloop
  endfacet
  facet normal -0.81285 -0.582474 0
    outer loop
      vertex -15.8671 -12.1752 0.6
      vertex -16.6294 -11.1114 6.75
      vertex -16.6294 -11.1114 0.6
    endloop
  endfacet
  facet normal -0.81285 -0.582474 0
    outer loop
      vertex -16.6294 -11.1114 6.75
      vertex -15.8671 -12.1752 0.6
      vertex -15.8671 -12.1752 6.75
    endloop
  endfacet
  facet normal 0.973875 -0.227085 0
    outer loop
      vertex 19.3185 -5.17638 6.75
      vertex 19.6157 -3.90181 0.6
      vertex 19.6157 -3.90181 6.75
    endloop
  endfacet
  facet normal 0.973875 -0.227085 0
    outer loop
      vertex 19.6157 -3.90181 0.6
      vertex 19.3185 -5.17638 6.75
      vertex 19.3185 -5.17638 0.6
    endloop
  endfacet
  facet normal 0.956943 0.290275 0
    outer loop
      vertex 19.3185 5.17638 6.75
      vertex 18.9386 6.42879 0.6
      vertex 18.9386 6.42879 6.75
    endloop
  endfacet
  facet normal 0.956943 0.290275 0
    outer loop
      vertex 18.9386 6.42879 0.6
      vertex 19.3185 5.17638 6.75
      vertex 19.3185 5.17638 0.6
    endloop
  endfacet
  facet normal 0.849207 -0.528061 0
    outer loop
      vertex 16.6294 -11.1114 6.75
      vertex 17.3205 -10 0.6
      vertex 17.3205 -10 6.75
    endloop
  endfacet
  facet normal 0.849207 -0.528061 0
    outer loop
      vertex 17.3205 -10 0.6
      vertex 16.6294 -11.1114 6.75
      vertex 16.6294 -11.1114 0.6
    endloop
  endfacet
  facet normal 0.935909 -0.352242 0
    outer loop
      vertex 18.4776 -7.65367 6.75
      vertex 18.9386 -6.42879 0.6
      vertex 18.9386 -6.42879 6.75
    endloop
  endfacet
  facet normal 0.935909 -0.352242 0
    outer loop
      vertex 18.9386 -6.42879 0.6
      vertex 18.4776 -7.65367 6.75
      vertex 18.4776 -7.65367 0.6
    endloop
  endfacet
  facet normal 0.956943 -0.290275 0
    outer loop
      vertex 18.9386 -6.42879 6.75
      vertex 19.3185 -5.17638 0.6
      vertex 19.3185 -5.17638 6.75
    endloop
  endfacet
  facet normal 0.956943 -0.290275 0
    outer loop
      vertex 19.3185 -5.17638 0.6
      vertex 18.9386 -6.42879 6.75
      vertex 18.9386 -6.42879 0.6
    endloop
  endfacet
  facet normal 0.683616 0.729842 -0
    outer loop
      vertex 14.1421 14.1421 0.6
      vertex 13.1869 15.0368 6.75
      vertex 14.1421 14.1421 6.75
    endloop
  endfacet
  facet normal 0.683616 0.729842 0
    outer loop
      vertex 13.1869 15.0368 6.75
      vertex 14.1421 14.1421 0.6
      vertex 13.1869 15.0368 0.6
    endloop
  endfacet
  facet normal 0.81285 0.582474 0
    outer loop
      vertex 16.6294 11.1114 6.75
      vertex 15.8671 12.1752 0.6
      vertex 15.8671 12.1752 6.75
    endloop
  endfacet
  facet normal 0.81285 0.582474 0
    outer loop
      vertex 15.8671 12.1752 0.6
      vertex 16.6294 11.1114 6.75
      vertex 16.6294 11.1114 0.6
    endloop
  endfacet
  facet normal 0.881905 0.471427 0
    outer loop
      vertex 17.9375 8.84577 6.75
      vertex 17.3205 10 0.6
      vertex 17.3205 10 6.75
    endloop
  endfacet
  facet normal 0.881905 0.471427 0
    outer loop
      vertex 17.3205 10 0.6
      vertex 17.9375 8.84577 6.75
      vertex 17.9375 8.84577 0.6
    endloop
  endfacet
  facet normal 0.773003 -0.634402 0
    outer loop
      vertex 15.0368 -13.1869 6.75
      vertex 15.8671 -12.1752 0.6
      vertex 15.8671 -12.1752 6.75
    endloop
  endfacet
  facet normal 0.773003 -0.634402 0
    outer loop
      vertex 15.8671 -12.1752 0.6
      vertex 15.0368 -13.1869 6.75
      vertex 15.0368 -13.1869 0.6
    endloop
  endfacet
  facet normal 0.227085 0.973875 -0
    outer loop
      vertex 5.17638 19.3185 0.6
      vertex 3.90181 19.6157 6.75
      vertex 5.17638 19.3185 6.75
    endloop
  endfacet
  facet normal 0.227085 0.973875 0
    outer loop
      vertex 3.90181 19.6157 6.75
      vertex 5.17638 19.3185 0.6
      vertex 3.90181 19.6157 0.6
    endloop
  endfacet
  facet normal -0.162901 0.986642 0
    outer loop
      vertex -2.61052 19.8289 0.6
      vertex -3.90181 19.6157 6.75
      vertex -2.61052 19.8289 6.75
    endloop
  endfacet
  facet normal -0.162901 0.986642 0
    outer loop
      vertex -3.90181 19.6157 6.75
      vertex -2.61052 19.8289 0.6
      vertex -3.90181 19.6157 0.6
    endloop
  endfacet
  facet normal -0.995183 -0.0980314 0
    outer loop
      vertex -19.8289 -2.61052 0.6
      vertex -19.9572 -1.30806 6.75
      vertex -19.9572 -1.30806 0.6
    endloop
  endfacet
  facet normal -0.995183 -0.0980314 0
    outer loop
      vertex -19.9572 -1.30806 6.75
      vertex -19.8289 -2.61052 0.6
      vertex -19.8289 -2.61052 6.75
    endloop
  endfacet
  facet normal 0.412686 -0.910873 0
    outer loop
      vertex 7.65367 -18.4776 0.6
      vertex 8.84577 -17.9375 6.75
      vertex 7.65367 -18.4776 6.75
    endloop
  endfacet
  facet normal 0.412686 -0.910873 0
    outer loop
      vertex 8.84577 -17.9375 6.75
      vertex 7.65367 -18.4776 0.6
      vertex 8.84577 -17.9375 0.6
    endloop
  endfacet
  facet normal -0.81285 0.582474 0
    outer loop
      vertex -16.6294 11.1114 0.6
      vertex -15.8671 12.1752 6.75
      vertex -15.8671 12.1752 0.6
    endloop
  endfacet
  facet normal -0.81285 0.582474 0
    outer loop
      vertex -15.8671 12.1752 6.75
      vertex -16.6294 11.1114 0.6
      vertex -16.6294 11.1114 6.75
    endloop
  endfacet
  facet normal -0.528061 -0.849207 0
    outer loop
      vertex -11.1114 -16.6294 0.6
      vertex -10 -17.3205 6.75
      vertex -11.1114 -16.6294 6.75
    endloop
  endfacet
  facet normal -0.528061 -0.849207 -0
    outer loop
      vertex -10 -17.3205 6.75
      vertex -11.1114 -16.6294 0.6
      vertex -10 -17.3205 0.6
    endloop
  endfacet
  facet normal -0.935909 -0.352242 0
    outer loop
      vertex -18.4776 -7.65367 0.6
      vertex -18.9386 -6.42879 6.75
      vertex -18.9386 -6.42879 0.6
    endloop
  endfacet
  facet normal -0.935909 -0.352242 0
    outer loop
      vertex -18.9386 -6.42879 6.75
      vertex -18.4776 -7.65367 0.6
      vertex -18.4776 -7.65367 6.75
    endloop
  endfacet
  facet normal -0.0327027 -0.999465 0
    outer loop
      vertex -1.30806 -19.9572 0.6
      vertex 0 -20 6.75
      vertex -1.30806 -19.9572 6.75
    endloop
  endfacet
  facet normal -0.0327027 -0.999465 -0
    outer loop
      vertex 0 -20 6.75
      vertex -1.30806 -19.9572 0.6
      vertex 0 -20 0.6
    endloop
  endfacet
  facet normal -0.849207 0.528061 0
    outer loop
      vertex -17.3205 10 0.6
      vertex -16.6294 11.1114 6.75
      vertex -16.6294 11.1114 0.6
    endloop
  endfacet
  facet normal -0.849207 0.528061 0
    outer loop
      vertex -16.6294 11.1114 6.75
      vertex -17.3205 10 0.6
      vertex -17.3205 10 6.75
    endloop
  endfacet
  facet normal -0.999465 0.0327027 0
    outer loop
      vertex -20 0 0.6
      vertex -19.9572 1.30806 6.75
      vertex -19.9572 1.30806 0.6
    endloop
  endfacet
  facet normal -0.999465 0.0327027 0
    outer loop
      vertex -19.9572 1.30806 6.75
      vertex -20 0 0.6
      vertex -20 0 6.75
    endloop
  endfacet
  facet normal -0.290275 0.956943 0
    outer loop
      vertex -5.17638 19.3185 0.6
      vertex -6.42879 18.9386 6.75
      vertex -5.17638 19.3185 6.75
    endloop
  endfacet
  facet normal -0.290275 0.956943 0
    outer loop
      vertex -6.42879 18.9386 6.75
      vertex -5.17638 19.3185 0.6
      vertex -6.42879 18.9386 0.6
    endloop
  endfacet
  facet normal 0.999465 0.0327027 0
    outer loop
      vertex 20 0 6.75
      vertex 19.9572 1.30806 0.6
      vertex 19.9572 1.30806 6.75
    endloop
  endfacet
  facet normal 0.999465 0.0327027 0
    outer loop
      vertex 19.9572 1.30806 0.6
      vertex 20 0 6.75
      vertex 20 0 0.6
    endloop
  endfacet
  facet normal 0.910873 0.412686 0
    outer loop
      vertex 18.4776 7.65367 6.75
      vertex 17.9375 8.84577 0.6
      vertex 17.9375 8.84577 6.75
    endloop
  endfacet
  facet normal 0.910873 0.412686 0
    outer loop
      vertex 17.9375 8.84577 0.6
      vertex 18.4776 7.65367 6.75
      vertex 18.4776 7.65367 0.6
    endloop
  endfacet
  facet normal 0.973875 0.227085 0
    outer loop
      vertex 19.6157 3.90181 6.75
      vertex 19.3185 5.17638 0.6
      vertex 19.3185 5.17638 6.75
    endloop
  endfacet
  facet normal 0.973875 0.227085 0
    outer loop
      vertex 19.3185 5.17638 0.6
      vertex 19.6157 3.90181 6.75
      vertex 19.6157 3.90181 0.6
    endloop
  endfacet
  facet normal -0.995183 0.0980314 0
    outer loop
      vertex -19.9572 1.30806 0.6
      vertex -19.8289 2.61052 6.75
      vertex -19.8289 2.61052 0.6
    endloop
  endfacet
  facet normal -0.995183 0.0980314 0
    outer loop
      vertex -19.8289 2.61052 6.75
      vertex -19.9572 1.30806 0.6
      vertex -19.9572 1.30806 6.75
    endloop
  endfacet
  facet normal -0.986642 0.162901 0
    outer loop
      vertex -19.8289 2.61052 0.6
      vertex -19.6157 3.90181 6.75
      vertex -19.6157 3.90181 0.6
    endloop
  endfacet
  facet normal -0.986642 0.162901 0
    outer loop
      vertex -19.6157 3.90181 6.75
      vertex -19.8289 2.61052 0.6
      vertex -19.8289 2.61052 6.75
    endloop
  endfacet
  facet normal 0.352242 0.935909 -0
    outer loop
      vertex 7.65367 18.4776 0.6
      vertex 6.42879 18.9386 6.75
      vertex 7.65367 18.4776 6.75
    endloop
  endfacet
  facet normal 0.352242 0.935909 0
    outer loop
      vertex 6.42879 18.9386 6.75
      vertex 7.65367 18.4776 0.6
      vertex 6.42879 18.9386 0.6
    endloop
  endfacet
  facet normal -0.0980314 -0.995183 0
    outer loop
      vertex -2.61052 -19.8289 0.6
      vertex -1.30806 -19.9572 6.75
      vertex -2.61052 -19.8289 6.75
    endloop
  endfacet
  facet normal -0.0980314 -0.995183 -0
    outer loop
      vertex -1.30806 -19.9572 6.75
      vertex -2.61052 -19.8289 0.6
      vertex -1.30806 -19.9572 0.6
    endloop
  endfacet
  facet normal 0.352242 -0.935909 0
    outer loop
      vertex 6.42879 -18.9386 0.6
      vertex 7.65367 -18.4776 6.75
      vertex 6.42879 -18.9386 6.75
    endloop
  endfacet
  facet normal 0.352242 -0.935909 0
    outer loop
      vertex 7.65367 -18.4776 6.75
      vertex 6.42879 -18.9386 0.6
      vertex 7.65367 -18.4776 0.6
    endloop
  endfacet
  facet normal 0.0327027 -0.999465 0
    outer loop
      vertex 0 -20 0.6
      vertex 1.30806 -19.9572 6.75
      vertex 0 -20 6.75
    endloop
  endfacet
  facet normal 0.0327027 -0.999465 0
    outer loop
      vertex 1.30806 -19.9572 6.75
      vertex 0 -20 0.6
      vertex 1.30806 -19.9572 0.6
    endloop
  endfacet
  facet normal 0.634392 0.773011 0.000140115
    outer loop
      vertex 13.1869 15.0368 6.75
      vertex 12.9508 15.2306 6.53887
      vertex 12.4508 15.6409 6.75
    endloop
  endfacet
  facet normal 0.634467 0.77295 0
    outer loop
      vertex 13.1869 15.0368 6.75
      vertex 12.9508 15.2306 5.06113
      vertex 12.9508 15.2306 6.53887
    endloop
  endfacet
  facet normal 0.634467 0.77295 -0
    outer loop
      vertex 13.1869 15.0368 0.6
      vertex 12.9508 15.2306 5.06113
      vertex 13.1869 15.0368 6.75
    endloop
  endfacet
  facet normal 0.634377 0.773024 -8.01417e-06
    outer loop
      vertex 13.1869 15.0368 0.6
      vertex 12.4508 15.6409 3
      vertex 12.9508 15.2306 5.06113
    endloop
  endfacet
  facet normal 0.634402 0.773003 5.04919e-06
    outer loop
      vertex 12.1752 15.8671 0.6
      vertex 12.4508 15.6409 3
      vertex 13.1869 15.0368 0.6
    endloop
  endfacet
  facet normal 0.634428 0.772982 0
    outer loop
      vertex 12.4508 15.6409 3
      vertex 12.1752 15.8671 0.6
      vertex 12.1752 15.8671 3
    endloop
  endfacet
  facet normal 0.634374 0.773026 6.86434e-05
    outer loop
      vertex 12.9017 15.2709 6.46343
      vertex 12.4508 15.6409 6.75
      vertex 12.9508 15.2306 6.53887
    endloop
  endfacet
  facet normal 0.634259 0.773121 -0.000234916
    outer loop
      vertex 12.8523 15.3114 6.37403
      vertex 12.4508 15.6409 6.75
      vertex 12.9017 15.2709 6.46343
    endloop
  endfacet
  facet normal 0.634554 0.772878 0.000292501
    outer loop
      vertex 12.8102 15.346 6.28216
      vertex 12.4508 15.6409 6.75
      vertex 12.8523 15.3114 6.37403
    endloop
  endfacet
  facet normal 0.634445 0.772968 0.000152607
    outer loop
      vertex 12.7755 15.3745 6.18823
      vertex 12.4508 15.6409 6.75
      vertex 12.8102 15.346 6.28216
    endloop
  endfacet
  facet normal 0.634196 0.773172 -8.79701e-05
    outer loop
      vertex 12.7483 15.3968 6.09264
      vertex 12.4508 15.6409 6.75
      vertex 12.7755 15.3745 6.18823
    endloop
  endfacet
  facet normal 0.634314 0.773076 9.28477e-07
    outer loop
      vertex 12.7288 15.4128 5.99579
      vertex 12.4508 15.6409 6.75
      vertex 12.7483 15.3968 6.09264
    endloop
  endfacet
  facet normal 0.634313 0.773076 6.44601e-07
    outer loop
      vertex 12.7171 15.4224 5.89811
      vertex 12.4508 15.6409 6.75
      vertex 12.7288 15.4128 5.99579
    endloop
  endfacet
  facet normal 0.634313 0.773077 2.62513e-07
    outer loop
      vertex 12.7132 15.4256 5.8
      vertex 12.4508 15.6409 6.75
      vertex 12.7171 15.4224 5.89811
    endloop
  endfacet
  facet normal 0.634311 0.773078 -3.50818e-07
    outer loop
      vertex 12.7171 15.4224 5.7019
      vertex 12.4508 15.6409 6.75
      vertex 12.7132 15.4256 5.8
    endloop
  endfacet
  facet normal 0.634308 0.77308 -1.68647e-06
    outer loop
      vertex 12.7288 15.4128 5.60421
      vertex 12.4508 15.6409 6.75
      vertex 12.7171 15.4224 5.7019
    endloop
  endfacet
  facet normal 0.634315 0.773075 -4.97451e-07
    outer loop
      vertex 12.4508 15.6409 3
      vertex 12.7288 15.4128 5.60421
      vertex 12.7483 15.3968 5.50737
    endloop
  endfacet
  facet normal 0.634312 0.773077 0
    outer loop
      vertex 12.7288 15.4128 5.60421
      vertex 12.4508 15.6409 3
      vertex 12.4508 15.6409 6.75
    endloop
  endfacet
  facet normal 0.6341 0.773251 4.21665e-05
    outer loop
      vertex 12.7755 15.3745 5.41177
      vertex 12.4508 15.6409 3
      vertex 12.7483 15.3968 5.50737
    endloop
  endfacet
  facet normal 0.634584 0.772854 -6.6803e-05
    outer loop
      vertex 12.8102 15.346 5.31784
      vertex 12.4508 15.6409 3
      vertex 12.7755 15.3745 5.41177
    endloop
  endfacet
  facet normal 0.634781 0.772692 -0.000118038
    outer loop
      vertex 12.8523 15.3114 5.22598
      vertex 12.4508 15.6409 3
      vertex 12.8102 15.346 5.31784
    endloop
  endfacet
  facet normal 0.6341 0.773251 8.7736e-05
    outer loop
      vertex 12.9017 15.2709 5.13657
      vertex 12.4508 15.6409 3
      vertex 12.8523 15.3114 5.22598
    endloop
  endfacet
  facet normal 0.634415 0.772992 -2.37593e-05
    outer loop
      vertex 12.4508 15.6409 3
      vertex 12.9017 15.2709 5.13657
      vertex 12.9508 15.2306 5.06113
    endloop
  endfacet
  facet normal 0.729842 0.683616 0
    outer loop
      vertex 15.0368 13.1869 6.75
      vertex 14.1421 14.1421 0.6
      vertex 14.1421 14.1421 6.75
    endloop
  endfacet
  facet normal 0.729842 0.683616 0
    outer loop
      vertex 14.1421 14.1421 0.6
      vertex 15.0368 13.1869 6.75
      vertex 15.0368 13.1869 0.6
    endloop
  endfacet
  facet normal -0.412686 -0.910873 0
    outer loop
      vertex -8.84577 -17.9375 0.6
      vertex -7.65367 -18.4776 6.75
      vertex -8.84577 -17.9375 6.75
    endloop
  endfacet
  facet normal -0.412686 -0.910873 -0
    outer loop
      vertex -7.65367 -18.4776 6.75
      vertex -8.84577 -17.9375 0.6
      vertex -7.65367 -18.4776 0.6
    endloop
  endfacet
  facet normal 0.935909 0.352242 0
    outer loop
      vertex 18.9386 6.42879 6.75
      vertex 18.4776 7.65367 0.6
      vertex 18.4776 7.65367 6.75
    endloop
  endfacet
  facet normal 0.935909 0.352242 0
    outer loop
      vertex 18.4776 7.65367 0.6
      vertex 18.9386 6.42879 6.75
      vertex 18.9386 6.42879 0.6
    endloop
  endfacet
  facet normal -0.881905 0.471427 0
    outer loop
      vertex -17.9375 8.84577 0.6
      vertex -17.3205 10 6.75
      vertex -17.3205 10 0.6
    endloop
  endfacet
  facet normal -0.881905 0.471427 0
    outer loop
      vertex -17.3205 10 6.75
      vertex -17.9375 8.84577 0.6
      vertex -17.9375 8.84577 6.75
    endloop
  endfacet
  facet normal 0.634402 -0.773003 0
    outer loop
      vertex 12.1752 -15.8671 0.6
      vertex 13.1869 -15.0368 6.75
      vertex 12.1752 -15.8671 6.75
    endloop
  endfacet
  facet normal 0.634402 -0.773003 0
    outer loop
      vertex 13.1869 -15.0368 6.75
      vertex 12.1752 -15.8671 0.6
      vertex 13.1869 -15.0368 0.6
    endloop
  endfacet
  facet normal -0.528061 0.849207 0
    outer loop
      vertex -10 17.3205 0.6
      vertex -11.1114 16.6294 3
      vertex -10 17.3205 3
    endloop
  endfacet
  facet normal -0.528061 0.849207 0
    outer loop
      vertex -11.1114 16.6294 3
      vertex -10 17.3205 0.6
      vertex -11.1114 16.6294 0.6
    endloop
  endfacet
  facet normal -0.973875 0.227085 0
    outer loop
      vertex -19.6157 3.90181 0.6
      vertex -19.3185 5.17638 6.75
      vertex -19.3185 5.17638 0.6
    endloop
  endfacet
  facet normal -0.973875 0.227085 0
    outer loop
      vertex -19.3185 5.17638 6.75
      vertex -19.6157 3.90181 0.6
      vertex -19.6157 3.90181 6.75
    endloop
  endfacet
  facet normal -0.162901 -0.986642 0
    outer loop
      vertex -3.90181 -19.6157 0.6
      vertex -2.61052 -19.8289 6.75
      vertex -3.90181 -19.6157 6.75
    endloop
  endfacet
  facet normal -0.162901 -0.986642 -0
    outer loop
      vertex -2.61052 -19.8289 6.75
      vertex -3.90181 -19.6157 0.6
      vertex -2.61052 -19.8289 0.6
    endloop
  endfacet
  facet normal -0.773003 -0.634402 0
    outer loop
      vertex -15.0368 -13.1869 0.6
      vertex -15.8671 -12.1752 6.75
      vertex -15.8671 -12.1752 0.6
    endloop
  endfacet
  facet normal -0.773003 -0.634402 0
    outer loop
      vertex -15.8671 -12.1752 6.75
      vertex -15.0368 -13.1869 0.6
      vertex -15.0368 -13.1869 6.75
    endloop
  endfacet
  facet normal -0.986642 -0.162901 0
    outer loop
      vertex -19.6157 -3.90181 0.6
      vertex -19.8289 -2.61052 6.75
      vertex -19.8289 -2.61052 0.6
    endloop
  endfacet
  facet normal -0.986642 -0.162901 0
    outer loop
      vertex -19.8289 -2.61052 6.75
      vertex -19.6157 -3.90181 0.6
      vertex -19.6157 -3.90181 6.75
    endloop
  endfacet
  facet normal 0.0980314 -0.995183 0
    outer loop
      vertex 1.30806 -19.9572 0.6
      vertex 2.61052 -19.8289 6.75
      vertex 1.30806 -19.9572 6.75
    endloop
  endfacet
  facet normal 0.0980314 -0.995183 0
    outer loop
      vertex 2.61052 -19.8289 6.75
      vertex 1.30806 -19.9572 0.6
      vertex 2.61052 -19.8289 0.6
    endloop
  endfacet
  facet normal 0.162901 0.986642 -0
    outer loop
      vertex 3.90181 19.6157 0.6
      vertex 2.61052 19.8289 6.75
      vertex 3.90181 19.6157 6.75
    endloop
  endfacet
  facet normal 0.162901 0.986642 0
    outer loop
      vertex 2.61052 19.8289 6.75
      vertex 3.90181 19.6157 0.6
      vertex 2.61052 19.8289 0.6
    endloop
  endfacet
  facet normal -0.412686 0.910873 0
    outer loop
      vertex -7.65367 18.4776 0.6
      vertex -8.84577 17.9375 6.75
      vertex -7.65367 18.4776 6.75
    endloop
  endfacet
  facet normal -0.412686 0.910873 0
    outer loop
      vertex -8.84577 17.9375 6.75
      vertex -7.65367 18.4776 0.6
      vertex -8.84577 17.9375 0.6
    endloop
  endfacet
  facet normal -0.999465 -0.0327027 0
    outer loop
      vertex -19.9572 -1.30806 0.6
      vertex -20 0 6.75
      vertex -20 0 0.6
    endloop
  endfacet
  facet normal -0.999465 -0.0327027 0
    outer loop
      vertex -20 0 6.75
      vertex -19.9572 -1.30806 0.6
      vertex -19.9572 -1.30806 6.75
    endloop
  endfacet
  facet normal -0.352242 0.935909 0
    outer loop
      vertex -6.42879 18.9386 0.6
      vertex -7.65367 18.4776 6.75
      vertex -6.42879 18.9386 6.75
    endloop
  endfacet
  facet normal -0.352242 0.935909 0
    outer loop
      vertex -7.65367 18.4776 6.75
      vertex -6.42879 18.9386 0.6
      vertex -7.65367 18.4776 0.6
    endloop
  endfacet
  facet normal -0.683616 0.729842 0
    outer loop
      vertex -13.1869 15.0368 0.6
      vertex -14.1421 14.1421 6.75
      vertex -13.1869 15.0368 6.75
    endloop
  endfacet
  facet normal -0.683616 0.729842 0
    outer loop
      vertex -14.1421 14.1421 6.75
      vertex -13.1869 15.0368 0.6
      vertex -14.1421 14.1421 0.6
    endloop
  endfacet
  facet normal 0.412686 0.910873 -0
    outer loop
      vertex 8.84577 17.9375 0.6
      vertex 7.65367 18.4776 6.75
      vertex 8.84577 17.9375 6.75
    endloop
  endfacet
  facet normal 0.412686 0.910873 0
    outer loop
      vertex 7.65367 18.4776 6.75
      vertex 8.84577 17.9375 0.6
      vertex 7.65367 18.4776 0.6
    endloop
  endfacet
  facet normal -0.956943 -0.290275 0
    outer loop
      vertex -18.9386 -6.42879 0.6
      vertex -19.3185 -5.17638 6.75
      vertex -19.3185 -5.17638 0.6
    endloop
  endfacet
  facet normal -0.956943 -0.290275 0
    outer loop
      vertex -19.3185 -5.17638 6.75
      vertex -18.9386 -6.42879 0.6
      vertex -18.9386 -6.42879 6.75
    endloop
  endfacet
  facet normal -0.773003 0.634402 0
    outer loop
      vertex -15.8671 12.1752 0.6
      vertex -15.0368 13.1869 6.75
      vertex -15.0368 13.1869 0.6
    endloop
  endfacet
  facet normal -0.773003 0.634402 0
    outer loop
      vertex -15.0368 13.1869 6.75
      vertex -15.8671 12.1752 0.6
      vertex -15.8671 12.1752 6.75
    endloop
  endfacet
  facet normal -0.0327027 0.999465 0
    outer loop
      vertex 0 20 0.6
      vertex -1.30806 19.9572 6.75
      vertex 0 20 6.75
    endloop
  endfacet
  facet normal -0.0327027 0.999465 0
    outer loop
      vertex -1.30806 19.9572 6.75
      vertex 0 20 0.6
      vertex -1.30806 19.9572 0.6
    endloop
  endfacet
  facet normal 0.582474 0.81285 -0
    outer loop
      vertex 12.1752 15.8671 0.6
      vertex 11.1114 16.6294 3
      vertex 12.1752 15.8671 3
    endloop
  endfacet
  facet normal 0.582474 0.81285 0
    outer loop
      vertex 11.1114 16.6294 3
      vertex 12.1752 15.8671 0.6
      vertex 11.1114 16.6294 0.6
    endloop
  endfacet
  facet normal -0.634428 0.772982 0
    outer loop
      vertex -12.1752 15.8671 3
      vertex -12.1752 15.8671 0.6
      vertex -12.4508 15.6409 3
    endloop
  endfacet
  facet normal -0.634392 0.773011 0.000140115
    outer loop
      vertex -12.4508 15.6409 6.75
      vertex -12.9508 15.2306 6.53887
      vertex -13.1869 15.0368 6.75
    endloop
  endfacet
  facet normal -0.634374 0.773026 6.86434e-05
    outer loop
      vertex -12.4508 15.6409 6.75
      vertex -12.9017 15.2709 6.46343
      vertex -12.9508 15.2306 6.53887
    endloop
  endfacet
  facet normal -0.634259 0.773121 -0.000234916
    outer loop
      vertex -12.4508 15.6409 6.75
      vertex -12.8523 15.3114 6.37403
      vertex -12.9017 15.2709 6.46343
    endloop
  endfacet
  facet normal -0.634554 0.772878 0.000292501
    outer loop
      vertex -12.4508 15.6409 6.75
      vertex -12.8102 15.346 6.28216
      vertex -12.8523 15.3114 6.37403
    endloop
  endfacet
  facet normal -0.634445 0.772968 0.000152607
    outer loop
      vertex -12.4508 15.6409 6.75
      vertex -12.7755 15.3745 6.18823
      vertex -12.8102 15.346 6.28216
    endloop
  endfacet
  facet normal -0.634196 0.773172 -8.79701e-05
    outer loop
      vertex -12.4508 15.6409 6.75
      vertex -12.7483 15.3968 6.09264
      vertex -12.7755 15.3745 6.18823
    endloop
  endfacet
  facet normal -0.634314 0.773076 9.28477e-07
    outer loop
      vertex -12.4508 15.6409 6.75
      vertex -12.7288 15.4128 5.99579
      vertex -12.7483 15.3968 6.09264
    endloop
  endfacet
  facet normal -0.634313 0.773076 6.44601e-07
    outer loop
      vertex -12.4508 15.6409 6.75
      vertex -12.7171 15.4224 5.89811
      vertex -12.7288 15.4128 5.99579
    endloop
  endfacet
  facet normal -0.634313 0.773077 2.62513e-07
    outer loop
      vertex -12.4508 15.6409 6.75
      vertex -12.7132 15.4256 5.8
      vertex -12.7171 15.4224 5.89811
    endloop
  endfacet
  facet normal -0.634311 0.773078 -3.50818e-07
    outer loop
      vertex -12.4508 15.6409 6.75
      vertex -12.7171 15.4224 5.7019
      vertex -12.7132 15.4256 5.8
    endloop
  endfacet
  facet normal -0.634308 0.77308 -1.68647e-06
    outer loop
      vertex -12.4508 15.6409 6.75
      vertex -12.7288 15.4128 5.60421
      vertex -12.7171 15.4224 5.7019
    endloop
  endfacet
  facet normal -0.634312 0.773077 0
    outer loop
      vertex -12.4508 15.6409 3
      vertex -12.7288 15.4128 5.60421
      vertex -12.4508 15.6409 6.75
    endloop
  endfacet
  facet normal -0.634415 0.772992 -2.37593e-05
    outer loop
      vertex -12.9017 15.2709 5.13657
      vertex -12.4508 15.6409 3
      vertex -12.9508 15.2306 5.06113
    endloop
  endfacet
  facet normal -0.6341 0.773251 8.7736e-05
    outer loop
      vertex -12.8523 15.3114 5.22598
      vertex -12.4508 15.6409 3
      vertex -12.9017 15.2709 5.13657
    endloop
  endfacet
  facet normal -0.634781 0.772692 -0.000118038
    outer loop
      vertex -12.8102 15.346 5.31784
      vertex -12.4508 15.6409 3
      vertex -12.8523 15.3114 5.22598
    endloop
  endfacet
  facet normal -0.634584 0.772854 -6.6803e-05
    outer loop
      vertex -12.7755 15.3745 5.41177
      vertex -12.4508 15.6409 3
      vertex -12.8102 15.346 5.31784
    endloop
  endfacet
  facet normal -0.6341 0.773251 4.21665e-05
    outer loop
      vertex -12.7483 15.3968 5.50737
      vertex -12.4508 15.6409 3
      vertex -12.7755 15.3745 5.41177
    endloop
  endfacet
  facet normal -0.634315 0.773075 -4.97451e-07
    outer loop
      vertex -12.7288 15.4128 5.60421
      vertex -12.4508 15.6409 3
      vertex -12.7483 15.3968 5.50737
    endloop
  endfacet
  facet normal -0.634467 0.77295 0
    outer loop
      vertex -12.9508 15.2306 5.06113
      vertex -13.1869 15.0368 6.75
      vertex -12.9508 15.2306 6.53887
    endloop
  endfacet
  facet normal -0.634402 0.773003 5.04919e-06
    outer loop
      vertex -13.1869 15.0368 0.6
      vertex -12.4508 15.6409 3
      vertex -12.1752 15.8671 0.6
    endloop
  endfacet
  facet normal -0.634467 0.77295 0
    outer loop
      vertex -12.9508 15.2306 5.06113
      vertex -13.1869 15.0368 0.6
      vertex -13.1869 15.0368 6.75
    endloop
  endfacet
  facet normal -0.634377 0.773024 -8.01417e-06
    outer loop
      vertex -12.4508 15.6409 3
      vertex -13.1869 15.0368 0.6
      vertex -12.9508 15.2306 5.06113
    endloop
  endfacet
  facet normal 0.290275 -0.956943 0
    outer loop
      vertex 5.17638 -19.3185 0.6
      vertex 6.42879 -18.9386 6.75
      vertex 5.17638 -19.3185 6.75
    endloop
  endfacet
  facet normal 0.290275 -0.956943 0
    outer loop
      vertex 6.42879 -18.9386 6.75
      vertex 5.17638 -19.3185 0.6
      vertex 6.42879 -18.9386 0.6
    endloop
  endfacet
  facet normal -0.910873 0.412686 0
    outer loop
      vertex -18.4776 7.65367 0.6
      vertex -17.9375 8.84577 6.75
      vertex -17.9375 8.84577 0.6
    endloop
  endfacet
  facet normal -0.910873 0.412686 0
    outer loop
      vertex -17.9375 8.84577 6.75
      vertex -18.4776 7.65367 0.6
      vertex -18.4776 7.65367 6.75
    endloop
  endfacet
  facet normal -0.729842 -0.683616 0
    outer loop
      vertex -14.1421 -14.1421 0.6
      vertex -15.0368 -13.1869 6.75
      vertex -15.0368 -13.1869 0.6
    endloop
  endfacet
  facet normal -0.729842 -0.683616 0
    outer loop
      vertex -15.0368 -13.1869 6.75
      vertex -14.1421 -14.1421 0.6
      vertex -14.1421 -14.1421 6.75
    endloop
  endfacet
  facet normal -0.973875 -0.227085 0
    outer loop
      vertex -19.3185 -5.17638 0.6
      vertex -19.6157 -3.90181 6.75
      vertex -19.6157 -3.90181 0.6
    endloop
  endfacet
  facet normal -0.973875 -0.227085 0
    outer loop
      vertex -19.6157 -3.90181 6.75
      vertex -19.3185 -5.17638 0.6
      vertex -19.3185 -5.17638 6.75
    endloop
  endfacet
  facet normal 0 0 -1
    outer loop
      vertex -16.1418 10.7598 0
      vertex -17 9.32748 0
      vertex -16.811 9.68108 0
    endloop
  endfacet
  facet normal -0 0 1
    outer loop
      vertex -17 9.32748 0
      vertex -17.3993 8.5804 0
      vertex -16.811 9.68108 0
    endloop
  endfacet
  facet normal 0 0 -1
    outer loop
      vertex -17.9232 7.42406 0
      vertex -17.4082 8.56086 0
      vertex -17.3993 8.5804 0
    endloop
  endfacet
  facet normal 0 0 -1
    outer loop
      vertex -17.9232 7.42406 0
      vertex -17.9233 7.42406 0
      vertex -17.4082 8.56086 0
    endloop
  endfacet
  facet normal 0 0 -1
    outer loop
      vertex -18 7.22014 0
      vertex -17.9233 7.42406 0
      vertex -17.9232 7.42406 0
    endloop
  endfacet
  facet normal -0 0 -1
    outer loop
      vertex -18 7.22014 0
      vertex -18.3629 6.256 0
      vertex -17.9233 7.42406 0
    endloop
  endfacet
  facet normal 0 0 -1
    outer loop
      vertex -18.3629 -6.256 0
      vertex -18.3629 6.256 0
      vertex -18 7.22014 0
    endloop
  endfacet
  facet normal 0 0 -1
    outer loop
      vertex -18.7327 -5.04162 0
      vertex -18.3629 -6.256 0
      vertex -18.3704 -6.23593 0
    endloop
  endfacet
  facet normal 0 0 -1
    outer loop
      vertex -18.3629 -6.256 0
      vertex -18.7327 -5.04162 0
      vertex -18.3629 6.256 0
    endloop
  endfacet
  facet normal 0 0 -1
    outer loop
      vertex -18.7327 5.04162 0
      vertex -18.3629 6.256 0
      vertex -18.7327 -5.04162 0
    endloop
  endfacet
  facet normal 0 0 -1
    outer loop
      vertex -18.3629 6.256 0
      vertex -18.7327 5.04162 0
      vertex -18.3704 6.23593 0
    endloop
  endfacet
  facet normal 0 0 -1
    outer loop
      vertex -18.7438 -5.0002 0
      vertex -18.7327 -5.04162 0
      vertex -18.739 -5.02109 0
    endloop
  endfacet
  facet normal 0 0 -1
    outer loop
      vertex -18.7327 -5.04162 0
      vertex -18.7438 -5.0002 0
      vertex -18.7327 5.04162 0
    endloop
  endfacet
  facet normal 0 0 -1
    outer loop
      vertex -18.7438 5.0002 0
      vertex -18.7327 5.04162 0
      vertex -18.7438 -5.0002 0
    endloop
  endfacet
  facet normal 0 0 -1
    outer loop
      vertex -18.7327 5.04162 0
      vertex -18.7438 5.0002 0
      vertex -18.739 5.02109 0
    endloop
  endfacet
  facet normal 0 0 -1
    outer loop
      vertex -19.0272 -3.78475 0
      vertex -18.7438 5.0002 0
      vertex -18.7438 -5.0002 0
    endloop
  endfacet
  facet normal 0 0 -1
    outer loop
      vertex -19.0272 -3.78475 0
      vertex -19.0272 3.78475 0
      vertex -18.7438 5.0002 0
    endloop
  endfacet
  facet normal 0 0 -1
    outer loop
      vertex -19.2305 -2.55338 0
      vertex -19.0272 3.78475 0
      vertex -19.0272 -3.78475 0
    endloop
  endfacet
  facet normal 0 0 -1
    outer loop
      vertex -19.2305 -2.55338 0
      vertex -19.2305 2.55338 0
      vertex -19.0272 3.78475 0
    endloop
  endfacet
  facet normal 0 0 -1
    outer loop
      vertex -19.2361 -2.51086 0
      vertex -19.2305 -2.55338 0
      vertex -19.234 -2.53221 0
    endloop
  endfacet
  facet normal 0 0 -1
    outer loop
      vertex -19.2305 -2.55338 0
      vertex -19.2361 -2.51086 0
      vertex -19.2305 2.55338 0
    endloop
  endfacet
  facet normal 0 0 -1
    outer loop
      vertex -19.2361 2.51086 0
      vertex -19.2305 2.55338 0
      vertex -19.2361 -2.51086 0
    endloop
  endfacet
  facet normal 0 0 -1
    outer loop
      vertex -19.2305 2.55338 0
      vertex -19.2361 2.51086 0
      vertex -19.234 2.53221 0
    endloop
  endfacet
  facet normal 0 0 -1
    outer loop
      vertex -19.3592 -1.24738 0
      vertex -19.2361 -2.51086 0
      vertex -19.3585 -1.26882 0
    endloop
  endfacet
  facet normal 0 0 -1
    outer loop
      vertex -19.2361 -2.51086 0
      vertex -19.3592 -1.24738 0
      vertex -19.2361 2.51086 0
    endloop
  endfacet
  facet normal 0 0 -1
    outer loop
      vertex -19.3592 1.24738 0
      vertex -19.2361 2.51086 0
      vertex -19.3592 -1.24738 0
    endloop
  endfacet
  facet normal 0 0 -1
    outer loop
      vertex -19.2361 2.51086 0
      vertex -19.3592 1.24738 0
      vertex -19.3585 1.26882 0
    endloop
  endfacet
  facet normal 0 -0 -1
    outer loop
      vertex -19.3592 1.24738 0
      vertex -19.3592 -1.24738 0
      vertex -19.4 0 0
    endloop
  endfacet
  facet normal 0 0 -1
    outer loop
      vertex -13 14.3902 0
      vertex -14.5 12.8828 0
      vertex -13.7179 13.7179 0
    endloop
  endfacet
  facet normal -0 0 -1
    outer loop
      vertex -14.5 12.8828 0
      vertex -14.571 12.807 0
      vertex -13.7179 13.7179 0
    endloop
  endfacet
  facet normal 0 0 -1
    outer loop
      vertex -14.5857 12.7913 0
      vertex -14.571 12.807 0
      vertex -14.5 12.8828 0
    endloop
  endfacet
  facet normal 0 0 1
    outer loop
      vertex -15.3911 11.81 0
      vertex -14.5993 12.7747 0
      vertex -14.5857 12.7913 0
    endloop
  endfacet
  facet normal -0 0 -1
    outer loop
      vertex -15.5 11.6579 0
      vertex -16.118 10.7955 0
      vertex -15.3911 11.81 0
    endloop
  endfacet
  facet normal 0 0 -1
    outer loop
      vertex -16.118 -10.7955 0
      vertex -16.118 10.7955 0
      vertex -15.5 11.6579 0
    endloop
  endfacet
  facet normal 0 0 -1
    outer loop
      vertex -16.1418 -10.7598 0
      vertex -16.118 -10.7955 0
      vertex -16.1305 -10.7781 0
    endloop
  endfacet
  facet normal 0 0 -1
    outer loop
      vertex -16.118 -10.7955 0
      vertex -16.1418 -10.7598 0
      vertex -16.118 10.7955 0
    endloop
  endfacet
  facet normal 0 0 -1
    outer loop
      vertex -16.1418 10.7598 0
      vertex -16.118 10.7955 0
      vertex -16.1418 -10.7598 0
    endloop
  endfacet
  facet normal 0 0 -1
    outer loop
      vertex -16.118 10.7955 0
      vertex -16.1418 10.7598 0
      vertex -16.1305 10.7781 0
    endloop
  endfacet
  facet normal 0 0 -1
    outer loop
      vertex -16.811 -9.68108 0
      vertex -16.1418 -10.7598 0
      vertex -16.8009 -9.7 0
    endloop
  endfacet
  facet normal 0 0 -1
    outer loop
      vertex -17 -9.32748 0
      vertex -16.1418 -10.7598 0
      vertex -16.811 -9.68108 0
    endloop
  endfacet
  facet normal 0 0 -1
    outer loop
      vertex -16.1418 -10.7598 0
      vertex -17 -9.32748 0
      vertex -16.1418 10.7598 0
    endloop
  endfacet
  facet normal 0 0 -1
    outer loop
      vertex -16.1418 10.7598 0
      vertex -16.811 9.68108 0
      vertex -16.8009 9.7 0
    endloop
  endfacet
  facet normal 0 0 -1
    outer loop
      vertex -17 9.32748 0
      vertex -16.1418 10.7598 0
      vertex -17 -9.32748 0
    endloop
  endfacet
  facet normal 0 0 1
    outer loop
      vertex -17.3993 -8.5804 0
      vertex -17 -9.32748 0
      vertex -16.811 -9.68108 0
    endloop
  endfacet
  facet normal 0 0 -1
    outer loop
      vertex -17.4082 -8.56086 0
      vertex -17.9232 -7.42406 0
      vertex -17.3993 -8.5804 0
    endloop
  endfacet
  facet normal 0 0 -1
    outer loop
      vertex -17.9233 -7.42406 0
      vertex -17.9232 -7.42406 0
      vertex -17.4082 -8.56086 0
    endloop
  endfacet
  facet normal 0 0 -1
    outer loop
      vertex -17.9233 -7.42406 0
      vertex -18 -7.22014 0
      vertex -17.9232 -7.42406 0
    endloop
  endfacet
  facet normal 0 0 -1
    outer loop
      vertex -18 -7.22014 0
      vertex -18.3629 -6.256 0
      vertex -18 7.22014 0
    endloop
  endfacet
  facet normal 0 0 -1
    outer loop
      vertex -18.3629 -6.256 0
      vertex -18 -7.22014 0
      vertex -17.9233 -7.42406 0
    endloop
  endfacet
  facet normal 0 0 -1
    outer loop
      vertex -10.7955 -16.118 0
      vertex -10.5 -16.3034 0
      vertex -10.7598 -16.1418 0
    endloop
  endfacet
  facet normal 0 0 -1
    outer loop
      vertex -12 -15.2351 0
      vertex -10.5 -16.3034 0
      vertex -10.7955 -16.118 0
    endloop
  endfacet
  facet normal 0 0 -1
    outer loop
      vertex -10.7955 -16.118 0
      vertex -10.7598 -16.1418 0
      vertex -10.7781 -16.1305 0
    endloop
  endfacet
  facet normal 0 0 -1
    outer loop
      vertex -10.5 -16.3034 0
      vertex -12 -15.2351 0
      vertex -10.5 16.3034 0
    endloop
  endfacet
  facet normal 0 0 -1
    outer loop
      vertex -10.5 16.3034 0
      vertex -10.7955 16.118 0
      vertex -10.7598 16.1418 0
    endloop
  endfacet
  facet normal 0 0 -1
    outer loop
      vertex -10.7598 16.1418 0
      vertex -10.7955 16.118 0
      vertex -10.7781 16.1305 0
    endloop
  endfacet
  facet normal 0 0 -1
    outer loop
      vertex -12 -15.2351 0
      vertex -10.7955 -16.118 0
      vertex -11.81 -15.3911 0
    endloop
  endfacet
  facet normal 0 0 -1
    outer loop
      vertex -12 15.2351 0
      vertex -10.5 16.3034 0
      vertex -12 -15.2351 0
    endloop
  endfacet
  facet normal 0 0 -1
    outer loop
      vertex -10.5 16.3034 0
      vertex -12 15.2351 0
      vertex -10.7955 16.118 0
    endloop
  endfacet
  facet normal 0 0 -1
    outer loop
      vertex -12.7747 -14.5993 0
      vertex -12 -15.2351 0
      vertex -11.81 -15.3911 0
    endloop
  endfacet
  facet normal 0 0 1
    outer loop
      vertex -12.7747 -14.5993 0
      vertex -12.7913 -14.5857 0
      vertex -12 -15.2351 0
    endloop
  endfacet
  facet normal 0 0 -1
    outer loop
      vertex -12.807 -14.571 0
      vertex -13 -14.3902 0
      vertex -12.7913 -14.5857 0
    endloop
  endfacet
  facet normal 0 0 -1
    outer loop
      vertex -14.5 -12.8828 0
      vertex -13 -14.3902 0
      vertex -13.7179 -13.7179 0
    endloop
  endfacet
  facet normal 0 0 -1
    outer loop
      vertex -13.7179 -13.7179 0
      vertex -13 -14.3902 0
      vertex -12.807 -14.571 0
    endloop
  endfacet
  facet normal 0 0 -1
    outer loop
      vertex -10.7955 16.118 0
      vertex -12 15.2351 0
      vertex -11.81 15.3911 0
    endloop
  endfacet
  facet normal -0 0 -1
    outer loop
      vertex -12 15.2351 0
      vertex -12.7747 14.5993 0
      vertex -11.81 15.3911 0
    endloop
  endfacet
  facet normal 0 0 1
    outer loop
      vertex -12.7913 14.5857 0
      vertex -12.7747 14.5993 0
      vertex -12 15.2351 0
    endloop
  endfacet
  facet normal 0 0 -1
    outer loop
      vertex -13 14.3902 0
      vertex -12.807 14.571 0
      vertex -12.7913 14.5857 0
    endloop
  endfacet
  facet normal -0 0 -1
    outer loop
      vertex -13 14.3902 0
      vertex -13.7179 13.7179 0
      vertex -12.807 14.571 0
    endloop
  endfacet
  facet normal 0 0 -1
    outer loop
      vertex -13 -14.3902 0
      vertex -14.5 -12.8828 0
      vertex -13 14.3902 0
    endloop
  endfacet
  facet normal 0 0 -1
    outer loop
      vertex -14.5 12.8828 0
      vertex -13 14.3902 0
      vertex -14.5 -12.8828 0
    endloop
  endfacet
  facet normal 0 0 -1
    outer loop
      vertex -14.571 -12.807 0
      vertex -14.5 -12.8828 0
      vertex -13.7179 -13.7179 0
    endloop
  endfacet
  facet normal 0 0 -1
    outer loop
      vertex -14.571 -12.807 0
      vertex -14.5857 -12.7913 0
      vertex -14.5 -12.8828 0
    endloop
  endfacet
  facet normal 0 0 1
    outer loop
      vertex -14.5993 -12.7747 0
      vertex -15.3911 -11.81 0
      vertex -14.5857 -12.7913 0
    endloop
  endfacet
  facet normal 0 0 -1
    outer loop
      vertex -15.5 -11.6579 0
      vertex -16.118 -10.7955 0
      vertex -15.5 11.6579 0
    endloop
  endfacet
  facet normal 0 0 -1
    outer loop
      vertex -16.118 -10.7955 0
      vertex -15.5 -11.6579 0
      vertex -15.3911 -11.81 0
    endloop
  endfacet
  facet normal -0 0 1
    outer loop
      vertex 9.68108 -16.811 0
      vertex 9.5 -16.9078 0
      vertex 9.7 -16.8009 0
    endloop
  endfacet
  facet normal 0 0 -1
    outer loop
      vertex 8.56086 -17.4082 0
      vertex 9.5 -16.9078 0
      vertex 8.5804 -17.3993 0
    endloop
  endfacet
  facet normal 0 0 1
    outer loop
      vertex 8.5804 -17.3993 0
      vertex 9.5 -16.9078 0
      vertex 9.68108 -16.811 0
    endloop
  endfacet
  facet normal 0 0 1
    outer loop
      vertex 9.5 16.9078 0
      vertex 9.68108 16.811 0
      vertex 9.7 16.8009 0
    endloop
  endfacet
  facet normal 0 0 1
    outer loop
      vertex 9.5 16.9078 0
      vertex 8.5804 17.3993 0
      vertex 9.68108 16.811 0
    endloop
  endfacet
  facet normal 0 0 -1
    outer loop
      vertex 8 -17.6623 0
      vertex 9.5 -16.9078 0
      vertex 8.56086 -17.4082 0
    endloop
  endfacet
  facet normal -0 0 -1
    outer loop
      vertex 9.5 -16.9078 0
      vertex 8 -17.6623 0
      vertex 9.5 16.9078 0
    endloop
  endfacet
  facet normal 0 0 -1
    outer loop
      vertex 9.5 16.9078 0
      vertex 8.56086 17.4082 0
      vertex 8.5804 17.3993 0
    endloop
  endfacet
  facet normal 0 0 -1
    outer loop
      vertex 8 17.6623 0
      vertex 9.5 16.9078 0
      vertex 8 -17.6623 0
    endloop
  endfacet
  facet normal 0 0 -1
    outer loop
      vertex 7.42406 -17.9233 0
      vertex 8 -17.6623 0
      vertex 8.56086 -17.4082 0
    endloop
  endfacet
  facet normal 0 0 -1
    outer loop
      vertex 7.42406 -17.9233 0
      vertex 7.42406 -17.9232 0
      vertex 8 -17.6623 0
    endloop
  endfacet
  facet normal -0 0 -1
    outer loop
      vertex 7.42406 -17.9233 0
      vertex 7 -18.0829 0
      vertex 7.42406 -17.9232 0
    endloop
  endfacet
  facet normal 0 0 -1
    outer loop
      vertex 5.5 -18.5937 0
      vertex 7 -18.0829 0
      vertex 6.256 -18.3629 0
    endloop
  endfacet
  facet normal 0 0 1
    outer loop
      vertex 6.256 -18.3629 0
      vertex 7 -18.0829 0
      vertex 7.42406 -17.9233 0
    endloop
  endfacet
  facet normal 0 0 -1
    outer loop
      vertex -8.56086 17.4082 0
      vertex -9.5 16.9078 0
      vertex -8.5804 17.3993 0
    endloop
  endfacet
  facet normal -0 0 1
    outer loop
      vertex -9.5 16.9078 0
      vertex -9.68108 16.811 0
      vertex -8.5804 17.3993 0
    endloop
  endfacet
  facet normal 0 0 1
    outer loop
      vertex -9.7 16.8009 0
      vertex -9.68108 16.811 0
      vertex -9.5 16.9078 0
    endloop
  endfacet
  facet normal 0 0 -1
    outer loop
      vertex -5.5 18.5937 0
      vertex -7 18.0829 0
      vertex -6.256 18.3629 0
    endloop
  endfacet
  facet normal 0 0 -1
    outer loop
      vertex -7.42406 17.9233 0
      vertex -7 18.0829 0
      vertex -7.42406 17.9232 0
    endloop
  endfacet
  facet normal -0 0 1
    outer loop
      vertex -7 18.0829 0
      vertex -7.42406 17.9233 0
      vertex -6.256 18.3629 0
    endloop
  endfacet
  facet normal 0 0 -1
    outer loop
      vertex -8 17.6623 0
      vertex -7.42406 17.9233 0
      vertex -7.42406 17.9232 0
    endloop
  endfacet
  facet normal -0 0 -1
    outer loop
      vertex -8 17.6623 0
      vertex -8.56086 17.4082 0
      vertex -7.42406 17.9233 0
    endloop
  endfacet
  facet normal 0 0 -1
    outer loop
      vertex -8 -17.6623 0
      vertex -9.5 -16.9078 0
      vertex -8 17.6623 0
    endloop
  endfacet
  facet normal 0 0 -1
    outer loop
      vertex -9.5 -16.9078 0
      vertex -8.56086 -17.4082 0
      vertex -8.5804 -17.3993 0
    endloop
  endfacet
  facet normal 0 0 -1
    outer loop
      vertex -9.5 16.9078 0
      vertex -8 17.6623 0
      vertex -9.5 -16.9078 0
    endloop
  endfacet
  facet normal 0 0 -1
    outer loop
      vertex -8 17.6623 0
      vertex -9.5 16.9078 0
      vertex -8.56086 17.4082 0
    endloop
  endfacet
  facet normal 0 0 1
    outer loop
      vertex -9.68108 -16.811 0
      vertex -9.5 -16.9078 0
      vertex -8.5804 -17.3993 0
    endloop
  endfacet
  facet normal 0 0 1
    outer loop
      vertex -9.68108 -16.811 0
      vertex -9.7 -16.8009 0
      vertex -9.5 -16.9078 0
    endloop
  endfacet
  facet normal 0 0 -1
    outer loop
      vertex -3 19.1568 0
      vertex -4.5 18.8605 0
      vertex -3.78475 19.0272 0
    endloop
  endfacet
  facet normal -0 0 1
    outer loop
      vertex -4.5 18.8605 0
      vertex -5.0002 18.7438 0
      vertex -3.78475 19.0272 0
    endloop
  endfacet
  facet normal 0 0 1
    outer loop
      vertex -5.02109 18.739 0
      vertex -5.0002 18.7438 0
      vertex -4.5 18.8605 0
    endloop
  endfacet
  facet normal 0 0 1
    outer loop
      vertex -5.5 18.5937 0
      vertex -5.04162 18.7327 0
      vertex -5.02109 18.739 0
    endloop
  endfacet
  facet normal -0 0 1
    outer loop
      vertex -5.5 18.5937 0
      vertex -6.23593 18.3704 0
      vertex -5.04162 18.7327 0
    endloop
  endfacet
  facet normal 0 0 -1
    outer loop
      vertex -7 -18.0829 0
      vertex -5.5 -18.5937 0
      vertex -6.256 -18.3629 0
    endloop
  endfacet
  facet normal 0 0 -1
    outer loop
      vertex -5.5 -18.5937 0
      vertex -7 -18.0829 0
      vertex -5.5 18.5937 0
    endloop
  endfacet
  facet normal 0 0 -1
    outer loop
      vertex -5.5 18.5937 0
      vertex -6.256 18.3629 0
      vertex -6.23593 18.3704 0
    endloop
  endfacet
  facet normal 0 0 -1
    outer loop
      vertex -7 18.0829 0
      vertex -5.5 18.5937 0
      vertex -7 -18.0829 0
    endloop
  endfacet
  facet normal 0 0 1
    outer loop
      vertex -7.42406 -17.9233 0
      vertex -7 -18.0829 0
      vertex -6.256 -18.3629 0
    endloop
  endfacet
  facet normal 0 0 -1
    outer loop
      vertex -7 -18.0829 0
      vertex -7.42406 -17.9233 0
      vertex -7.42406 -17.9232 0
    endloop
  endfacet
  facet normal 0 0 -1
    outer loop
      vertex -7.42406 -17.9233 0
      vertex -8 -17.6623 0
      vertex -7.42406 -17.9232 0
    endloop
  endfacet
  facet normal 0 0 -1
    outer loop
      vertex -9.5 -16.9078 0
      vertex -8 -17.6623 0
      vertex -8.56086 -17.4082 0
    endloop
  endfacet
  facet normal 0 0 -1
    outer loop
      vertex -8.56086 -17.4082 0
      vertex -8 -17.6623 0
      vertex -7.42406 -17.9233 0
    endloop
  endfacet
  facet normal 0 0 -1
    outer loop
      vertex -1.24738 19.3592 0
      vertex -2 19.2864 0
      vertex -1.26882 19.3585 0
    endloop
  endfacet
  facet normal -0 0 -1
    outer loop
      vertex -2 19.2864 0
      vertex -2.51086 19.2361 0
      vertex -1.26882 19.3585 0
    endloop
  endfacet
  facet normal 0 0 1
    outer loop
      vertex -2.5322 19.234 0
      vertex -2.51086 19.2361 0
      vertex -2 19.2864 0
    endloop
  endfacet
  facet normal 0 0 -1
    outer loop
      vertex -2.5322 19.234 0
      vertex -2.53221 19.234 0
      vertex -2.51086 19.2361 0
    endloop
  endfacet
  facet normal -0 0 -1
    outer loop
      vertex -2.5322 19.234 0
      vertex -2.55338 19.2305 0
      vertex -2.53221 19.234 0
    endloop
  endfacet
  facet normal 0 0 1
    outer loop
      vertex -3 19.1568 0
      vertex -2.55338 19.2305 0
      vertex -2.5322 19.234 0
    endloop
  endfacet
  facet normal -0 0 1
    outer loop
      vertex -3 19.1568 0
      vertex -3.78475 19.0272 0
      vertex -2.55338 19.2305 0
    endloop
  endfacet
  facet normal 0 0 -1
    outer loop
      vertex -3 -19.1568 0
      vertex -4.5 -18.8605 0
      vertex -3 19.1568 0
    endloop
  endfacet
  facet normal 0 0 -1
    outer loop
      vertex -4.5 18.8605 0
      vertex -3 19.1568 0
      vertex -4.5 -18.8605 0
    endloop
  endfacet
  facet normal 0 0 1
    outer loop
      vertex -5.0002 -18.7438 0
      vertex -4.5 -18.8605 0
      vertex -3.78475 -19.0272 0
    endloop
  endfacet
  facet normal 0 0 1
    outer loop
      vertex -5.0002 -18.7438 0
      vertex -5.02109 -18.739 0
      vertex -4.5 -18.8605 0
    endloop
  endfacet
  facet normal 0 0 1
    outer loop
      vertex -5.04162 -18.7327 0
      vertex -5.5 -18.5937 0
      vertex -5.02109 -18.739 0
    endloop
  endfacet
  facet normal 0 0 -1
    outer loop
      vertex -6.256 -18.3629 0
      vertex -5.5 -18.5937 0
      vertex -6.23593 -18.3704 0
    endloop
  endfacet
  facet normal 0 0 1
    outer loop
      vertex -6.23593 -18.3704 0
      vertex -5.5 -18.5937 0
      vertex -5.04162 -18.7327 0
    endloop
  endfacet
  facet normal 0 0 -1
    outer loop
      vertex 2 19.2864 0
      vertex 0.5 19.3836 0
      vertex 1.24738 19.3592 0
    endloop
  endfacet
  facet normal 0 0 -1
    outer loop
      vertex 0.5 19.3836 0
      vertex 0 19.4 0
      vertex 1.24738 19.3592 0
    endloop
  endfacet
  facet normal -0 0 -1
    outer loop
      vertex -0.5 19.3836 0
      vertex -1.24738 19.3592 0
      vertex 0 19.4 0
    endloop
  endfacet
  facet normal 0 0 -1
    outer loop
      vertex -0.5 -19.3836 0
      vertex -2 -19.2864 0
      vertex -0.5 19.3836 0
    endloop
  endfacet
  facet normal 0 0 -1
    outer loop
      vertex -2 -19.2864 0
      vertex -1.24738 -19.3592 0
      vertex -1.26882 -19.3585 0
    endloop
  endfacet
  facet normal 0 0 -1
    outer loop
      vertex -2 19.2864 0
      vertex -0.5 19.3836 0
      vertex -2 -19.2864 0
    endloop
  endfacet
  facet normal 0 0 -1
    outer loop
      vertex -0.5 19.3836 0
      vertex -2 19.2864 0
      vertex -1.24738 19.3592 0
    endloop
  endfacet
  facet normal 0 0 -1
    outer loop
      vertex -2.51086 -19.2361 0
      vertex -2 -19.2864 0
      vertex -1.26882 -19.3585 0
    endloop
  endfacet
  facet normal 0 0 1
    outer loop
      vertex -2.51086 -19.2361 0
      vertex -2.5322 -19.234 0
      vertex -2 -19.2864 0
    endloop
  endfacet
  facet normal 0 0 -1
    outer loop
      vertex -2.53221 -19.234 0
      vertex -2.5322 -19.234 0
      vertex -2.51086 -19.2361 0
    endloop
  endfacet
  facet normal 0 0 -1
    outer loop
      vertex -2.55338 -19.2305 0
      vertex -2.5322 -19.234 0
      vertex -2.53221 -19.234 0
    endloop
  endfacet
  facet normal 0 0 1
    outer loop
      vertex -2.55338 -19.2305 0
      vertex -3 -19.1568 0
      vertex -2.5322 -19.234 0
    endloop
  endfacet
  facet normal 0 0 -1
    outer loop
      vertex -4.5 -18.8605 0
      vertex -3 -19.1568 0
      vertex -3.78475 -19.0272 0
    endloop
  endfacet
  facet normal 0 0 1
    outer loop
      vertex -3.78475 -19.0272 0
      vertex -3 -19.1568 0
      vertex -2.55338 -19.2305 0
    endloop
  endfacet
  facet normal 0 0 -1
    outer loop
      vertex 4.5 18.8605 0
      vertex 3 19.1568 0
      vertex 3.78475 19.0272 0
    endloop
  endfacet
  facet normal 0 0 1
    outer loop
      vertex 3 19.1568 0
      vertex 2.55338 19.2305 0
      vertex 3.78475 19.0272 0
    endloop
  endfacet
  facet normal 0 0 1
    outer loop
      vertex 2.5322 19.234 0
      vertex 2.55338 19.2305 0
      vertex 3 19.1568 0
    endloop
  endfacet
  facet normal 0 0 -1
    outer loop
      vertex 2.55338 19.2305 0
      vertex 2.5322 19.234 0
      vertex 2.53221 19.234 0
    endloop
  endfacet
  facet normal 0 0 -1
    outer loop
      vertex 2.5322 19.234 0
      vertex 2.51086 19.2361 0
      vertex 2.53221 19.234 0
    endloop
  endfacet
  facet normal 0 0 1
    outer loop
      vertex 2 19.2864 0
      vertex 2.51086 19.2361 0
      vertex 2.5322 19.234 0
    endloop
  endfacet
  facet normal 0 0 -1
    outer loop
      vertex 2 19.2864 0
      vertex 1.26882 19.3585 0
      vertex 2.51086 19.2361 0
    endloop
  endfacet
  facet normal 0 0 -1
    outer loop
      vertex 0.5 -19.3836 0
      vertex 2 -19.2864 0
      vertex 1.24738 -19.3592 0
    endloop
  endfacet
  facet normal -0 0 -1
    outer loop
      vertex 2 -19.2864 0
      vertex 0.5 -19.3836 0
      vertex 2 19.2864 0
    endloop
  endfacet
  facet normal 0 0 -1
    outer loop
      vertex 2 19.2864 0
      vertex 1.24738 19.3592 0
      vertex 1.26882 19.3585 0
    endloop
  endfacet
  facet normal 0 0 -1
    outer loop
      vertex 0.5 19.3836 0
      vertex 2 19.2864 0
      vertex 0.5 -19.3836 0
    endloop
  endfacet
  facet normal 0 0 -1
    outer loop
      vertex 0 -19.4 0
      vertex 0.5 -19.3836 0
      vertex 1.24738 -19.3592 0
    endloop
  endfacet
  facet normal 0 0 -1
    outer loop
      vertex -2 -19.2864 0
      vertex -0.5 -19.3836 0
      vertex -1.24738 -19.3592 0
    endloop
  endfacet
  facet normal 0 0 -1
    outer loop
      vertex -1.24738 -19.3592 0
      vertex -0.5 -19.3836 0
      vertex 0 -19.4 0
    endloop
  endfacet
  facet normal 0 0 -1
    outer loop
      vertex 6.256 18.3629 0
      vertex 5.5 18.5937 0
      vertex 6.23593 18.3704 0
    endloop
  endfacet
  facet normal 0 0 1
    outer loop
      vertex 5.5 18.5937 0
      vertex 5.04162 18.7327 0
      vertex 6.23593 18.3704 0
    endloop
  endfacet
  facet normal 0 0 1
    outer loop
      vertex 5.02109 18.739 0
      vertex 5.04162 18.7327 0
      vertex 5.5 18.5937 0
    endloop
  endfacet
  facet normal 0 0 1
    outer loop
      vertex 4.5 18.8605 0
      vertex 5.0002 18.7438 0
      vertex 5.02109 18.739 0
    endloop
  endfacet
  facet normal 0 0 1
    outer loop
      vertex 4.5 18.8605 0
      vertex 3.78475 19.0272 0
      vertex 5.0002 18.7438 0
    endloop
  endfacet
  facet normal -0 0 -1
    outer loop
      vertex 4.5 -18.8605 0
      vertex 3 -19.1568 0
      vertex 4.5 18.8605 0
    endloop
  endfacet
  facet normal 0 0 -1
    outer loop
      vertex 3 19.1568 0
      vertex 4.5 18.8605 0
      vertex 3 -19.1568 0
    endloop
  endfacet
  facet normal 0 0 1
    outer loop
      vertex 2.55338 -19.2305 0
      vertex 3 -19.1568 0
      vertex 3.78475 -19.0272 0
    endloop
  endfacet
  facet normal 0 0 -1
    outer loop
      vertex 2.5322 -19.234 0
      vertex 2.55338 -19.2305 0
      vertex 2.53221 -19.234 0
    endloop
  endfacet
  facet normal -0 0 1
    outer loop
      vertex 2.55338 -19.2305 0
      vertex 2.5322 -19.234 0
      vertex 3 -19.1568 0
    endloop
  endfacet
  facet normal 0 0 -1
    outer loop
      vertex 2.51086 -19.2361 0
      vertex 2.5322 -19.234 0
      vertex 2.53221 -19.234 0
    endloop
  endfacet
  facet normal -0 0 1
    outer loop
      vertex 2.51086 -19.2361 0
      vertex 2 -19.2864 0
      vertex 2.5322 -19.234 0
    endloop
  endfacet
  facet normal 0 0 -1
    outer loop
      vertex 1.24738 -19.3592 0
      vertex 2 -19.2864 0
      vertex 1.26882 -19.3585 0
    endloop
  endfacet
  facet normal 0 0 -1
    outer loop
      vertex 1.26882 -19.3585 0
      vertex 2 -19.2864 0
      vertex 2.51086 -19.2361 0
    endloop
  endfacet
  facet normal 0 0 -1
    outer loop
      vertex 9.5 16.9078 0
      vertex 8 17.6623 0
      vertex 8.56086 17.4082 0
    endloop
  endfacet
  facet normal 0 0 -1
    outer loop
      vertex 8 17.6623 0
      vertex 7.42406 17.9233 0
      vertex 8.56086 17.4082 0
    endloop
  endfacet
  facet normal 0 0 -1
    outer loop
      vertex 7.42406 17.9232 0
      vertex 7.42406 17.9233 0
      vertex 8 17.6623 0
    endloop
  endfacet
  facet normal 0 0 -1
    outer loop
      vertex 7 18.0829 0
      vertex 7.42406 17.9233 0
      vertex 7.42406 17.9232 0
    endloop
  endfacet
  facet normal 0 0 1
    outer loop
      vertex 7 18.0829 0
      vertex 6.256 18.3629 0
      vertex 7.42406 17.9233 0
    endloop
  endfacet
  facet normal -0 0 -1
    outer loop
      vertex 7 -18.0829 0
      vertex 5.5 -18.5937 0
      vertex 7 18.0829 0
    endloop
  endfacet
  facet normal 0 0 -1
    outer loop
      vertex 5.5 -18.5937 0
      vertex 6.256 -18.3629 0
      vertex 6.23593 -18.3704 0
    endloop
  endfacet
  facet normal 0 0 -1
    outer loop
      vertex 5.5 18.5937 0
      vertex 7 18.0829 0
      vertex 5.5 -18.5937 0
    endloop
  endfacet
  facet normal 0 0 -1
    outer loop
      vertex 7 18.0829 0
      vertex 5.5 18.5937 0
      vertex 6.256 18.3629 0
    endloop
  endfacet
  facet normal 0 0 1
    outer loop
      vertex 5.04162 -18.7327 0
      vertex 5.5 -18.5937 0
      vertex 6.23593 -18.3704 0
    endloop
  endfacet
  facet normal -0 0 1
    outer loop
      vertex 5.04162 -18.7327 0
      vertex 5.02109 -18.739 0
      vertex 5.5 -18.5937 0
    endloop
  endfacet
  facet normal -0 0 1
    outer loop
      vertex 5.0002 -18.7438 0
      vertex 4.5 -18.8605 0
      vertex 5.02109 -18.739 0
    endloop
  endfacet
  facet normal 0 0 -1
    outer loop
      vertex 3 -19.1568 0
      vertex 4.5 -18.8605 0
      vertex 3.78475 -19.0272 0
    endloop
  endfacet
  facet normal 0 0 1
    outer loop
      vertex 3.78475 -19.0272 0
      vertex 4.5 -18.8605 0
      vertex 5.0002 -18.7438 0
    endloop
  endfacet
  facet normal 0 0 -1
    outer loop
      vertex 14.5 12.8828 0
      vertex 13 14.3902 0
      vertex 13.7179 13.7179 0
    endloop
  endfacet
  facet normal 0 0 -1
    outer loop
      vertex 13 14.3902 0
      vertex 12.807 14.571 0
      vertex 13.7179 13.7179 0
    endloop
  endfacet
  facet normal 0 0 -1
    outer loop
      vertex 12.7913 14.5857 0
      vertex 12.807 14.571 0
      vertex 13 14.3902 0
    endloop
  endfacet
  facet normal 0 0 1
    outer loop
      vertex 12 15.2351 0
      vertex 12.7747 14.5993 0
      vertex 12.7913 14.5857 0
    endloop
  endfacet
  facet normal 0 0 -1
    outer loop
      vertex 12 15.2351 0
      vertex 11.81 15.3911 0
      vertex 12.7747 14.5993 0
    endloop
  endfacet
  facet normal -0 0 -1
    outer loop
      vertex 12 -15.2351 0
      vertex 10.5 -16.3034 0
      vertex 12 15.2351 0
    endloop
  endfacet
  facet normal 0 0 -1
    outer loop
      vertex 10.5 -16.3034 0
      vertex 11.81 -15.3911 0
      vertex 10.7955 -16.118 0
    endloop
  endfacet
  facet normal 0 0 -1
    outer loop
      vertex 10.5 16.3034 0
      vertex 12 15.2351 0
      vertex 10.5 -16.3034 0
    endloop
  endfacet
  facet normal 0 0 -1
    outer loop
      vertex 10.7598 -16.1418 0
      vertex 10.7955 -16.118 0
      vertex 10.7781 -16.1305 0
    endloop
  endfacet
  facet normal 0 0 -1
    outer loop
      vertex 10.5 -16.3034 0
      vertex 10.7955 -16.118 0
      vertex 10.7598 -16.1418 0
    endloop
  endfacet
  facet normal 0 0 -1
    outer loop
      vertex 12 15.2351 0
      vertex 10.5 16.3034 0
      vertex 11.81 15.3911 0
    endloop
  endfacet
  facet normal 0 0 -1
    outer loop
      vertex 10.7955 16.118 0
      vertex 10.7598 16.1418 0
      vertex 10.7781 16.1305 0
    endloop
  endfacet
  facet normal 0 0 -1
    outer loop
      vertex 11.81 15.3911 0
      vertex 10.5 16.3034 0
      vertex 10.7955 16.118 0
    endloop
  endfacet
  facet normal 0 0 -1
    outer loop
      vertex 10.7955 16.118 0
      vertex 10.5 16.3034 0
      vertex 10.7598 16.1418 0
    endloop
  endfacet
  facet normal 0 0 -1
    outer loop
      vertex 15.5 11.6579 0
      vertex 16.118 10.7955 0
      vertex 15.5 -11.6579 0
    endloop
  endfacet
  facet normal 0 0 -1
    outer loop
      vertex 15.5 11.6579 0
      vertex 15.3911 11.81 0
      vertex 16.118 10.7955 0
    endloop
  endfacet
  facet normal 0 0 1
    outer loop
      vertex 14.5857 12.7913 0
      vertex 14.5993 12.7747 0
      vertex 15.3911 11.81 0
    endloop
  endfacet
  facet normal 0 0 -1
    outer loop
      vertex 14.5 12.8828 0
      vertex 14.571 12.807 0
      vertex 14.5857 12.7913 0
    endloop
  endfacet
  facet normal 0 0 -1
    outer loop
      vertex 14.5 12.8828 0
      vertex 13.7179 13.7179 0
      vertex 14.571 12.807 0
    endloop
  endfacet
  facet normal -0 0 -1
    outer loop
      vertex 14.5 -12.8828 0
      vertex 13 -14.3902 0
      vertex 14.5 12.8828 0
    endloop
  endfacet
  facet normal 0 0 -1
    outer loop
      vertex 13 14.3902 0
      vertex 14.5 12.8828 0
      vertex 13 -14.3902 0
    endloop
  endfacet
  facet normal 0 0 -1
    outer loop
      vertex 12.807 -14.571 0
      vertex 13 -14.3902 0
      vertex 13.7179 -13.7179 0
    endloop
  endfacet
  facet normal -0 0 -1
    outer loop
      vertex 12.807 -14.571 0
      vertex 12.7913 -14.5857 0
      vertex 13 -14.3902 0
    endloop
  endfacet
  facet normal -0 0 1
    outer loop
      vertex 12.7747 -14.5993 0
      vertex 12 -15.2351 0
      vertex 12.7913 -14.5857 0
    endloop
  endfacet
  facet normal 0 0 -1
    outer loop
      vertex 10.5 -16.3034 0
      vertex 12 -15.2351 0
      vertex 11.81 -15.3911 0
    endloop
  endfacet
  facet normal 0 0 -1
    outer loop
      vertex 11.81 -15.3911 0
      vertex 12 -15.2351 0
      vertex 12.7747 -14.5993 0
    endloop
  endfacet
  facet normal 0 0 -1
    outer loop
      vertex 19.3592 -1.24738 0
      vertex 19.3592 1.24738 0
      vertex 19.4 0 0
    endloop
  endfacet
  facet normal 0 0 -1
    outer loop
      vertex 19.2361 -2.51086 0
      vertex 19.3592 -1.24738 0
      vertex 19.3585 -1.26882 0
    endloop
  endfacet
  facet normal -0 0 -1
    outer loop
      vertex 19.3592 -1.24738 0
      vertex 19.2361 -2.51086 0
      vertex 19.3592 1.24738 0
    endloop
  endfacet
  facet normal 0 0 -1
    outer loop
      vertex 19.2361 2.51086 0
      vertex 19.3592 1.24738 0
      vertex 19.2361 -2.51086 0
    endloop
  endfacet
  facet normal 0 0 -1
    outer loop
      vertex 19.3592 1.24738 0
      vertex 19.2361 2.51086 0
      vertex 19.3585 1.26882 0
    endloop
  endfacet
  facet normal 0 0 -1
    outer loop
      vertex 19.2305 -2.55338 0
      vertex 19.2361 -2.51086 0
      vertex 19.234 -2.53221 0
    endloop
  endfacet
  facet normal -0 0 -1
    outer loop
      vertex 19.2361 -2.51086 0
      vertex 19.2305 -2.55338 0
      vertex 19.2361 2.51086 0
    endloop
  endfacet
  facet normal 0 0 -1
    outer loop
      vertex 19.2305 2.55338 0
      vertex 19.2361 2.51086 0
      vertex 19.2305 -2.55338 0
    endloop
  endfacet
  facet normal 0 0 -1
    outer loop
      vertex 19.2361 2.51086 0
      vertex 19.2305 2.55338 0
      vertex 19.234 2.53221 0
    endloop
  endfacet
  facet normal 0 0 -1
    outer loop
      vertex 19.0272 -3.78475 0
      vertex 19.2305 2.55338 0
      vertex 19.2305 -2.55338 0
    endloop
  endfacet
  facet normal 0 0 -1
    outer loop
      vertex 19.0272 -3.78475 0
      vertex 19.0272 3.78475 0
      vertex 19.2305 2.55338 0
    endloop
  endfacet
  facet normal 0 0 -1
    outer loop
      vertex 18.7438 -5.0002 0
      vertex 19.0272 3.78475 0
      vertex 19.0272 -3.78475 0
    endloop
  endfacet
  facet normal 0 0 -1
    outer loop
      vertex 18.7438 -5.0002 0
      vertex 18.7438 5.0002 0
      vertex 19.0272 3.78475 0
    endloop
  endfacet
  facet normal 0 0 -1
    outer loop
      vertex 18.7327 -5.04162 0
      vertex 18.7438 -5.0002 0
      vertex 18.739 -5.02109 0
    endloop
  endfacet
  facet normal -0 0 -1
    outer loop
      vertex 18.7438 -5.0002 0
      vertex 18.7327 -5.04162 0
      vertex 18.7438 5.0002 0
    endloop
  endfacet
  facet normal 0 0 -1
    outer loop
      vertex 18.7327 5.04162 0
      vertex 18.7438 5.0002 0
      vertex 18.7327 -5.04162 0
    endloop
  endfacet
  facet normal 0 0 -1
    outer loop
      vertex 18.7438 5.0002 0
      vertex 18.7327 5.04162 0
      vertex 18.739 5.02109 0
    endloop
  endfacet
  facet normal 0 0 -1
    outer loop
      vertex 18.3629 -6.256 0
      vertex 18.7327 -5.04162 0
      vertex 18.3704 -6.23593 0
    endloop
  endfacet
  facet normal -0 0 -1
    outer loop
      vertex 18.7327 -5.04162 0
      vertex 18.3629 -6.256 0
      vertex 18.7327 5.04162 0
    endloop
  endfacet
  facet normal 0 0 -1
    outer loop
      vertex 18.3629 6.256 0
      vertex 18.7327 5.04162 0
      vertex 18.3629 -6.256 0
    endloop
  endfacet
  facet normal 0 0 -1
    outer loop
      vertex 18.7327 5.04162 0
      vertex 18.3629 6.256 0
      vertex 18.3704 6.23593 0
    endloop
  endfacet
  facet normal -0 0 -1
    outer loop
      vertex 18.3629 -6.256 0
      vertex 18 -7.22014 0
      vertex 18.3629 6.256 0
    endloop
  endfacet
  facet normal 0 0 -1
    outer loop
      vertex 17.9233 -7.42406 0
      vertex 18 -7.22014 0
      vertex 18.3629 -6.256 0
    endloop
  endfacet
  facet normal 0 0 -1
    outer loop
      vertex 17.9233 -7.42406 0
      vertex 17.9232 -7.42406 0
      vertex 18 -7.22014 0
    endloop
  endfacet
  facet normal 0 0 -1
    outer loop
      vertex 17.4082 -8.56086 0
      vertex 17.9232 -7.42406 0
      vertex 17.9233 -7.42406 0
    endloop
  endfacet
  facet normal -0 0 -1
    outer loop
      vertex 17.4082 -8.56086 0
      vertex 17.3993 -8.5804 0
      vertex 17.9232 -7.42406 0
    endloop
  endfacet
  facet normal 0 0 -1
    outer loop
      vertex 16.1418 -10.7598 0
      vertex 17 -9.32748 0
      vertex 16.811 -9.68108 0
    endloop
  endfacet
  facet normal 0 0 1
    outer loop
      vertex 16.811 -9.68108 0
      vertex 17 -9.32748 0
      vertex 17.3993 -8.5804 0
    endloop
  endfacet
  facet normal 0 0 -1
    outer loop
      vertex 18 7.22014 0
      vertex 18.3629 6.256 0
      vertex 18 -7.22014 0
    endloop
  endfacet
  facet normal 0 0 -1
    outer loop
      vertex 18 7.22014 0
      vertex 17.9233 7.42406 0
      vertex 18.3629 6.256 0
    endloop
  endfacet
  facet normal 0 0 -1
    outer loop
      vertex 17.9232 7.42406 0
      vertex 17.9233 7.42406 0
      vertex 18 7.22014 0
    endloop
  endfacet
  facet normal 0 0 -1
    outer loop
      vertex 17.9232 7.42406 0
      vertex 17.4082 8.56086 0
      vertex 17.9233 7.42406 0
    endloop
  endfacet
  facet normal 0 0 -1
    outer loop
      vertex 17.3993 8.5804 0
      vertex 17.4082 8.56086 0
      vertex 17.9232 7.42406 0
    endloop
  endfacet
  facet normal 0 0 1
    outer loop
      vertex 17 9.32748 0
      vertex 16.811 9.68108 0
      vertex 17.3993 8.5804 0
    endloop
  endfacet
  facet normal -0 0 -1
    outer loop
      vertex 17 -9.32748 0
      vertex 16.1418 -10.7598 0
      vertex 17 9.32748 0
    endloop
  endfacet
  facet normal 0 0 -1
    outer loop
      vertex 16.1418 -10.7598 0
      vertex 16.811 -9.68108 0
      vertex 16.8009 -9.7 0
    endloop
  endfacet
  facet normal 0 0 -1
    outer loop
      vertex 16.1418 10.7598 0
      vertex 17 9.32748 0
      vertex 16.1418 -10.7598 0
    endloop
  endfacet
  facet normal 0 0 -1
    outer loop
      vertex 17 9.32748 0
      vertex 16.1418 10.7598 0
      vertex 16.811 9.68108 0
    endloop
  endfacet
  facet normal 0 0 -1
    outer loop
      vertex 16.811 9.68108 0
      vertex 16.1418 10.7598 0
      vertex 16.8009 9.7 0
    endloop
  endfacet
  facet normal 0 0 -1
    outer loop
      vertex 16.118 -10.7955 0
      vertex 16.1418 -10.7598 0
      vertex 16.1305 -10.7781 0
    endloop
  endfacet
  facet normal -0 0 -1
    outer loop
      vertex 16.1418 -10.7598 0
      vertex 16.118 -10.7955 0
      vertex 16.1418 10.7598 0
    endloop
  endfacet
  facet normal 0 0 -1
    outer loop
      vertex 16.118 10.7955 0
      vertex 16.1418 10.7598 0
      vertex 16.118 -10.7955 0
    endloop
  endfacet
  facet normal 0 0 -1
    outer loop
      vertex 16.1418 10.7598 0
      vertex 16.118 10.7955 0
      vertex 16.1305 10.7781 0
    endloop
  endfacet
  facet normal -0 0 -1
    outer loop
      vertex 16.118 -10.7955 0
      vertex 15.5 -11.6579 0
      vertex 16.118 10.7955 0
    endloop
  endfacet
  facet normal 0 0 -1
    outer loop
      vertex 15.3911 -11.81 0
      vertex 15.5 -11.6579 0
      vertex 16.118 -10.7955 0
    endloop
  endfacet
  facet normal -0 0 1
    outer loop
      vertex 14.5993 -12.7747 0
      vertex 14.5857 -12.7913 0
      vertex 15.3911 -11.81 0
    endloop
  endfacet
  facet normal -0 0 -1
    outer loop
      vertex 14.571 -12.807 0
      vertex 14.5 -12.8828 0
      vertex 14.5857 -12.7913 0
    endloop
  endfacet
  facet normal 0 0 -1
    outer loop
      vertex 13 -14.3902 0
      vertex 14.5 -12.8828 0
      vertex 13.7179 -13.7179 0
    endloop
  endfacet
  facet normal 0 0 -1
    outer loop
      vertex 13.7179 -13.7179 0
      vertex 14.5 -12.8828 0
      vertex 14.571 -12.807 0
    endloop
  endfacet
  facet normal 0.227085 -0.973875 0
    outer loop
      vertex 3.90181 -19.6157 0.6
      vertex 5.17638 -19.3185 6.75
      vertex 3.90181 -19.6157 6.75
    endloop
  endfacet
  facet normal 0.227085 -0.973875 0
    outer loop
      vertex 5.17638 -19.3185 6.75
      vertex 3.90181 -19.6157 0.6
      vertex 5.17638 -19.3185 0.6
    endloop
  endfacet
  facet normal -0.910873 -0.412686 0
    outer loop
      vertex -17.9375 -8.84577 0.6
      vertex -18.4776 -7.65367 6.75
      vertex -18.4776 -7.65367 0.6
    endloop
  endfacet
  facet normal -0.910873 -0.412686 0
    outer loop
      vertex -18.4776 -7.65367 6.75
      vertex -17.9375 -8.84577 0.6
      vertex -17.9375 -8.84577 6.75
    endloop
  endfacet
  facet normal -0.849207 -0.528061 0
    outer loop
      vertex -16.6294 -11.1114 0.6
      vertex -17.3205 -10 6.75
      vertex -17.3205 -10 0.6
    endloop
  endfacet
  facet normal -0.849207 -0.528061 0
    outer loop
      vertex -17.3205 -10 6.75
      vertex -16.6294 -11.1114 0.6
      vertex -16.6294 -11.1114 6.75
    endloop
  endfacet
  facet normal -0.471427 -0.881905 0
    outer loop
      vertex -10 -17.3205 0.6
      vertex -8.84577 -17.9375 6.75
      vertex -10 -17.3205 6.75
    endloop
  endfacet
  facet normal -0.471427 -0.881905 -0
    outer loop
      vertex -8.84577 -17.9375 6.75
      vertex -10 -17.3205 0.6
      vertex -8.84577 -17.9375 0.6
    endloop
  endfacet
  facet normal -0.471431 0.881903 0
    outer loop
      vertex -8.84577 17.9375 6.75
      vertex -9.42924 17.6256 3
      vertex -9.42924 17.6256 6.75
    endloop
  endfacet
  facet normal -0.471431 0.881903 0
    outer loop
      vertex -8.84577 17.9375 0.6
      vertex -9.42924 17.6256 3
      vertex -8.84577 17.9375 6.75
    endloop
  endfacet
  facet normal -0.471427 0.881905 1.06555e-06
    outer loop
      vertex -10 17.3205 0.6
      vertex -9.42924 17.6256 3
      vertex -8.84577 17.9375 0.6
    endloop
  endfacet
  facet normal -0.471424 0.881907 0
    outer loop
      vertex -9.42924 17.6256 3
      vertex -10 17.3205 0.6
      vertex -10 17.3205 3
    endloop
  endfacet
  facet normal -0.227112 0.973869 0
    outer loop
      vertex -4.0969 20.5965 7.75
      vertex -5.4352 20.2844 8.15
      vertex -4.0969 20.5965 8.15
    endloop
  endfacet
  facet normal -0.227112 0.973869 0
    outer loop
      vertex -5.4352 20.2844 8.15
      vertex -4.0969 20.5965 7.75
      vertex -5.4352 20.2844 7.75
    endloop
  endfacet
  facet normal 0.812823 0.582511 0
    outer loop
      vertex 17.4609 11.667 8.15
      vertex 16.6604 12.784 7.75
      vertex 16.6604 12.784 8.15
    endloop
  endfacet
  facet normal 0.812823 0.582511 0
    outer loop
      vertex 16.6604 12.784 7.75
      vertex 17.4609 11.667 8.15
      vertex 17.4609 11.667 7.75
    endloop
  endfacet
  facet normal 0.995184 -0.0980208 0
    outer loop
      vertex 20.8203 -2.74105 8.15
      vertex 20.955 -1.37347 7.75
      vertex 20.955 -1.37347 8.15
    endloop
  endfacet
  facet normal 0.995184 -0.0980208 0
    outer loop
      vertex 20.955 -1.37347 7.75
      vertex 20.8203 -2.74105 8.15
      vertex 20.8203 -2.74105 7.75
    endloop
  endfacet
  facet normal -0.729834 0.683624 0
    outer loop
      vertex -15.7886 13.8463 7.75
      vertex -14.8492 14.8492 8.15
      vertex -14.8492 14.8492 7.75
    endloop
  endfacet
  facet normal -0.729834 0.683624 0
    outer loop
      vertex -14.8492 14.8492 8.15
      vertex -15.7886 13.8463 7.75
      vertex -15.7886 13.8463 8.15
    endloop
  endfacet
  facet normal 0.973869 0.227112 0
    outer loop
      vertex 20.5965 4.0969 8.15
      vertex 20.2844 5.4352 7.75
      vertex 20.2844 5.4352 8.15
    endloop
  endfacet
  facet normal 0.973869 0.227112 0
    outer loop
      vertex 20.2844 5.4352 7.75
      vertex 20.5965 4.0969 8.15
      vertex 20.5965 4.0969 7.75
    endloop
  endfacet
  facet normal 0.582511 -0.812823 0
    outer loop
      vertex 11.667 -17.4609 7.75
      vertex 12.784 -16.6604 8.15
      vertex 11.667 -17.4609 8.15
    endloop
  endfacet
  facet normal 0.582511 -0.812823 0
    outer loop
      vertex 12.784 -16.6604 8.15
      vertex 11.667 -17.4609 7.75
      vertex 12.784 -16.6604 7.75
    endloop
  endfacet
  facet normal -0.162859 0.986649 0
    outer loop
      vertex -2.74105 20.8203 7.75
      vertex -4.0969 20.5965 8.15
      vertex -2.74105 20.8203 8.15
    endloop
  endfacet
  facet normal -0.162859 0.986649 0
    outer loop
      vertex -4.0969 20.5965 8.15
      vertex -2.74105 20.8203 7.75
      vertex -4.0969 20.5965 7.75
    endloop
  endfacet
  facet normal 0.849231 -0.528022 0
    outer loop
      vertex 17.4609 -11.667 8.15
      vertex 18.1865 -10.5 7.75
      vertex 18.1865 -10.5 8.15
    endloop
  endfacet
  facet normal 0.849231 -0.528022 0
    outer loop
      vertex 18.1865 -10.5 7.75
      vertex 17.4609 -11.667 8.15
      vertex 17.4609 -11.667 7.75
    endloop
  endfacet
  facet normal 0.773013 -0.63439 0
    outer loop
      vertex 15.7886 -13.8463 8.15
      vertex 16.6604 -12.784 7.75
      vertex 16.6604 -12.784 8.15
    endloop
  endfacet
  facet normal 0.773013 -0.63439 0
    outer loop
      vertex 16.6604 -12.784 7.75
      vertex 15.7886 -13.8463 8.15
      vertex 15.7886 -13.8463 7.75
    endloop
  endfacet
  facet normal -0.999464 0.0327462 0
    outer loop
      vertex -21 0 7.75
      vertex -20.955 1.37347 8.15
      vertex -20.955 1.37347 7.75
    endloop
  endfacet
  facet normal -0.999464 0.0327462 0
    outer loop
      vertex -20.955 1.37347 8.15
      vertex -21 0 7.75
      vertex -21 0 8.15
    endloop
  endfacet
  facet normal -0.0327462 -0.999464 0
    outer loop
      vertex -1.37347 -20.955 7.75
      vertex 0 -21 8.15
      vertex -1.37347 -20.955 8.15
    endloop
  endfacet
  facet normal -0.0327462 -0.999464 -0
    outer loop
      vertex 0 -21 8.15
      vertex -1.37347 -20.955 7.75
      vertex 0 -21 7.75
    endloop
  endfacet
  facet normal 0.412742 -0.910848 0
    outer loop
      vertex 8.03635 -19.4015 7.75
      vertex 9.28806 -18.8343 8.15
      vertex 8.03635 -19.4015 8.15
    endloop
  endfacet
  facet normal 0.412742 -0.910848 0
    outer loop
      vertex 9.28806 -18.8343 8.15
      vertex 8.03635 -19.4015 7.75
      vertex 9.28806 -18.8343 7.75
    endloop
  endfacet
  facet normal 0.986649 0.162859 0
    outer loop
      vertex 20.8203 2.74105 8.15
      vertex 20.5965 4.0969 7.75
      vertex 20.5965 4.0969 8.15
    endloop
  endfacet
  facet normal 0.986649 0.162859 0
    outer loop
      vertex 20.5965 4.0969 7.75
      vertex 20.8203 2.74105 8.15
      vertex 20.8203 2.74105 7.75
    endloop
  endfacet
  facet normal 0.0327462 -0.999464 0
    outer loop
      vertex 0 -21 7.75
      vertex 1.37347 -20.955 8.15
      vertex 0 -21 8.15
    endloop
  endfacet
  facet normal 0.0327462 -0.999464 0
    outer loop
      vertex 1.37347 -20.955 8.15
      vertex 0 -21 7.75
      vertex 1.37347 -20.955 7.75
    endloop
  endfacet
  facet normal 0.999464 -0.0327462 0
    outer loop
      vertex 20.955 -1.37347 8.15
      vertex 21 0 7.75
      vertex 21 0 8.15
    endloop
  endfacet
  facet normal 0.999464 -0.0327462 0
    outer loop
      vertex 21 0 7.75
      vertex 20.955 -1.37347 8.15
      vertex 20.955 -1.37347 7.75
    endloop
  endfacet
  facet normal 0.773013 0.63439 0
    outer loop
      vertex 16.6604 12.784 8.15
      vertex 15.7886 13.8463 7.75
      vertex 15.7886 13.8463 8.15
    endloop
  endfacet
  facet normal 0.773013 0.63439 0
    outer loop
      vertex 15.7886 13.8463 7.75
      vertex 16.6604 12.784 8.15
      vertex 16.6604 12.784 7.75
    endloop
  endfacet
  facet normal 0.683624 0.729834 -0
    outer loop
      vertex 14.8492 14.8492 7.75
      vertex 13.8463 15.7886 8.15
      vertex 14.8492 14.8492 8.15
    endloop
  endfacet
  facet normal 0.683624 0.729834 0
    outer loop
      vertex 13.8463 15.7886 8.15
      vertex 14.8492 14.8492 7.75
      vertex 13.8463 15.7886 7.75
    endloop
  endfacet
  facet normal 0.812823 -0.582511 0
    outer loop
      vertex 16.6604 -12.784 8.15
      vertex 17.4609 -11.667 7.75
      vertex 17.4609 -11.667 8.15
    endloop
  endfacet
  facet normal 0.812823 -0.582511 0
    outer loop
      vertex 17.4609 -11.667 7.75
      vertex 16.6604 -12.784 8.15
      vertex 16.6604 -12.784 7.75
    endloop
  endfacet
  facet normal -0.162859 -0.986649 0
    outer loop
      vertex -4.0969 -20.5965 7.75
      vertex -2.74105 -20.8203 8.15
      vertex -4.0969 -20.5965 8.15
    endloop
  endfacet
  facet normal -0.162859 -0.986649 -0
    outer loop
      vertex -2.74105 -20.8203 8.15
      vertex -4.0969 -20.5965 7.75
      vertex -2.74105 -20.8203 7.75
    endloop
  endfacet
  facet normal 0.999464 0.0327462 0
    outer loop
      vertex 21 0 8.15
      vertex 20.955 1.37347 7.75
      vertex 20.955 1.37347 8.15
    endloop
  endfacet
  facet normal 0.999464 0.0327462 0
    outer loop
      vertex 20.955 1.37347 7.75
      vertex 21 0 8.15
      vertex 21 0 7.75
    endloop
  endfacet
  facet normal 0.88192 -0.471399 0
    outer loop
      vertex 18.1865 -10.5 8.15
      vertex 18.8343 -9.28806 7.75
      vertex 18.8343 -9.28806 8.15
    endloop
  endfacet
  facet normal 0.88192 -0.471399 0
    outer loop
      vertex 18.8343 -9.28806 7.75
      vertex 18.1865 -10.5 8.15
      vertex 18.1865 -10.5 7.75
    endloop
  endfacet
  facet normal -0.0327462 0.999464 0
    outer loop
      vertex 0 21 7.75
      vertex -1.37347 20.955 8.15
      vertex 0 21 8.15
    endloop
  endfacet
  facet normal -0.0327462 0.999464 0
    outer loop
      vertex -1.37347 20.955 8.15
      vertex 0 21 7.75
      vertex -1.37347 20.955 7.75
    endloop
  endfacet
  facet normal 0.0327462 0.999464 -0
    outer loop
      vertex 1.37347 20.955 7.75
      vertex 0 21 8.15
      vertex 1.37347 20.955 8.15
    endloop
  endfacet
  facet normal 0.0327462 0.999464 0
    outer loop
      vertex 0 21 8.15
      vertex 1.37347 20.955 7.75
      vertex 0 21 7.75
    endloop
  endfacet
  facet normal 0.935921 0.352211 0
    outer loop
      vertex 19.8855 6.75023 8.15
      vertex 19.4015 8.03635 7.75
      vertex 19.4015 8.03635 8.15
    endloop
  endfacet
  facet normal 0.935921 0.352211 0
    outer loop
      vertex 19.4015 8.03635 7.75
      vertex 19.8855 6.75023 8.15
      vertex 19.8855 6.75023 7.75
    endloop
  endfacet
  facet normal 0.729834 -0.683624 0
    outer loop
      vertex 14.8492 -14.8492 8.15
      vertex 15.7886 -13.8463 7.75
      vertex 15.7886 -13.8463 8.15
    endloop
  endfacet
  facet normal 0.729834 -0.683624 0
    outer loop
      vertex 15.7886 -13.8463 7.75
      vertex 14.8492 -14.8492 8.15
      vertex 14.8492 -14.8492 7.75
    endloop
  endfacet
  facet normal 0.290278 -0.956942 0
    outer loop
      vertex 5.4352 -20.2844 7.75
      vertex 6.75023 -19.8855 8.15
      vertex 5.4352 -20.2844 8.15
    endloop
  endfacet
  facet normal 0.290278 -0.956942 0
    outer loop
      vertex 6.75023 -19.8855 8.15
      vertex 5.4352 -20.2844 7.75
      vertex 6.75023 -19.8855 7.75
    endloop
  endfacet
  facet normal 0.88192 0.471399 0
    outer loop
      vertex 18.8343 9.28806 8.15
      vertex 18.1865 10.5 7.75
      vertex 18.1865 10.5 8.15
    endloop
  endfacet
  facet normal 0.88192 0.471399 0
    outer loop
      vertex 18.1865 10.5 7.75
      vertex 18.8343 9.28806 8.15
      vertex 18.8343 9.28806 7.75
    endloop
  endfacet
  facet normal -0.582511 -0.812823 0
    outer loop
      vertex -12.784 -16.6604 7.75
      vertex -11.667 -17.4609 8.15
      vertex -12.784 -16.6604 8.15
    endloop
  endfacet
  facet normal -0.582511 -0.812823 -0
    outer loop
      vertex -11.667 -17.4609 8.15
      vertex -12.784 -16.6604 7.75
      vertex -11.667 -17.4609 7.75
    endloop
  endfacet
  facet normal 0.986649 -0.162859 0
    outer loop
      vertex 20.5965 -4.0969 8.15
      vertex 20.8203 -2.74105 7.75
      vertex 20.8203 -2.74105 8.15
    endloop
  endfacet
  facet normal 0.986649 -0.162859 0
    outer loop
      vertex 20.8203 -2.74105 7.75
      vertex 20.5965 -4.0969 8.15
      vertex 20.5965 -4.0969 7.75
    endloop
  endfacet
  facet normal 0.63439 -0.773013 0
    outer loop
      vertex 12.784 -16.6604 7.75
      vertex 13.8463 -15.7886 8.15
      vertex 12.784 -16.6604 8.15
    endloop
  endfacet
  facet normal 0.63439 -0.773013 0
    outer loop
      vertex 13.8463 -15.7886 8.15
      vertex 12.784 -16.6604 7.75
      vertex 13.8463 -15.7886 7.75
    endloop
  endfacet
  facet normal 0.973869 -0.227112 0
    outer loop
      vertex 20.2844 -5.4352 8.15
      vertex 20.5965 -4.0969 7.75
      vertex 20.5965 -4.0969 8.15
    endloop
  endfacet
  facet normal 0.973869 -0.227112 0
    outer loop
      vertex 20.5965 -4.0969 7.75
      vertex 20.2844 -5.4352 8.15
      vertex 20.2844 -5.4352 7.75
    endloop
  endfacet
  facet normal -0.528026 0.849228 0
    outer loop
      vertex -10.5 18.1865 7.75
      vertex -11.4021 17.6256 8.15
      vertex -10.5 18.1865 8.15
    endloop
  endfacet
  facet normal -0.528026 0.849228 0
    outer loop
      vertex -11.4021 17.6256 8.15
      vertex -10.5 18.1865 7.75
      vertex -11.4021 17.6256 7.75
    endloop
  endfacet
  facet normal 0.935921 -0.352211 0
    outer loop
      vertex 19.4015 -8.03635 8.15
      vertex 19.8855 -6.75023 7.75
      vertex 19.8855 -6.75023 8.15
    endloop
  endfacet
  facet normal 0.935921 -0.352211 0
    outer loop
      vertex 19.8855 -6.75023 7.75
      vertex 19.4015 -8.03635 8.15
      vertex 19.4015 -8.03635 7.75
    endloop
  endfacet
  facet normal -0.995184 -0.0980208 0
    outer loop
      vertex -20.8203 -2.74105 7.75
      vertex -20.955 -1.37347 8.15
      vertex -20.955 -1.37347 7.75
    endloop
  endfacet
  facet normal -0.995184 -0.0980208 0
    outer loop
      vertex -20.955 -1.37347 8.15
      vertex -20.8203 -2.74105 7.75
      vertex -20.8203 -2.74105 8.15
    endloop
  endfacet
  facet normal -0.986649 0.162859 0
    outer loop
      vertex -20.8203 2.74105 7.75
      vertex -20.5965 4.0969 8.15
      vertex -20.5965 4.0969 7.75
    endloop
  endfacet
  facet normal -0.986649 0.162859 0
    outer loop
      vertex -20.5965 4.0969 8.15
      vertex -20.8203 2.74105 7.75
      vertex -20.8203 2.74105 8.15
    endloop
  endfacet
  facet normal 0.528026 0.849228 -0
    outer loop
      vertex 11.4021 17.6256 7.75
      vertex 10.5 18.1865 8.15
      vertex 11.4021 17.6256 8.15
    endloop
  endfacet
  facet normal 0.528026 0.849228 0
    outer loop
      vertex 10.5 18.1865 8.15
      vertex 11.4021 17.6256 7.75
      vertex 10.5 18.1865 7.75
    endloop
  endfacet
  facet normal -0.812823 0.582511 0
    outer loop
      vertex -17.4609 11.667 7.75
      vertex -16.6604 12.784 8.15
      vertex -16.6604 12.784 7.75
    endloop
  endfacet
  facet normal -0.812823 0.582511 0
    outer loop
      vertex -16.6604 12.784 8.15
      vertex -17.4609 11.667 7.75
      vertex -17.4609 11.667 8.15
    endloop
  endfacet
  facet normal -0.935921 0.352211 0
    outer loop
      vertex -19.8855 6.75023 7.75
      vertex -19.4015 8.03635 8.15
      vertex -19.4015 8.03635 7.75
    endloop
  endfacet
  facet normal -0.935921 0.352211 0
    outer loop
      vertex -19.4015 8.03635 8.15
      vertex -19.8855 6.75023 7.75
      vertex -19.8855 6.75023 8.15
    endloop
  endfacet
  facet normal 0.956942 -0.290278 0
    outer loop
      vertex 19.8855 -6.75023 8.15
      vertex 20.2844 -5.4352 7.75
      vertex 20.2844 -5.4352 8.15
    endloop
  endfacet
  facet normal 0.956942 -0.290278 0
    outer loop
      vertex 20.2844 -5.4352 7.75
      vertex 19.8855 -6.75023 8.15
      vertex 19.8855 -6.75023 7.75
    endloop
  endfacet
  facet normal 0.528022 -0.849231 0
    outer loop
      vertex 10.5 -18.1865 7.75
      vertex 11.667 -17.4609 8.15
      vertex 10.5 -18.1865 8.15
    endloop
  endfacet
  facet normal 0.528022 -0.849231 0
    outer loop
      vertex 11.667 -17.4609 8.15
      vertex 10.5 -18.1865 7.75
      vertex 11.667 -17.4609 7.75
    endloop
  endfacet
  facet normal 0.162859 0.986649 -0
    outer loop
      vertex 4.0969 20.5965 7.75
      vertex 2.74105 20.8203 8.15
      vertex 4.0969 20.5965 8.15
    endloop
  endfacet
  facet normal 0.162859 0.986649 0
    outer loop
      vertex 2.74105 20.8203 8.15
      vertex 4.0969 20.5965 7.75
      vertex 2.74105 20.8203 7.75
    endloop
  endfacet
  facet normal 0.910848 -0.412742 0
    outer loop
      vertex 18.8343 -9.28806 8.15
      vertex 19.4015 -8.03635 7.75
      vertex 19.4015 -8.03635 8.15
    endloop
  endfacet
  facet normal 0.910848 -0.412742 0
    outer loop
      vertex 19.4015 -8.03635 7.75
      vertex 18.8343 -9.28806 8.15
      vertex 18.8343 -9.28806 7.75
    endloop
  endfacet
  facet normal -0.683624 0.729834 0
    outer loop
      vertex -13.8463 15.7886 7.75
      vertex -14.8492 14.8492 8.15
      vertex -13.8463 15.7886 8.15
    endloop
  endfacet
  facet normal -0.683624 0.729834 0
    outer loop
      vertex -14.8492 14.8492 8.15
      vertex -13.8463 15.7886 7.75
      vertex -14.8492 14.8492 7.75
    endloop
  endfacet
  facet normal 0.995184 0.0980208 0
    outer loop
      vertex 20.955 1.37347 8.15
      vertex 20.8203 2.74105 7.75
      vertex 20.8203 2.74105 8.15
    endloop
  endfacet
  facet normal 0.995184 0.0980208 0
    outer loop
      vertex 20.8203 2.74105 7.75
      vertex 20.955 1.37347 8.15
      vertex 20.955 1.37347 7.75
    endloop
  endfacet
  facet normal 0.0980208 -0.995184 0
    outer loop
      vertex 1.37347 -20.955 7.75
      vertex 2.74105 -20.8203 8.15
      vertex 1.37347 -20.955 8.15
    endloop
  endfacet
  facet normal 0.0980208 -0.995184 0
    outer loop
      vertex 2.74105 -20.8203 8.15
      vertex 1.37347 -20.955 7.75
      vertex 2.74105 -20.8203 7.75
    endloop
  endfacet
  facet normal -0.849231 -0.528022 0
    outer loop
      vertex -17.4609 -11.667 7.75
      vertex -18.1865 -10.5 8.15
      vertex -18.1865 -10.5 7.75
    endloop
  endfacet
  facet normal -0.849231 -0.528022 0
    outer loop
      vertex -18.1865 -10.5 8.15
      vertex -17.4609 -11.667 7.75
      vertex -17.4609 -11.667 8.15
    endloop
  endfacet
  facet normal 0.352211 -0.935921 0
    outer loop
      vertex 6.75023 -19.8855 7.75
      vertex 8.03635 -19.4015 8.15
      vertex 6.75023 -19.8855 8.15
    endloop
  endfacet
  facet normal 0.352211 -0.935921 0
    outer loop
      vertex 8.03635 -19.4015 8.15
      vertex 6.75023 -19.8855 7.75
      vertex 8.03635 -19.4015 7.75
    endloop
  endfacet
  facet normal -0.88192 -0.471399 0
    outer loop
      vertex -18.1865 -10.5 7.75
      vertex -18.8343 -9.28806 8.15
      vertex -18.8343 -9.28806 7.75
    endloop
  endfacet
  facet normal -0.88192 -0.471399 0
    outer loop
      vertex -18.8343 -9.28806 8.15
      vertex -18.1865 -10.5 7.75
      vertex -18.1865 -10.5 8.15
    endloop
  endfacet
  facet normal -0.528022 -0.849231 0
    outer loop
      vertex -11.667 -17.4609 7.75
      vertex -10.5 -18.1865 8.15
      vertex -11.667 -17.4609 8.15
    endloop
  endfacet
  facet normal -0.528022 -0.849231 -0
    outer loop
      vertex -10.5 -18.1865 8.15
      vertex -11.667 -17.4609 7.75
      vertex -10.5 -18.1865 7.75
    endloop
  endfacet
  facet normal 0.58253 0.812809 -0
    outer loop
      vertex 12.784 16.6604 7.75
      vertex 12.4508 16.8992 8.15
      vertex 12.784 16.6604 8.15
    endloop
  endfacet
  facet normal 0.58253 0.812809 0
    outer loop
      vertex 12.4508 16.8992 8.15
      vertex 12.784 16.6604 7.75
      vertex 12.4508 16.8992 7.75
    endloop
  endfacet
  facet normal -0.0980208 -0.995184 0
    outer loop
      vertex -2.74105 -20.8203 7.75
      vertex -1.37347 -20.955 8.15
      vertex -2.74105 -20.8203 8.15
    endloop
  endfacet
  facet normal -0.0980208 -0.995184 -0
    outer loop
      vertex -1.37347 -20.955 8.15
      vertex -2.74105 -20.8203 7.75
      vertex -1.37347 -20.955 7.75
    endloop
  endfacet
  facet normal -0.352211 0.935921 0
    outer loop
      vertex -6.75023 19.8855 7.75
      vertex -8.03635 19.4015 8.15
      vertex -6.75023 19.8855 8.15
    endloop
  endfacet
  facet normal -0.352211 0.935921 0
    outer loop
      vertex -8.03635 19.4015 8.15
      vertex -6.75023 19.8855 7.75
      vertex -8.03635 19.4015 7.75
    endloop
  endfacet
  facet normal -0.986649 -0.162859 0
    outer loop
      vertex -20.5965 -4.0969 7.75
      vertex -20.8203 -2.74105 8.15
      vertex -20.8203 -2.74105 7.75
    endloop
  endfacet
  facet normal -0.986649 -0.162859 0
    outer loop
      vertex -20.8203 -2.74105 8.15
      vertex -20.5965 -4.0969 7.75
      vertex -20.5965 -4.0969 8.15
    endloop
  endfacet
  facet normal 0.729834 0.683624 0
    outer loop
      vertex 15.7886 13.8463 8.15
      vertex 14.8492 14.8492 7.75
      vertex 14.8492 14.8492 8.15
    endloop
  endfacet
  facet normal 0.729834 0.683624 0
    outer loop
      vertex 14.8492 14.8492 7.75
      vertex 15.7886 13.8463 8.15
      vertex 15.7886 13.8463 7.75
    endloop
  endfacet
  facet normal 0.471399 -0.88192 0
    outer loop
      vertex 9.28806 -18.8343 7.75
      vertex 10.5 -18.1865 8.15
      vertex 9.28806 -18.8343 8.15
    endloop
  endfacet
  facet normal 0.471399 -0.88192 0
    outer loop
      vertex 10.5 -18.1865 8.15
      vertex 9.28806 -18.8343 7.75
      vertex 10.5 -18.1865 7.75
    endloop
  endfacet
  facet normal -0.412742 0.910848 0
    outer loop
      vertex -8.03635 19.4015 7.75
      vertex -9.28806 18.8343 8.15
      vertex -8.03635 19.4015 8.15
    endloop
  endfacet
  facet normal -0.412742 0.910848 0
    outer loop
      vertex -9.28806 18.8343 8.15
      vertex -8.03635 19.4015 7.75
      vertex -9.28806 18.8343 7.75
    endloop
  endfacet
  facet normal -0.935921 -0.352211 0
    outer loop
      vertex -19.4015 -8.03635 7.75
      vertex -19.8855 -6.75023 8.15
      vertex -19.8855 -6.75023 7.75
    endloop
  endfacet
  facet normal -0.935921 -0.352211 0
    outer loop
      vertex -19.8855 -6.75023 8.15
      vertex -19.4015 -8.03635 7.75
      vertex -19.4015 -8.03635 8.15
    endloop
  endfacet
  facet normal -0.773013 -0.63439 0
    outer loop
      vertex -15.7886 -13.8463 7.75
      vertex -16.6604 -12.784 8.15
      vertex -16.6604 -12.784 7.75
    endloop
  endfacet
  facet normal -0.773013 -0.63439 0
    outer loop
      vertex -16.6604 -12.784 8.15
      vertex -15.7886 -13.8463 7.75
      vertex -15.7886 -13.8463 8.15
    endloop
  endfacet
  facet normal -0.352211 -0.935921 0
    outer loop
      vertex -8.03635 -19.4015 7.75
      vertex -6.75023 -19.8855 8.15
      vertex -8.03635 -19.4015 8.15
    endloop
  endfacet
  facet normal -0.352211 -0.935921 -0
    outer loop
      vertex -6.75023 -19.8855 8.15
      vertex -8.03635 -19.4015 7.75
      vertex -6.75023 -19.8855 7.75
    endloop
  endfacet
  facet normal 0.683624 -0.729834 0
    outer loop
      vertex 13.8463 -15.7886 7.75
      vertex 14.8492 -14.8492 8.15
      vertex 13.8463 -15.7886 8.15
    endloop
  endfacet
  facet normal 0.683624 -0.729834 0
    outer loop
      vertex 14.8492 -14.8492 8.15
      vertex 13.8463 -15.7886 7.75
      vertex 14.8492 -14.8492 7.75
    endloop
  endfacet
  facet normal -0.471399 -0.88192 0
    outer loop
      vertex -10.5 -18.1865 7.75
      vertex -9.28806 -18.8343 8.15
      vertex -10.5 -18.1865 8.15
    endloop
  endfacet
  facet normal -0.471399 -0.88192 -0
    outer loop
      vertex -9.28806 -18.8343 8.15
      vertex -10.5 -18.1865 7.75
      vertex -9.28806 -18.8343 7.75
    endloop
  endfacet
  facet normal -0.0980208 0.995184 0
    outer loop
      vertex -1.37347 20.955 7.75
      vertex -2.74105 20.8203 8.15
      vertex -1.37347 20.955 8.15
    endloop
  endfacet
  facet normal -0.0980208 0.995184 0
    outer loop
      vertex -2.74105 20.8203 8.15
      vertex -1.37347 20.955 7.75
      vertex -2.74105 20.8203 7.75
    endloop
  endfacet
  facet normal 0.227112 -0.973869 0
    outer loop
      vertex 4.0969 -20.5965 7.75
      vertex 5.4352 -20.2844 8.15
      vertex 4.0969 -20.5965 8.15
    endloop
  endfacet
  facet normal 0.227112 -0.973869 0
    outer loop
      vertex 5.4352 -20.2844 8.15
      vertex 4.0969 -20.5965 7.75
      vertex 5.4352 -20.2844 7.75
    endloop
  endfacet
  facet normal 0.0980208 0.995184 -0
    outer loop
      vertex 2.74105 20.8203 7.75
      vertex 1.37347 20.955 8.15
      vertex 2.74105 20.8203 8.15
    endloop
  endfacet
  facet normal 0.0980208 0.995184 0
    outer loop
      vertex 1.37347 20.955 8.15
      vertex 2.74105 20.8203 7.75
      vertex 1.37347 20.955 7.75
    endloop
  endfacet
  facet normal 0.849231 0.528022 0
    outer loop
      vertex 18.1865 10.5 8.15
      vertex 17.4609 11.667 7.75
      vertex 17.4609 11.667 8.15
    endloop
  endfacet
  facet normal 0.849231 0.528022 0
    outer loop
      vertex 17.4609 11.667 7.75
      vertex 18.1865 10.5 8.15
      vertex 18.1865 10.5 7.75
    endloop
  endfacet
  facet normal -0.995184 0.0980208 0
    outer loop
      vertex -20.955 1.37347 7.75
      vertex -20.8203 2.74105 8.15
      vertex -20.8203 2.74105 7.75
    endloop
  endfacet
  facet normal -0.995184 0.0980208 0
    outer loop
      vertex -20.8203 2.74105 8.15
      vertex -20.955 1.37347 7.75
      vertex -20.955 1.37347 8.15
    endloop
  endfacet
  facet normal -0.973869 -0.227112 0
    outer loop
      vertex -20.2844 -5.4352 7.75
      vertex -20.5965 -4.0969 8.15
      vertex -20.5965 -4.0969 7.75
    endloop
  endfacet
  facet normal -0.973869 -0.227112 0
    outer loop
      vertex -20.5965 -4.0969 8.15
      vertex -20.2844 -5.4352 7.75
      vertex -20.2844 -5.4352 8.15
    endloop
  endfacet
  facet normal 0.290278 0.956942 -0
    outer loop
      vertex 6.75023 19.8855 7.75
      vertex 5.4352 20.2844 8.15
      vertex 6.75023 19.8855 8.15
    endloop
  endfacet
  facet normal 0.290278 0.956942 0
    outer loop
      vertex 5.4352 20.2844 8.15
      vertex 6.75023 19.8855 7.75
      vertex 5.4352 20.2844 7.75
    endloop
  endfacet
  facet normal -0.812823 -0.582511 0
    outer loop
      vertex -16.6604 -12.784 7.75
      vertex -17.4609 -11.667 8.15
      vertex -17.4609 -11.667 7.75
    endloop
  endfacet
  facet normal -0.812823 -0.582511 0
    outer loop
      vertex -17.4609 -11.667 8.15
      vertex -16.6604 -12.784 7.75
      vertex -16.6604 -12.784 8.15
    endloop
  endfacet
  facet normal 0.352211 0.935921 -0
    outer loop
      vertex 8.03635 19.4015 7.75
      vertex 6.75023 19.8855 8.15
      vertex 8.03635 19.4015 8.15
    endloop
  endfacet
  facet normal 0.352211 0.935921 0
    outer loop
      vertex 6.75023 19.8855 8.15
      vertex 8.03635 19.4015 7.75
      vertex 6.75023 19.8855 7.75
    endloop
  endfacet
  facet normal 0.471399 0.88192 -0
    outer loop
      vertex 10.5 18.1865 7.75
      vertex 9.28806 18.8343 8.15
      vertex 10.5 18.1865 8.15
    endloop
  endfacet
  facet normal 0.471399 0.88192 0
    outer loop
      vertex 9.28806 18.8343 8.15
      vertex 10.5 18.1865 7.75
      vertex 9.28806 18.8343 7.75
    endloop
  endfacet
  facet normal -0.956942 -0.290278 0
    outer loop
      vertex -19.8855 -6.75023 7.75
      vertex -20.2844 -5.4352 8.15
      vertex -20.2844 -5.4352 7.75
    endloop
  endfacet
  facet normal -0.956942 -0.290278 0
    outer loop
      vertex -20.2844 -5.4352 8.15
      vertex -19.8855 -6.75023 7.75
      vertex -19.8855 -6.75023 8.15
    endloop
  endfacet
  facet normal -0.683624 -0.729834 0
    outer loop
      vertex -14.8492 -14.8492 7.75
      vertex -13.8463 -15.7886 8.15
      vertex -14.8492 -14.8492 8.15
    endloop
  endfacet
  facet normal -0.683624 -0.729834 -0
    outer loop
      vertex -13.8463 -15.7886 8.15
      vertex -14.8492 -14.8492 7.75
      vertex -13.8463 -15.7886 7.75
    endloop
  endfacet
  facet normal 0.162859 -0.986649 0
    outer loop
      vertex 2.74105 -20.8203 7.75
      vertex 4.0969 -20.5965 8.15
      vertex 2.74105 -20.8203 8.15
    endloop
  endfacet
  facet normal 0.162859 -0.986649 0
    outer loop
      vertex 4.0969 -20.5965 8.15
      vertex 2.74105 -20.8203 7.75
      vertex 4.0969 -20.5965 7.75
    endloop
  endfacet
  facet normal 0.63439 0.773013 -0
    outer loop
      vertex 13.8463 15.7886 7.75
      vertex 12.784 16.6604 8.15
      vertex 13.8463 15.7886 8.15
    endloop
  endfacet
  facet normal 0.63439 0.773013 0
    outer loop
      vertex 12.784 16.6604 8.15
      vertex 13.8463 15.7886 7.75
      vertex 12.784 16.6604 7.75
    endloop
  endfacet
  facet normal -0.773013 0.63439 0
    outer loop
      vertex -16.6604 12.784 7.75
      vertex -15.7886 13.8463 8.15
      vertex -15.7886 13.8463 7.75
    endloop
  endfacet
  facet normal -0.773013 0.63439 0
    outer loop
      vertex -15.7886 13.8463 8.15
      vertex -16.6604 12.784 7.75
      vertex -16.6604 12.784 8.15
    endloop
  endfacet
  facet normal -0.849231 0.528022 0
    outer loop
      vertex -18.1865 10.5 7.75
      vertex -17.4609 11.667 8.15
      vertex -17.4609 11.667 7.75
    endloop
  endfacet
  facet normal -0.849231 0.528022 0
    outer loop
      vertex -17.4609 11.667 8.15
      vertex -18.1865 10.5 7.75
      vertex -18.1865 10.5 8.15
    endloop
  endfacet
  facet normal -0.58253 0.812809 0
    outer loop
      vertex -12.4508 16.8992 7.75
      vertex -12.784 16.6604 8.15
      vertex -12.4508 16.8992 8.15
    endloop
  endfacet
  facet normal -0.58253 0.812809 0
    outer loop
      vertex -12.784 16.6604 8.15
      vertex -12.4508 16.8992 7.75
      vertex -12.784 16.6604 7.75
    endloop
  endfacet
  facet normal -0.63439 -0.773013 0
    outer loop
      vertex -13.8463 -15.7886 7.75
      vertex -12.784 -16.6604 8.15
      vertex -13.8463 -15.7886 8.15
    endloop
  endfacet
  facet normal -0.63439 -0.773013 -0
    outer loop
      vertex -12.784 -16.6604 8.15
      vertex -13.8463 -15.7886 7.75
      vertex -12.784 -16.6604 7.75
    endloop
  endfacet
  facet normal -0.973869 0.227112 0
    outer loop
      vertex -20.5965 4.0969 7.75
      vertex -20.2844 5.4352 8.15
      vertex -20.2844 5.4352 7.75
    endloop
  endfacet
  facet normal -0.973869 0.227112 0
    outer loop
      vertex -20.2844 5.4352 8.15
      vertex -20.5965 4.0969 7.75
      vertex -20.5965 4.0969 8.15
    endloop
  endfacet
  facet normal -0.910848 0.412742 0
    outer loop
      vertex -19.4015 8.03635 7.75
      vertex -18.8343 9.28806 8.15
      vertex -18.8343 9.28806 7.75
    endloop
  endfacet
  facet normal -0.910848 0.412742 0
    outer loop
      vertex -18.8343 9.28806 8.15
      vertex -19.4015 8.03635 7.75
      vertex -19.4015 8.03635 8.15
    endloop
  endfacet
  facet normal 0.227112 0.973869 -0
    outer loop
      vertex 5.4352 20.2844 7.75
      vertex 4.0969 20.5965 8.15
      vertex 5.4352 20.2844 8.15
    endloop
  endfacet
  facet normal 0.227112 0.973869 0
    outer loop
      vertex 4.0969 20.5965 8.15
      vertex 5.4352 20.2844 7.75
      vertex 4.0969 20.5965 7.75
    endloop
  endfacet
  facet normal 0.910848 0.412742 0
    outer loop
      vertex 19.4015 8.03635 8.15
      vertex 18.8343 9.28806 7.75
      vertex 18.8343 9.28806 8.15
    endloop
  endfacet
  facet normal 0.910848 0.412742 0
    outer loop
      vertex 18.8343 9.28806 7.75
      vertex 19.4015 8.03635 8.15
      vertex 19.4015 8.03635 7.75
    endloop
  endfacet
  facet normal -0.729834 -0.683624 0
    outer loop
      vertex -14.8492 -14.8492 7.75
      vertex -15.7886 -13.8463 8.15
      vertex -15.7886 -13.8463 7.75
    endloop
  endfacet
  facet normal -0.729834 -0.683624 0
    outer loop
      vertex -15.7886 -13.8463 8.15
      vertex -14.8492 -14.8492 7.75
      vertex -14.8492 -14.8492 8.15
    endloop
  endfacet
  facet normal -0.999464 -0.0327462 0
    outer loop
      vertex -20.955 -1.37347 7.75
      vertex -21 0 8.15
      vertex -21 0 7.75
    endloop
  endfacet
  facet normal -0.999464 -0.0327462 0
    outer loop
      vertex -21 0 8.15
      vertex -20.955 -1.37347 7.75
      vertex -20.955 -1.37347 8.15
    endloop
  endfacet
  facet normal -0.290278 -0.956942 0
    outer loop
      vertex -6.75023 -19.8855 7.75
      vertex -5.4352 -20.2844 8.15
      vertex -6.75023 -19.8855 8.15
    endloop
  endfacet
  facet normal -0.290278 -0.956942 -0
    outer loop
      vertex -5.4352 -20.2844 8.15
      vertex -6.75023 -19.8855 7.75
      vertex -5.4352 -20.2844 7.75
    endloop
  endfacet
  facet normal 0.956942 0.290278 0
    outer loop
      vertex 20.2844 5.4352 8.15
      vertex 19.8855 6.75023 7.75
      vertex 19.8855 6.75023 8.15
    endloop
  endfacet
  facet normal 0.956942 0.290278 0
    outer loop
      vertex 19.8855 6.75023 7.75
      vertex 20.2844 5.4352 8.15
      vertex 20.2844 5.4352 7.75
    endloop
  endfacet
  facet normal -0.290278 0.956942 0
    outer loop
      vertex -5.4352 20.2844 7.75
      vertex -6.75023 19.8855 8.15
      vertex -5.4352 20.2844 8.15
    endloop
  endfacet
  facet normal -0.290278 0.956942 0
    outer loop
      vertex -6.75023 19.8855 8.15
      vertex -5.4352 20.2844 7.75
      vertex -6.75023 19.8855 7.75
    endloop
  endfacet
  facet normal 0.412742 0.910848 -0
    outer loop
      vertex 9.28806 18.8343 7.75
      vertex 8.03635 19.4015 8.15
      vertex 9.28806 18.8343 8.15
    endloop
  endfacet
  facet normal 0.412742 0.910848 0
    outer loop
      vertex 8.03635 19.4015 8.15
      vertex 9.28806 18.8343 7.75
      vertex 8.03635 19.4015 7.75
    endloop
  endfacet
  facet normal -0.88192 0.471399 0
    outer loop
      vertex -18.8343 9.28806 7.75
      vertex -18.1865 10.5 8.15
      vertex -18.1865 10.5 7.75
    endloop
  endfacet
  facet normal -0.88192 0.471399 0
    outer loop
      vertex -18.1865 10.5 8.15
      vertex -18.8343 9.28806 7.75
      vertex -18.8343 9.28806 8.15
    endloop
  endfacet
  facet normal -0.910848 -0.412742 0
    outer loop
      vertex -18.8343 -9.28806 7.75
      vertex -19.4015 -8.03635 8.15
      vertex -19.4015 -8.03635 7.75
    endloop
  endfacet
  facet normal -0.910848 -0.412742 0
    outer loop
      vertex -19.4015 -8.03635 8.15
      vertex -18.8343 -9.28806 7.75
      vertex -18.8343 -9.28806 8.15
    endloop
  endfacet
  facet normal -0.227112 -0.973869 0
    outer loop
      vertex -5.4352 -20.2844 7.75
      vertex -4.0969 -20.5965 8.15
      vertex -5.4352 -20.2844 8.15
    endloop
  endfacet
  facet normal -0.227112 -0.973869 -0
    outer loop
      vertex -4.0969 -20.5965 8.15
      vertex -5.4352 -20.2844 7.75
      vertex -4.0969 -20.5965 7.75
    endloop
  endfacet
  facet normal -0.956942 0.290278 0
    outer loop
      vertex -20.2844 5.4352 7.75
      vertex -19.8855 6.75023 8.15
      vertex -19.8855 6.75023 7.75
    endloop
  endfacet
  facet normal -0.956942 0.290278 0
    outer loop
      vertex -19.8855 6.75023 8.15
      vertex -20.2844 5.4352 7.75
      vertex -20.2844 5.4352 8.15
    endloop
  endfacet
  facet normal -0.412742 -0.910848 0
    outer loop
      vertex -9.28806 -18.8343 7.75
      vertex -8.03635 -19.4015 8.15
      vertex -9.28806 -18.8343 8.15
    endloop
  endfacet
  facet normal -0.412742 -0.910848 -0
    outer loop
      vertex -8.03635 -19.4015 8.15
      vertex -9.28806 -18.8343 7.75
      vertex -8.03635 -19.4015 7.75
    endloop
  endfacet
  facet normal -0.63439 0.773013 0
    outer loop
      vertex -12.784 16.6604 7.75
      vertex -13.8463 15.7886 8.15
      vertex -12.784 16.6604 8.15
    endloop
  endfacet
  facet normal -0.63439 0.773013 0
    outer loop
      vertex -13.8463 15.7886 8.15
      vertex -12.784 16.6604 7.75
      vertex -13.8463 15.7886 7.75
    endloop
  endfacet
  facet normal -0.471399 0.88192 0
    outer loop
      vertex -9.28806 18.8343 7.75
      vertex -10.5 18.1865 8.15
      vertex -9.28806 18.8343 8.15
    endloop
  endfacet
  facet normal -0.471399 0.88192 0
    outer loop
      vertex -10.5 18.1865 8.15
      vertex -9.28806 18.8343 7.75
      vertex -10.5 18.1865 7.75
    endloop
  endfacet
  facet normal 0.706917 -0.0231612 -0.706917
    outer loop
      vertex 20.955 -1.37347 7.75
      vertex 20 0 6.75
      vertex 21 0 7.75
    endloop
  endfacet
  facet normal -0.448705 -0.546754 -0.706912
    outer loop
      vertex -12.784 -16.6604 7.75
      vertex -13.8463 -15.7886 7.75
      vertex -12.1752 -15.8671 6.75
    endloop
  endfacet
  facet normal 0.291901 -0.644279 -0.706894
    outer loop
      vertex 9.28806 -18.8343 7.75
      vertex 7.65367 -18.4776 6.75
      vertex 8.84577 -17.9375 6.75
    endloop
  endfacet
  facet normal 0.623788 -0.333449 -0.706895
    outer loop
      vertex 18.8343 -9.28806 7.75
      vertex 17.3205 -10 6.75
      vertex 17.9375 -8.84577 6.75
    endloop
  endfacet
  facet normal 0.205313 -0.67685 -0.706909
    outer loop
      vertex 5.4352 -20.2844 7.75
      vertex 5.17638 -19.3185 6.75
      vertex 6.42879 -18.9386 6.75
    endloop
  endfacet
  facet normal -0.623785 0.333423 -0.70691
    outer loop
      vertex -17.3205 10 6.75
      vertex -18.8343 9.28806 7.75
      vertex -18.1865 10.5 7.75
    endloop
  endfacet
  facet normal 0.205313 0.67685 -0.706909
    outer loop
      vertex 6.42879 18.9386 6.75
      vertex 5.17638 19.3185 6.75
      vertex 5.4352 20.2844 7.75
    endloop
  endfacet
  facet normal 0.574931 0.411986 -0.70691
    outer loop
      vertex 16.6294 11.1114 6.75
      vertex 15.8671 12.1752 6.75
      vertex 16.6604 12.784 7.75
    endloop
  endfacet
  facet normal 0.249143 0.661974 -0.706908
    outer loop
      vertex 7.65367 18.4776 6.75
      vertex 6.42879 18.9386 6.75
      vertex 6.75023 19.8855 7.75
    endloop
  endfacet
  facet normal -0.115189 0.697849 -0.706922
    outer loop
      vertex -3.90181 19.6157 6.75
      vertex -4.0969 20.5965 7.75
      vertex -2.74105 20.8203 7.75
    endloop
  endfacet
  facet normal 0.411999 -0.574895 -0.706932
    outer loop
      vertex 11.667 -17.4609 7.75
      vertex 11.1114 -16.6294 6.75
      vertex 12.784 -16.6604 7.75
    endloop
  endfacet
  facet normal 0.516213 -0.483517 -0.70692
    outer loop
      vertex 15.7886 -13.8463 7.75
      vertex 14.1421 -14.1421 6.75
      vertex 15.0368 -13.1869 6.75
    endloop
  endfacet
  facet normal 0.249143 -0.661974 -0.706908
    outer loop
      vertex 6.75023 -19.8855 7.75
      vertex 6.42879 -18.9386 6.75
      vertex 7.65367 -18.4776 6.75
    endloop
  endfacet
  facet normal 0.411986 -0.574931 -0.70691
    outer loop
      vertex 12.784 -16.6604 7.75
      vertex 11.1114 -16.6294 6.75
      vertex 12.1752 -15.8671 6.75
    endloop
  endfacet
  facet normal -0.661968 -0.249115 -0.706923
    outer loop
      vertex -19.4015 -8.03635 7.75
      vertex -19.8855 -6.75023 7.75
      vertex -18.4776 -7.65367 6.75
    endloop
  endfacet
  facet normal 0.0231612 -0.706917 -0.706917
    outer loop
      vertex 0 -21 7.75
      vertex 0 -20 6.75
      vertex 1.37347 -20.955 7.75
    endloop
  endfacet
  facet normal 0.644279 -0.291901 -0.706894
    outer loop
      vertex 18.8343 -9.28806 7.75
      vertex 17.9375 -8.84577 6.75
      vertex 18.4776 -7.65367 6.75
    endloop
  endfacet
  facet normal -0.67685 0.205313 -0.706909
    outer loop
      vertex -19.3185 5.17638 6.75
      vertex -20.2844 5.4352 7.75
      vertex -18.9386 6.42879 6.75
    endloop
  endfacet
  facet normal -0.0231612 -0.706917 -0.706917
    outer loop
      vertex 0 -21 7.75
      vertex -1.37347 -20.955 7.75
      vertex 0 -20 6.75
    endloop
  endfacet
  facet normal 0.205315 0.676851 -0.706907
    outer loop
      vertex 6.42879 18.9386 6.75
      vertex 5.4352 20.2844 7.75
      vertex 6.75023 19.8855 7.75
    endloop
  endfacet
  facet normal -0.373472 -0.600663 -0.70691
    outer loop
      vertex -10.5 -18.1865 7.75
      vertex -11.667 -17.4609 7.75
      vertex -10 -17.3205 6.75
    endloop
  endfacet
  facet normal -0.411985 0.574846 -0.70698
    outer loop
      vertex -12.4508 16.6542 7.55079
      vertex -12.784 16.6604 7.75
      vertex -12.4508 16.8992 7.75
    endloop
  endfacet
  facet normal 0.411938 0.574972 -0.706905
    outer loop
      vertex 12.4508 16.2262 7.20267
      vertex 12.4508 16.6542 7.55079
      vertex 12.784 16.6604 7.75
    endloop
  endfacet
  facet normal 0.688809 -0.160635 -0.706922
    outer loop
      vertex 20.2844 -5.4352 7.75
      vertex 19.6157 -3.90181 6.75
      vertex 20.5965 -4.0969 7.75
    endloop
  endfacet
  facet normal 0.697864 -0.115222 -0.706902
    outer loop
      vertex 20.8203 -2.74105 7.75
      vertex 19.6157 -3.90181 6.75
      vertex 19.8289 -2.61052 6.75
    endloop
  endfacet
  facet normal 0.516211 -0.483527 -0.706915
    outer loop
      vertex 14.8492 -14.8492 7.75
      vertex 14.1421 -14.1421 6.75
      vertex 15.7886 -13.8463 7.75
    endloop
  endfacet
  facet normal -0.600663 0.373472 -0.70691
    outer loop
      vertex -17.3205 10 6.75
      vertex -18.1865 10.5 7.75
      vertex -17.4609 11.667 7.75
    endloop
  endfacet
  facet normal -0.546754 -0.448705 -0.706912
    outer loop
      vertex -15.7886 -13.8463 7.75
      vertex -16.6604 -12.784 7.75
      vertex -15.8671 -12.1752 6.75
    endloop
  endfacet
  facet normal -0.600628 -0.373488 -0.706932
    outer loop
      vertex -16.6294 -11.1114 6.75
      vertex -17.4609 -11.667 7.75
      vertex -17.3205 -10 6.75
    endloop
  endfacet
  facet normal -0.411999 -0.574895 -0.706932
    outer loop
      vertex -11.667 -17.4609 7.75
      vertex -12.784 -16.6604 7.75
      vertex -11.1114 -16.6294 6.75
    endloop
  endfacet
  facet normal -0.0231312 0.706939 -0.706896
    outer loop
      vertex -1.30806 19.9572 6.75
      vertex -1.37347 20.955 7.75
      vertex 0 20 6.75
    endloop
  endfacet
  facet normal 0.574895 -0.411999 -0.706932
    outer loop
      vertex 16.6604 -12.784 7.75
      vertex 16.6294 -11.1114 6.75
      vertex 17.4609 -11.667 7.75
    endloop
  endfacet
  facet normal 0.688809 0.160635 -0.706922
    outer loop
      vertex 20.5965 4.0969 7.75
      vertex 19.6157 3.90181 6.75
      vertex 20.2844 5.4352 7.75
    endloop
  endfacet
  facet normal -0.448709 -0.546741 -0.706919
    outer loop
      vertex -12.1752 -15.8671 6.75
      vertex -13.8463 -15.7886 7.75
      vertex -13.1869 -15.0368 6.75
    endloop
  endfacet
  facet normal 0.661974 -0.249143 -0.706908
    outer loop
      vertex 19.8855 -6.75023 7.75
      vertex 18.4776 -7.65367 6.75
      vertex 18.9386 -6.42879 6.75
    endloop
  endfacet
  facet normal -0.600628 0.373488 -0.706932
    outer loop
      vertex -17.3205 10 6.75
      vertex -17.4609 11.667 7.75
      vertex -16.6294 11.1114 6.75
    endloop
  endfacet
  facet normal 0.160635 0.688809 -0.706922
    outer loop
      vertex 5.4352 20.2844 7.75
      vertex 3.90181 19.6157 6.75
      vertex 4.0969 20.5965 7.75
    endloop
  endfacet
  facet normal 0.546741 -0.448709 -0.706919
    outer loop
      vertex 15.7886 -13.8463 7.75
      vertex 15.0368 -13.1869 6.75
      vertex 15.8671 -12.1752 6.75
    endloop
  endfacet
  facet normal 0.373488 -0.600628 -0.706932
    outer loop
      vertex 11.667 -17.4609 7.75
      vertex 10 -17.3205 6.75
      vertex 11.1114 -16.6294 6.75
    endloop
  endfacet
  facet normal -0.0231312 -0.706939 -0.706896
    outer loop
      vertex 0 -20 6.75
      vertex -1.37347 -20.955 7.75
      vertex -1.30806 -19.9572 6.75
    endloop
  endfacet
  facet normal -0.115222 0.697864 -0.706902
    outer loop
      vertex -2.61052 19.8289 6.75
      vertex -3.90181 19.6157 6.75
      vertex -2.74105 20.8203 7.75
    endloop
  endfacet
  facet normal 0.676851 -0.205315 -0.706907
    outer loop
      vertex 19.8855 -6.75023 7.75
      vertex 18.9386 -6.42879 6.75
      vertex 20.2844 -5.4352 7.75
    endloop
  endfacet
  facet normal -0.448702 0.546747 -0.706919
    outer loop
      vertex -13.8463 15.7886 7.75
      vertex -12.4508 15.6409 6.75
      vertex -13.1869 15.0368 6.75
    endloop
  endfacet
  facet normal -0.448685 0.546786 -0.7069
    outer loop
      vertex -12.4508 15.6409 6.75
      vertex -13.8463 15.7886 7.75
      vertex -12.4508 15.8541 6.91491
    endloop
  endfacet
  facet normal 0.0231312 -0.706939 -0.706896
    outer loop
      vertex 1.37347 -20.955 7.75
      vertex 0 -20 6.75
      vertex 1.30806 -19.9572 6.75
    endloop
  endfacet
  facet normal 0.706939 -0.0231312 -0.706896
    outer loop
      vertex 20.955 -1.37347 7.75
      vertex 19.9572 -1.30806 6.75
      vertex 20 0 6.75
    endloop
  endfacet
  facet normal -0.703905 -0.0693388 -0.706902
    outer loop
      vertex -19.8289 -2.61052 6.75
      vertex -20.8203 -2.74105 7.75
      vertex -19.9572 -1.30806 6.75
    endloop
  endfacet
  facet normal -0.697849 -0.115189 -0.706922
    outer loop
      vertex -20.5965 -4.0969 7.75
      vertex -20.8203 -2.74105 7.75
      vertex -19.6157 -3.90181 6.75
    endloop
  endfacet
  facet normal 0.688826 -0.160618 -0.706909
    outer loop
      vertex 20.2844 -5.4352 7.75
      vertex 19.3185 -5.17638 6.75
      vertex 19.6157 -3.90181 6.75
    endloop
  endfacet
  facet normal -0.0231612 0.706917 -0.706917
    outer loop
      vertex 0 20 6.75
      vertex -1.37347 20.955 7.75
      vertex 0 21 7.75
    endloop
  endfacet
  facet normal 0.0693388 -0.703905 -0.706902
    outer loop
      vertex 2.74105 -20.8203 7.75
      vertex 1.30806 -19.9572 6.75
      vertex 2.61052 -19.8289 6.75
    endloop
  endfacet
  facet normal 0.448705 -0.546754 -0.706912
    outer loop
      vertex 12.784 -16.6604 7.75
      vertex 12.1752 -15.8671 6.75
      vertex 13.8463 -15.7886 7.75
    endloop
  endfacet
  facet normal -0.115189 -0.697849 -0.706922
    outer loop
      vertex -2.74105 -20.8203 7.75
      vertex -4.0969 -20.5965 7.75
      vertex -3.90181 -19.6157 6.75
    endloop
  endfacet
  facet normal 0.0693318 -0.70391 -0.706897
    outer loop
      vertex 1.37347 -20.955 7.75
      vertex 1.30806 -19.9572 6.75
      vertex 2.74105 -20.8203 7.75
    endloop
  endfacet
  facet normal 0.661968 -0.249115 -0.706923
    outer loop
      vertex 19.4015 -8.03635 7.75
      vertex 18.4776 -7.65367 6.75
      vertex 19.8855 -6.75023 7.75
    endloop
  endfacet
  facet normal 0.67685 -0.205313 -0.706909
    outer loop
      vertex 20.2844 -5.4352 7.75
      vertex 18.9386 -6.42879 6.75
      vertex 19.3185 -5.17638 6.75
    endloop
  endfacet
  facet normal -0.160635 0.688809 -0.706922
    outer loop
      vertex -3.90181 19.6157 6.75
      vertex -5.4352 20.2844 7.75
      vertex -4.0969 20.5965 7.75
    endloop
  endfacet
  facet normal -0.483517 -0.516213 -0.70692
    outer loop
      vertex -13.8463 -15.7886 7.75
      vertex -14.1421 -14.1421 6.75
      vertex -13.1869 -15.0368 6.75
    endloop
  endfacet
  facet normal 0.291928 -0.644234 -0.706923
    outer loop
      vertex 8.03635 -19.4015 7.75
      vertex 7.65367 -18.4776 6.75
      vertex 9.28806 -18.8343 7.75
    endloop
  endfacet
  facet normal 0.160618 -0.688826 -0.706909
    outer loop
      vertex 5.4352 -20.2844 7.75
      vertex 3.90181 -19.6157 6.75
      vertex 5.17638 -19.3185 6.75
    endloop
  endfacet
  facet normal 0.115189 -0.697849 -0.706922
    outer loop
      vertex 4.0969 -20.5965 7.75
      vertex 2.74105 -20.8203 7.75
      vertex 3.90181 -19.6157 6.75
    endloop
  endfacet
  facet normal 0.661974 0.249143 -0.706908
    outer loop
      vertex 18.9386 6.42879 6.75
      vertex 18.4776 7.65367 6.75
      vertex 19.8855 6.75023 7.75
    endloop
  endfacet
  facet normal 0.249115 -0.661968 -0.706923
    outer loop
      vertex 8.03635 -19.4015 7.75
      vertex 6.75023 -19.8855 7.75
      vertex 7.65367 -18.4776 6.75
    endloop
  endfacet
  facet normal 0.546754 0.448705 -0.706912
    outer loop
      vertex 15.8671 12.1752 6.75
      vertex 15.7886 13.8463 7.75
      vertex 16.6604 12.784 7.75
    endloop
  endfacet
  facet normal 0.703905 -0.0693388 -0.706902
    outer loop
      vertex 20.8203 -2.74105 7.75
      vertex 19.8289 -2.61052 6.75
      vertex 19.9572 -1.30806 6.75
    endloop
  endfacet
  facet normal -0.676851 -0.205315 -0.706907
    outer loop
      vertex -19.8855 -6.75023 7.75
      vertex -20.2844 -5.4352 7.75
      vertex -18.9386 -6.42879 6.75
    endloop
  endfacet
  facet normal 0.623785 0.333423 -0.70691
    outer loop
      vertex 18.8343 9.28806 7.75
      vertex 17.3205 10 6.75
      vertex 18.1865 10.5 7.75
    endloop
  endfacet
  facet normal 0.676851 0.205315 -0.706907
    outer loop
      vertex 20.2844 5.4352 7.75
      vertex 18.9386 6.42879 6.75
      vertex 19.8855 6.75023 7.75
    endloop
  endfacet
  facet normal 0.644279 0.291901 -0.706894
    outer loop
      vertex 18.4776 7.65367 6.75
      vertex 17.9375 8.84577 6.75
      vertex 18.8343 9.28806 7.75
    endloop
  endfacet
  facet normal -0.483517 0.516213 -0.70692
    outer loop
      vertex -13.1869 15.0368 6.75
      vertex -14.1421 14.1421 6.75
      vertex -13.8463 15.7886 7.75
    endloop
  endfacet
  facet normal 0.623785 -0.333423 -0.70691
    outer loop
      vertex 18.1865 -10.5 7.75
      vertex 17.3205 -10 6.75
      vertex 18.8343 -9.28806 7.75
    endloop
  endfacet
  facet normal -0.644234 -0.291928 -0.706923
    outer loop
      vertex -18.8343 -9.28806 7.75
      vertex -19.4015 -8.03635 7.75
      vertex -18.4776 -7.65367 6.75
    endloop
  endfacet
  facet normal 0.546741 0.448709 -0.706919
    outer loop
      vertex 15.8671 12.1752 6.75
      vertex 15.0368 13.1869 6.75
      vertex 15.7886 13.8463 7.75
    endloop
  endfacet
  facet normal -0.249143 -0.661974 -0.706908
    outer loop
      vertex -6.75023 -19.8855 7.75
      vertex -7.65367 -18.4776 6.75
      vertex -6.42879 -18.9386 6.75
    endloop
  endfacet
  facet normal 0.706917 0.0231612 -0.706917
    outer loop
      vertex 21 0 7.75
      vertex 20 0 6.75
      vertex 20.955 1.37347 7.75
    endloop
  endfacet
  facet normal 0.0231612 0.706917 -0.706917
    outer loop
      vertex 0 20 6.75
      vertex 0 21 7.75
      vertex 1.37347 20.955 7.75
    endloop
  endfacet
  facet normal 0.70391 -0.0693318 -0.706897
    outer loop
      vertex 20.8203 -2.74105 7.75
      vertex 19.9572 -1.30806 6.75
      vertex 20.955 -1.37347 7.75
    endloop
  endfacet
  facet normal 0.574895 0.411999 -0.706932
    outer loop
      vertex 17.4609 11.667 7.75
      vertex 16.6294 11.1114 6.75
      vertex 16.6604 12.784 7.75
    endloop
  endfacet
  facet normal 0.697864 0.115222 -0.706902
    outer loop
      vertex 19.8289 2.61052 6.75
      vertex 19.6157 3.90181 6.75
      vertex 20.8203 2.74105 7.75
    endloop
  endfacet
  facet normal -0.483527 -0.516211 -0.706915
    outer loop
      vertex -13.8463 -15.7886 7.75
      vertex -14.8492 -14.8492 7.75
      vertex -14.1421 -14.1421 6.75
    endloop
  endfacet
  facet normal -0.291928 -0.644234 -0.706923
    outer loop
      vertex -8.03635 -19.4015 7.75
      vertex -9.28806 -18.8343 7.75
      vertex -7.65367 -18.4776 6.75
    endloop
  endfacet
  facet normal -0.697864 0.115222 -0.706902
    outer loop
      vertex -19.8289 2.61052 6.75
      vertex -20.8203 2.74105 7.75
      vertex -19.6157 3.90181 6.75
    endloop
  endfacet
  facet normal 0.697849 0.115189 -0.706922
    outer loop
      vertex 20.8203 2.74105 7.75
      vertex 19.6157 3.90181 6.75
      vertex 20.5965 4.0969 7.75
    endloop
  endfacet
  facet normal 0.333433 0.623788 -0.706902
    outer loop
      vertex 9.85652 17.6256 6.95153
      vertex 10.5 18.1865 7.75
      vertex 10.1761 17.6256 7.10227
    endloop
  endfacet
  facet normal 0.333427 0.623793 -0.706901
    outer loop
      vertex 10.5 18.1865 7.75
      vertex 9.85652 17.6256 6.95153
      vertex 9.28806 18.8343 7.75
    endloop
  endfacet
  facet normal 0.160635 -0.688809 -0.706922
    outer loop
      vertex 4.0969 -20.5965 7.75
      vertex 3.90181 -19.6157 6.75
      vertex 5.4352 -20.2844 7.75
    endloop
  endfacet
  facet normal -0.0693318 -0.70391 -0.706897
    outer loop
      vertex -1.37347 -20.955 7.75
      vertex -2.74105 -20.8203 7.75
      vertex -1.30806 -19.9572 6.75
    endloop
  endfacet
  facet normal 0.291901 0.644279 -0.706894
    outer loop
      vertex 8.84577 17.9375 6.75
      vertex 7.65367 18.4776 6.75
      vertex 9.28806 18.8343 7.75
    endloop
  endfacet
  facet normal 0.644234 -0.291928 -0.706923
    outer loop
      vertex 18.8343 -9.28806 7.75
      vertex 18.4776 -7.65367 6.75
      vertex 19.4015 -8.03635 7.75
    endloop
  endfacet
  facet normal 0.574931 -0.411986 -0.70691
    outer loop
      vertex 16.6604 -12.784 7.75
      vertex 15.8671 -12.1752 6.75
      vertex 16.6294 -11.1114 6.75
    endloop
  endfacet
  facet normal 0.115222 -0.697864 -0.706902
    outer loop
      vertex 2.74105 -20.8203 7.75
      vertex 2.61052 -19.8289 6.75
      vertex 3.90181 -19.6157 6.75
    endloop
  endfacet
  facet normal -0.661968 0.249115 -0.706923
    outer loop
      vertex -18.4776 7.65367 6.75
      vertex -19.8855 6.75023 7.75
      vertex -19.4015 8.03635 7.75
    endloop
  endfacet
  facet normal -0.0693388 0.703905 -0.706902
    outer loop
      vertex -2.61052 19.8289 6.75
      vertex -2.74105 20.8203 7.75
      vertex -1.30806 19.9572 6.75
    endloop
  endfacet
  facet normal 0.0693318 0.70391 -0.706897
    outer loop
      vertex 2.74105 20.8203 7.75
      vertex 1.30806 19.9572 6.75
      vertex 1.37347 20.955 7.75
    endloop
  endfacet
  facet normal 0.483517 -0.516213 -0.70692
    outer loop
      vertex 13.8463 -15.7886 7.75
      vertex 13.1869 -15.0368 6.75
      vertex 14.1421 -14.1421 6.75
    endloop
  endfacet
  facet normal 0.483527 -0.516211 -0.706915
    outer loop
      vertex 14.8492 -14.8492 7.75
      vertex 13.8463 -15.7886 7.75
      vertex 14.1421 -14.1421 6.75
    endloop
  endfacet
  facet normal 0.333423 -0.623785 -0.70691
    outer loop
      vertex 10.5 -18.1865 7.75
      vertex 9.28806 -18.8343 7.75
      vertex 10 -17.3205 6.75
    endloop
  endfacet
  facet normal -0.0693318 0.70391 -0.706897
    outer loop
      vertex -1.30806 19.9572 6.75
      vertex -2.74105 20.8203 7.75
      vertex -1.37347 20.955 7.75
    endloop
  endfacet
  facet normal 0.600663 -0.373472 -0.70691
    outer loop
      vertex 17.4609 -11.667 7.75
      vertex 17.3205 -10 6.75
      vertex 18.1865 -10.5 7.75
    endloop
  endfacet
  facet normal 0.205315 -0.676851 -0.706907
    outer loop
      vertex 6.75023 -19.8855 7.75
      vertex 5.4352 -20.2844 7.75
      vertex 6.42879 -18.9386 6.75
    endloop
  endfacet
  facet normal 0.373472 -0.600663 -0.70691
    outer loop
      vertex 10.5 -18.1865 7.75
      vertex 10 -17.3205 6.75
      vertex 11.667 -17.4609 7.75
    endloop
  endfacet
  facet normal 0.448697 0.546744 -0.706924
    outer loop
      vertex 12.4508 15.8541 6.91491
      vertex 12.784 16.6604 7.75
      vertex 13.8463 15.7886 7.75
    endloop
  endfacet
  facet normal 0.448807 0.546678 -0.706905
    outer loop
      vertex 12.784 16.6604 7.75
      vertex 12.4508 15.8541 6.91491
      vertex 12.4508 16.2262 7.20267
    endloop
  endfacet
  facet normal 0.115222 0.697864 -0.706902
    outer loop
      vertex 3.90181 19.6157 6.75
      vertex 2.61052 19.8289 6.75
      vertex 2.74105 20.8203 7.75
    endloop
  endfacet
  facet normal -0.703905 0.0693388 -0.706902
    outer loop
      vertex -19.9572 1.30806 6.75
      vertex -20.8203 2.74105 7.75
      vertex -19.8289 2.61052 6.75
    endloop
  endfacet
  facet normal -0.697864 -0.115222 -0.706902
    outer loop
      vertex -19.6157 -3.90181 6.75
      vertex -20.8203 -2.74105 7.75
      vertex -19.8289 -2.61052 6.75
    endloop
  endfacet
  facet normal -0.249115 -0.661968 -0.706923
    outer loop
      vertex -6.75023 -19.8855 7.75
      vertex -8.03635 -19.4015 7.75
      vertex -7.65367 -18.4776 6.75
    endloop
  endfacet
  facet normal 0.291928 0.644234 -0.706923
    outer loop
      vertex 9.28806 18.8343 7.75
      vertex 7.65367 18.4776 6.75
      vertex 8.03635 19.4015 7.75
    endloop
  endfacet
  facet normal 0.623788 0.333449 -0.706895
    outer loop
      vertex 17.9375 8.84577 6.75
      vertex 17.3205 10 6.75
      vertex 18.8343 9.28806 7.75
    endloop
  endfacet
  facet normal -0.661974 -0.249143 -0.706908
    outer loop
      vertex -18.4776 -7.65367 6.75
      vertex -19.8855 -6.75023 7.75
      vertex -18.9386 -6.42879 6.75
    endloop
  endfacet
  facet normal -0.623785 -0.333423 -0.70691
    outer loop
      vertex -18.1865 -10.5 7.75
      vertex -18.8343 -9.28806 7.75
      vertex -17.3205 -10 6.75
    endloop
  endfacet
  facet normal 0.0693388 0.703905 -0.706902
    outer loop
      vertex 2.61052 19.8289 6.75
      vertex 1.30806 19.9572 6.75
      vertex 2.74105 20.8203 7.75
    endloop
  endfacet
  facet normal 0.448709 -0.546741 -0.706919
    outer loop
      vertex 13.8463 -15.7886 7.75
      vertex 12.1752 -15.8671 6.75
      vertex 13.1869 -15.0368 6.75
    endloop
  endfacet
  facet normal 0.516211 0.483527 -0.706915
    outer loop
      vertex 15.7886 13.8463 7.75
      vertex 14.1421 14.1421 6.75
      vertex 14.8492 14.8492 7.75
    endloop
  endfacet
  facet normal -0.706939 -0.0231312 -0.706896
    outer loop
      vertex -19.9572 -1.30806 6.75
      vertex -20.955 -1.37347 7.75
      vertex -20 0 6.75
    endloop
  endfacet
  facet normal 0.697849 -0.115189 -0.706922
    outer loop
      vertex 20.5965 -4.0969 7.75
      vertex 19.6157 -3.90181 6.75
      vertex 20.8203 -2.74105 7.75
    endloop
  endfacet
  facet normal -0.574895 0.411999 -0.706932
    outer loop
      vertex -16.6294 11.1114 6.75
      vertex -17.4609 11.667 7.75
      vertex -16.6604 12.784 7.75
    endloop
  endfacet
  facet normal 0.70391 0.0693318 -0.706897
    outer loop
      vertex 20.955 1.37347 7.75
      vertex 19.9572 1.30806 6.75
      vertex 20.8203 2.74105 7.75
    endloop
  endfacet
  facet normal 0.706939 0.0231312 -0.706896
    outer loop
      vertex 20 0 6.75
      vertex 19.9572 1.30806 6.75
      vertex 20.955 1.37347 7.75
    endloop
  endfacet
  facet normal 0.249115 0.661968 -0.706923
    outer loop
      vertex 7.65367 18.4776 6.75
      vertex 6.75023 19.8855 7.75
      vertex 8.03635 19.4015 7.75
    endloop
  endfacet
  facet normal 0.333449 -0.623788 -0.706895
    outer loop
      vertex 9.28806 -18.8343 7.75
      vertex 8.84577 -17.9375 6.75
      vertex 10 -17.3205 6.75
    endloop
  endfacet
  facet normal -0.706917 -0.0231612 -0.706917
    outer loop
      vertex -20.955 -1.37347 7.75
      vertex -21 0 7.75
      vertex -20 0 6.75
    endloop
  endfacet
  facet normal -0.160618 -0.688826 -0.706909
    outer loop
      vertex -3.90181 -19.6157 6.75
      vertex -5.4352 -20.2844 7.75
      vertex -5.17638 -19.3185 6.75
    endloop
  endfacet
  facet normal 0.600628 -0.373488 -0.706932
    outer loop
      vertex 17.4609 -11.667 7.75
      vertex 16.6294 -11.1114 6.75
      vertex 17.3205 -10 6.75
    endloop
  endfacet
  facet normal -0.205315 -0.676851 -0.706907
    outer loop
      vertex -5.4352 -20.2844 7.75
      vertex -6.75023 -19.8855 7.75
      vertex -6.42879 -18.9386 6.75
    endloop
  endfacet
  facet normal 0.516213 0.483517 -0.70692
    outer loop
      vertex 15.0368 13.1869 6.75
      vertex 14.1421 14.1421 6.75
      vertex 15.7886 13.8463 7.75
    endloop
  endfacet
  facet normal 0.546754 -0.448705 -0.706912
    outer loop
      vertex 16.6604 -12.784 7.75
      vertex 15.7886 -13.8463 7.75
      vertex 15.8671 -12.1752 6.75
    endloop
  endfacet
  facet normal -0.373477 0.600667 -0.706905
    outer loop
      vertex -10.1761 17.6256 7.10227
      vertex -11.4021 17.6256 7.75
      vertex -10.5 18.1865 7.75
    endloop
  endfacet
  facet normal -0.70391 -0.0693318 -0.706897
    outer loop
      vertex -20.8203 -2.74105 7.75
      vertex -20.955 -1.37347 7.75
      vertex -19.9572 -1.30806 6.75
    endloop
  endfacet
  facet normal 0.115189 0.697849 -0.706922
    outer loop
      vertex 3.90181 19.6157 6.75
      vertex 2.74105 20.8203 7.75
      vertex 4.0969 20.5965 7.75
    endloop
  endfacet
  facet normal 0.483527 0.516211 -0.706915
    outer loop
      vertex 14.1421 14.1421 6.75
      vertex 13.8463 15.7886 7.75
      vertex 14.8492 14.8492 7.75
    endloop
  endfacet
  facet normal -0.373488 -0.600628 -0.706932
    outer loop
      vertex -10 -17.3205 6.75
      vertex -11.667 -17.4609 7.75
      vertex -11.1114 -16.6294 6.75
    endloop
  endfacet
  facet normal -0.688809 -0.160635 -0.706922
    outer loop
      vertex -20.2844 -5.4352 7.75
      vertex -20.5965 -4.0969 7.75
      vertex -19.6157 -3.90181 6.75
    endloop
  endfacet
  facet normal -0.516213 -0.483517 -0.70692
    outer loop
      vertex -14.1421 -14.1421 6.75
      vertex -15.7886 -13.8463 7.75
      vertex -15.0368 -13.1869 6.75
    endloop
  endfacet
  facet normal 0.600628 0.373488 -0.706932
    outer loop
      vertex 17.3205 10 6.75
      vertex 16.6294 11.1114 6.75
      vertex 17.4609 11.667 7.75
    endloop
  endfacet
  facet normal -0.333449 -0.623788 -0.706895
    outer loop
      vertex -9.28806 -18.8343 7.75
      vertex -10 -17.3205 6.75
      vertex -8.84577 -17.9375 6.75
    endloop
  endfacet
  facet normal -0.697849 0.115189 -0.706922
    outer loop
      vertex -19.6157 3.90181 6.75
      vertex -20.8203 2.74105 7.75
      vertex -20.5965 4.0969 7.75
    endloop
  endfacet
  facet normal -0.411986 -0.574931 -0.70691
    outer loop
      vertex -11.1114 -16.6294 6.75
      vertex -12.784 -16.6604 7.75
      vertex -12.1752 -15.8671 6.75
    endloop
  endfacet
  facet normal -0.160635 -0.688809 -0.706922
    outer loop
      vertex -4.0969 -20.5965 7.75
      vertex -5.4352 -20.2844 7.75
      vertex -3.90181 -19.6157 6.75
    endloop
  endfacet
  facet normal -0.115222 -0.697864 -0.706902
    outer loop
      vertex -2.74105 -20.8203 7.75
      vertex -3.90181 -19.6157 6.75
      vertex -2.61052 -19.8289 6.75
    endloop
  endfacet
  facet normal -0.644234 0.291928 -0.706923
    outer loop
      vertex -18.4776 7.65367 6.75
      vertex -19.4015 8.03635 7.75
      vertex -18.8343 9.28806 7.75
    endloop
  endfacet
  facet normal -0.67685 -0.205313 -0.706909
    outer loop
      vertex -18.9386 -6.42879 6.75
      vertex -20.2844 -5.4352 7.75
      vertex -19.3185 -5.17638 6.75
    endloop
  endfacet
  facet normal -0.160618 0.688826 -0.706909
    outer loop
      vertex -5.17638 19.3185 6.75
      vertex -5.4352 20.2844 7.75
      vertex -3.90181 19.6157 6.75
    endloop
  endfacet
  facet normal -0.483527 0.516211 -0.706915
    outer loop
      vertex -14.1421 14.1421 6.75
      vertex -14.8492 14.8492 7.75
      vertex -13.8463 15.7886 7.75
    endloop
  endfacet
  facet normal -0.448807 0.546678 -0.706905
    outer loop
      vertex -12.4508 15.8541 6.91491
      vertex -12.784 16.6604 7.75
      vertex -12.4508 16.2262 7.20267
    endloop
  endfacet
  facet normal -0.448697 0.546744 -0.706924
    outer loop
      vertex -12.784 16.6604 7.75
      vertex -12.4508 15.8541 6.91491
      vertex -13.8463 15.7886 7.75
    endloop
  endfacet
  facet normal 0.411985 0.574846 -0.70698
    outer loop
      vertex 12.4508 16.6542 7.55079
      vertex 12.4508 16.8992 7.75
      vertex 12.784 16.6604 7.75
    endloop
  endfacet
  facet normal 0.600663 0.373472 -0.70691
    outer loop
      vertex 18.1865 10.5 7.75
      vertex 17.3205 10 6.75
      vertex 17.4609 11.667 7.75
    endloop
  endfacet
  facet normal 0.0231312 0.706939 -0.706896
    outer loop
      vertex 1.30806 19.9572 6.75
      vertex 0 20 6.75
      vertex 1.37347 20.955 7.75
    endloop
  endfacet
  facet normal -0.291901 -0.644279 -0.706894
    outer loop
      vertex -7.65367 -18.4776 6.75
      vertex -9.28806 -18.8343 7.75
      vertex -8.84577 -17.9375 6.75
    endloop
  endfacet
  facet normal -0.70391 0.0693318 -0.706897
    outer loop
      vertex -19.9572 1.30806 6.75
      vertex -20.955 1.37347 7.75
      vertex -20.8203 2.74105 7.75
    endloop
  endfacet
  facet normal 0.644234 0.291928 -0.706923
    outer loop
      vertex 19.4015 8.03635 7.75
      vertex 18.4776 7.65367 6.75
      vertex 18.8343 9.28806 7.75
    endloop
  endfacet
  facet normal 0.661968 0.249115 -0.706923
    outer loop
      vertex 19.8855 6.75023 7.75
      vertex 18.4776 7.65367 6.75
      vertex 19.4015 8.03635 7.75
    endloop
  endfacet
  facet normal 0.373477 0.600667 -0.706905
    outer loop
      vertex 11.4021 17.6256 7.75
      vertex 10.1761 17.6256 7.10227
      vertex 10.5 18.1865 7.75
    endloop
  endfacet
  facet normal -0.546754 0.448705 -0.706912
    outer loop
      vertex -15.8671 12.1752 6.75
      vertex -16.6604 12.784 7.75
      vertex -15.7886 13.8463 7.75
    endloop
  endfacet
  facet normal -0.333433 0.623788 -0.706902
    outer loop
      vertex -10.5 18.1865 7.75
      vertex -9.85652 17.6256 6.95153
      vertex -10.1761 17.6256 7.10227
    endloop
  endfacet
  facet normal -0.333427 0.623793 -0.706901
    outer loop
      vertex -9.85652 17.6256 6.95153
      vertex -10.5 18.1865 7.75
      vertex -9.28806 18.8343 7.75
    endloop
  endfacet
  facet normal -0.600663 -0.373472 -0.70691
    outer loop
      vertex -17.4609 -11.667 7.75
      vertex -18.1865 -10.5 7.75
      vertex -17.3205 -10 6.75
    endloop
  endfacet
  facet normal 0.333418 0.623792 -0.706906
    outer loop
      vertex 9.42924 17.6256 6.75
      vertex 9.28806 18.8343 7.75
      vertex 9.85652 17.6256 6.95153
    endloop
  endfacet
  facet normal 0.333452 0.623787 -0.706894
    outer loop
      vertex 9.28806 18.8343 7.75
      vertex 9.42924 17.6256 6.75
      vertex 8.84577 17.9375 6.75
    endloop
  endfacet
  facet normal -0.676851 0.205315 -0.706907
    outer loop
      vertex -18.9386 6.42879 6.75
      vertex -20.2844 5.4352 7.75
      vertex -19.8855 6.75023 7.75
    endloop
  endfacet
  facet normal -0.623788 -0.333449 -0.706895
    outer loop
      vertex -17.3205 -10 6.75
      vertex -18.8343 -9.28806 7.75
      vertex -17.9375 -8.84577 6.75
    endloop
  endfacet
  facet normal -0.249143 0.661974 -0.706908
    outer loop
      vertex -6.42879 18.9386 6.75
      vertex -7.65367 18.4776 6.75
      vertex -6.75023 19.8855 7.75
    endloop
  endfacet
  facet normal 0.483517 0.516213 -0.70692
    outer loop
      vertex 14.1421 14.1421 6.75
      vertex 13.1869 15.0368 6.75
      vertex 13.8463 15.7886 7.75
    endloop
  endfacet
  facet normal 0.160618 0.688826 -0.706909
    outer loop
      vertex 5.17638 19.3185 6.75
      vertex 3.90181 19.6157 6.75
      vertex 5.4352 20.2844 7.75
    endloop
  endfacet
  facet normal 0.703905 0.0693388 -0.706902
    outer loop
      vertex 19.9572 1.30806 6.75
      vertex 19.8289 2.61052 6.75
      vertex 20.8203 2.74105 7.75
    endloop
  endfacet
  facet normal 0.688826 0.160618 -0.706909
    outer loop
      vertex 19.6157 3.90181 6.75
      vertex 19.3185 5.17638 6.75
      vertex 20.2844 5.4352 7.75
    endloop
  endfacet
  facet normal 0.67685 0.205313 -0.706909
    outer loop
      vertex 19.3185 5.17638 6.75
      vertex 18.9386 6.42879 6.75
      vertex 20.2844 5.4352 7.75
    endloop
  endfacet
  facet normal -0.516211 0.483527 -0.706915
    outer loop
      vertex -14.1421 14.1421 6.75
      vertex -15.7886 13.8463 7.75
      vertex -14.8492 14.8492 7.75
    endloop
  endfacet
  facet normal -0.205313 0.67685 -0.706909
    outer loop
      vertex -5.17638 19.3185 6.75
      vertex -6.42879 18.9386 6.75
      vertex -5.4352 20.2844 7.75
    endloop
  endfacet
  facet normal -0.623788 0.333449 -0.706895
    outer loop
      vertex -17.9375 8.84577 6.75
      vertex -18.8343 9.28806 7.75
      vertex -17.3205 10 6.75
    endloop
  endfacet
  facet normal -0.574931 -0.411986 -0.70691
    outer loop
      vertex -15.8671 -12.1752 6.75
      vertex -16.6604 -12.784 7.75
      vertex -16.6294 -11.1114 6.75
    endloop
  endfacet
  facet normal -0.546741 -0.448709 -0.706919
    outer loop
      vertex -15.7886 -13.8463 7.75
      vertex -15.8671 -12.1752 6.75
      vertex -15.0368 -13.1869 6.75
    endloop
  endfacet
  facet normal -0.516211 -0.483527 -0.706915
    outer loop
      vertex -14.8492 -14.8492 7.75
      vertex -15.7886 -13.8463 7.75
      vertex -14.1421 -14.1421 6.75
    endloop
  endfacet
  facet normal -0.411938 0.574972 -0.706905
    outer loop
      vertex -12.4508 16.2262 7.20267
      vertex -12.784 16.6604 7.75
      vertex -12.4508 16.6542 7.55079
    endloop
  endfacet
  facet normal -0.291901 0.644279 -0.706894
    outer loop
      vertex -8.84577 17.9375 6.75
      vertex -9.28806 18.8343 7.75
      vertex -7.65367 18.4776 6.75
    endloop
  endfacet
  facet normal -0.706939 0.0231312 -0.706896
    outer loop
      vertex -20 0 6.75
      vertex -20.955 1.37347 7.75
      vertex -19.9572 1.30806 6.75
    endloop
  endfacet
  facet normal -0.574895 -0.411999 -0.706932
    outer loop
      vertex -16.6604 -12.784 7.75
      vertex -17.4609 -11.667 7.75
      vertex -16.6294 -11.1114 6.75
    endloop
  endfacet
  facet normal -0.516213 0.483517 -0.70692
    outer loop
      vertex -15.0368 13.1869 6.75
      vertex -15.7886 13.8463 7.75
      vertex -14.1421 14.1421 6.75
    endloop
  endfacet
  facet normal -0.0693388 -0.703905 -0.706902
    outer loop
      vertex -1.30806 -19.9572 6.75
      vertex -2.74105 -20.8203 7.75
      vertex -2.61052 -19.8289 6.75
    endloop
  endfacet
  facet normal -0.644279 -0.291901 -0.706894
    outer loop
      vertex -17.9375 -8.84577 6.75
      vertex -18.8343 -9.28806 7.75
      vertex -18.4776 -7.65367 6.75
    endloop
  endfacet
  facet normal 0.448702 0.546747 -0.706919
    outer loop
      vertex 12.4508 15.6409 6.75
      vertex 13.8463 15.7886 7.75
      vertex 13.1869 15.0368 6.75
    endloop
  endfacet
  facet normal 0.448685 0.546786 -0.7069
    outer loop
      vertex 13.8463 15.7886 7.75
      vertex 12.4508 15.6409 6.75
      vertex 12.4508 15.8541 6.91491
    endloop
  endfacet
  facet normal -0.205313 -0.67685 -0.706909
    outer loop
      vertex -5.4352 -20.2844 7.75
      vertex -6.42879 -18.9386 6.75
      vertex -5.17638 -19.3185 6.75
    endloop
  endfacet
  facet normal -0.688809 0.160635 -0.706922
    outer loop
      vertex -19.6157 3.90181 6.75
      vertex -20.5965 4.0969 7.75
      vertex -20.2844 5.4352 7.75
    endloop
  endfacet
  facet normal -0.688826 -0.160618 -0.706909
    outer loop
      vertex -19.3185 -5.17638 6.75
      vertex -20.2844 -5.4352 7.75
      vertex -19.6157 -3.90181 6.75
    endloop
  endfacet
  facet normal -0.644279 0.291901 -0.706894
    outer loop
      vertex -18.4776 7.65367 6.75
      vertex -18.8343 9.28806 7.75
      vertex -17.9375 8.84577 6.75
    endloop
  endfacet
  facet normal -0.706917 0.0231612 -0.706917
    outer loop
      vertex -20 0 6.75
      vertex -21 0 7.75
      vertex -20.955 1.37347 7.75
    endloop
  endfacet
  facet normal -0.333423 -0.623785 -0.70691
    outer loop
      vertex -9.28806 -18.8343 7.75
      vertex -10.5 -18.1865 7.75
      vertex -10 -17.3205 6.75
    endloop
  endfacet
  facet normal -0.205315 0.676851 -0.706907
    outer loop
      vertex -6.42879 18.9386 6.75
      vertex -6.75023 19.8855 7.75
      vertex -5.4352 20.2844 7.75
    endloop
  endfacet
  facet normal -0.291928 0.644234 -0.706923
    outer loop
      vertex -7.65367 18.4776 6.75
      vertex -9.28806 18.8343 7.75
      vertex -8.03635 19.4015 7.75
    endloop
  endfacet
  facet normal -0.249115 0.661968 -0.706923
    outer loop
      vertex -7.65367 18.4776 6.75
      vertex -8.03635 19.4015 7.75
      vertex -6.75023 19.8855 7.75
    endloop
  endfacet
  facet normal -0.546741 0.448709 -0.706919
    outer loop
      vertex -15.0368 13.1869 6.75
      vertex -15.8671 12.1752 6.75
      vertex -15.7886 13.8463 7.75
    endloop
  endfacet
  facet normal -0.661974 0.249143 -0.706908
    outer loop
      vertex -18.9386 6.42879 6.75
      vertex -19.8855 6.75023 7.75
      vertex -18.4776 7.65367 6.75
    endloop
  endfacet
  facet normal -0.333452 0.623787 -0.706894
    outer loop
      vertex -9.42924 17.6256 6.75
      vertex -9.28806 18.8343 7.75
      vertex -8.84577 17.9375 6.75
    endloop
  endfacet
  facet normal -0.333418 0.623792 -0.706906
    outer loop
      vertex -9.28806 18.8343 7.75
      vertex -9.42924 17.6256 6.75
      vertex -9.85652 17.6256 6.95153
    endloop
  endfacet
  facet normal -0.688826 0.160618 -0.706909
    outer loop
      vertex -19.6157 3.90181 6.75
      vertex -20.2844 5.4352 7.75
      vertex -19.3185 5.17638 6.75
    endloop
  endfacet
  facet normal -0.574931 0.411986 -0.70691
    outer loop
      vertex -16.6294 11.1114 6.75
      vertex -16.6604 12.784 7.75
      vertex -15.8671 12.1752 6.75
    endloop
  endfacet
  facet normal -1 0 0
    outer loop
      vertex -7.0508 17.1026 3
      vertex -7.0508 17.6256 8.15
      vertex -7.0508 17.6256 3
    endloop
  endfacet
  facet normal -1 -0 0
    outer loop
      vertex -7.0508 17.6256 8.15
      vertex -7.0508 17.1026 3
      vertex -7.0508 17.1026 8.15
    endloop
  endfacet
  facet normal 0 0 1
    outer loop
      vertex -12.9508 13.2039 3
      vertex -13.0815 13.0815 3
      vertex -12.9508 13.1256 3
    endloop
  endfacet
  facet normal 0 0 1
    outer loop
      vertex 1.12504 -12.6857 3
      vertex 18.5 0 3
      vertex 18.4604 1.20996 3
    endloop
  endfacet
  facet normal 0 0 1
    outer loop
      vertex 0.905867 -12.6193 3
      vertex 18.4604 1.20996 3
      vertex 18.3417 2.41473 3
    endloop
  endfacet
  facet normal 0 0 1
    outer loop
      vertex 18.5 0 3
      vertex 1.12504 -12.6857 3
      vertex 18.4604 -1.20996 3
    endloop
  endfacet
  facet normal 0 0 1
    outer loop
      vertex 0.905867 -12.6193 3
      vertex 18.3417 2.41473 3
      vertex 18.1445 3.60917 3
    endloop
  endfacet
  facet normal 0 0 1
    outer loop
      vertex 18.4604 -1.20996 3
      vertex 1.12504 -12.6857 3
      vertex 18.3417 -2.41473 3
    endloop
  endfacet
  facet normal 0 0 1
    outer loop
      vertex 0.905867 -12.6193 3
      vertex 18.1445 3.60917 3
      vertex 17.8696 4.78815 3
    endloop
  endfacet
  facet normal 0 -0 1
    outer loop
      vertex 1.33939 -12.7664 3
      vertex 18.3417 -2.41473 3
      vertex 1.12504 -12.6857 3
    endloop
  endfacet
  facet normal 0 0 1
    outer loop
      vertex 0.905867 -12.6193 3
      vertex 17.8696 4.78815 3
      vertex 17.5182 5.94663 3
    endloop
  endfacet
  facet normal 0 0 1
    outer loop
      vertex 18.3417 -2.41473 3
      vertex 1.33939 -12.7664 3
      vertex 18.1445 -3.60917 3
    endloop
  endfacet
  facet normal 0 0 1
    outer loop
      vertex 0.682816 -12.5673 3
      vertex 17.5182 5.94663 3
      vertex 17.0918 7.07964 3
    endloop
  endfacet
  facet normal 0 0 1
    outer loop
      vertex 18.1445 -3.60917 3
      vertex 1.33939 -12.7664 3
      vertex 17.8696 -4.78815 3
    endloop
  endfacet
  facet normal 0 0 1
    outer loop
      vertex 0.682816 -12.5673 3
      vertex 17.0918 7.07964 3
      vertex 16.5921 8.18234 3
    endloop
  endfacet
  facet normal 0 0 1
    outer loop
      vertex 17.8696 -4.78815 3
      vertex 1.33939 -12.7664 3
      vertex 17.5182 -5.94663 3
    endloop
  endfacet
  facet normal 0 0 1
    outer loop
      vertex 0.682816 -12.5673 3
      vertex 16.5921 8.18234 3
      vertex 16.0215 9.25 3
    endloop
  endfacet
  facet normal 0 -0 1
    outer loop
      vertex 1.54801 -12.8609 3
      vertex 17.5182 -5.94663 3
      vertex 1.33939 -12.7664 3
    endloop
  endfacet
  facet normal 0 0 1
    outer loop
      vertex 0.682816 -12.5673 3
      vertex 16.0215 9.25 3
      vertex 15.3822 10.278 3
    endloop
  endfacet
  facet normal 0 0 1
    outer loop
      vertex 17.0918 -7.07964 3
      vertex 1.54801 -12.8609 3
      vertex 16.5921 -8.18234 3
    endloop
  endfacet
  facet normal 0 0 1
    outer loop
      vertex 0.682816 -12.5673 3
      vertex 15.3822 10.278 3
      vertex 14.677 11.2621 3
    endloop
  endfacet
  facet normal 0 -0 1
    outer loop
      vertex 1.75 -12.9689 3
      vertex 16.5921 -8.18234 3
      vertex 1.54801 -12.8609 3
    endloop
  endfacet
  facet normal 0 0 1
    outer loop
      vertex 12.9508 13.1256 3
      vertex 14.677 11.2621 3
      vertex 13.909 12.1979 3
    endloop
  endfacet
  facet normal 0 0 1
    outer loop
      vertex 16.5921 -8.18234 3
      vertex 1.75 -12.9689 3
      vertex 16.0215 -9.25 3
    endloop
  endfacet
  facet normal 0 0 1
    outer loop
      vertex 12.9508 13.1256 3
      vertex 13.909 12.1979 3
      vertex 13.0815 13.0815 3
    endloop
  endfacet
  facet normal 0 0 1
    outer loop
      vertex 14.677 11.2621 3
      vertex 12.9508 13.1256 3
      vertex 0.682816 -12.5673 3
    endloop
  endfacet
  facet normal -0 0 1
    outer loop
      vertex 12.9508 13.1256 3
      vertex 13.0815 13.0815 3
      vertex 12.9508 13.2039 3
    endloop
  endfacet
  facet normal 0 0 1
    outer loop
      vertex 16.0215 -9.25 3
      vertex 1.75 -12.9689 3
      vertex 15.3822 -10.278 3
    endloop
  endfacet
  facet normal 0 0 1
    outer loop
      vertex 15.3822 -10.278 3
      vertex 1.9445 -13.0899 3
      vertex 14.677 -11.2621 3
    endloop
  endfacet
  facet normal 0 -0 1
    outer loop
      vertex 2.13066 -13.2233 3
      vertex 14.677 -11.2621 3
      vertex 1.9445 -13.0899 3
    endloop
  endfacet
  facet normal 0 -0 1
    outer loop
      vertex 2.30771 -13.3686 3
      vertex 13.909 -12.1979 3
      vertex 2.13066 -13.2233 3
    endloop
  endfacet
  facet normal 0 -0 1
    outer loop
      vertex 2.47487 -13.5251 3
      vertex 13.0815 -13.0815 3
      vertex 2.30771 -13.3686 3
    endloop
  endfacet
  facet normal -0 -0 1
    outer loop
      vertex 2.63144 -13.6923 3
      vertex 12.1979 -13.909 3
      vertex 2.47487 -13.5251 3
    endloop
  endfacet
  facet normal -0 -0 1
    outer loop
      vertex 2.77674 -13.8693 3
      vertex 11.2621 -14.677 3
      vertex 2.63144 -13.6923 3
    endloop
  endfacet
  facet normal 0 0 1
    outer loop
      vertex 10.278 -15.3822 3
      vertex 2.91014 -14.0555 3
      vertex 9.25 -16.0215 3
    endloop
  endfacet
  facet normal 0 0 1
    outer loop
      vertex 9.25 -16.0215 3
      vertex 3.13905 -14.452 3
      vertex 8.18234 -16.5921 3
    endloop
  endfacet
  facet normal -0 -0 1
    outer loop
      vertex 3.38074 -15.0941 3
      vertex 7.07964 -17.0918 3
      vertex 3.31425 -14.875 3
    endloop
  endfacet
  facet normal 0 0 1
    outer loop
      vertex 5.94663 -17.5182 3
      vertex 3.49251 -16.2289 3
      vertex 4.78815 -17.8696 3
    endloop
  endfacet
  facet normal -0 0 1
    outer loop
      vertex 3.49251 -16.2289 3
      vertex 5.94663 -17.5182 3
      vertex 3.5 -16 3
    endloop
  endfacet
  facet normal -0 -0 1
    outer loop
      vertex 3.5 -16 3
      vertex 5.94663 -17.5182 3
      vertex 3.49251 -15.7711 3
    endloop
  endfacet
  facet normal -0 -0 1
    outer loop
      vertex 3.49251 -15.7711 3
      vertex 5.94663 -17.5182 3
      vertex 3.47006 -15.5432 3
    endloop
  endfacet
  facet normal 0 0 1
    outer loop
      vertex 7.07964 -17.0918 3
      vertex 3.47006 -15.5432 3
      vertex 5.94663 -17.5182 3
    endloop
  endfacet
  facet normal -0 -0 1
    outer loop
      vertex 3.47006 -15.5432 3
      vertex 7.07964 -17.0918 3
      vertex 3.43275 -15.3172 3
    endloop
  endfacet
  facet normal -0 -0 1
    outer loop
      vertex 3.43275 -15.3172 3
      vertex 7.07964 -17.0918 3
      vertex 3.38074 -15.0941 3
    endloop
  endfacet
  facet normal 0 0 1
    outer loop
      vertex 8.18234 -16.5921 3
      vertex 3.31425 -14.875 3
      vertex 7.07964 -17.0918 3
    endloop
  endfacet
  facet normal -0 -0 1
    outer loop
      vertex 3.31425 -14.875 3
      vertex 8.18234 -16.5921 3
      vertex 3.23358 -14.6606 3
    endloop
  endfacet
  facet normal -0 -0 1
    outer loop
      vertex 3.23358 -14.6606 3
      vertex 8.18234 -16.5921 3
      vertex 3.13905 -14.452 3
    endloop
  endfacet
  facet normal -0 -0 1
    outer loop
      vertex 3.13905 -14.452 3
      vertex 9.25 -16.0215 3
      vertex 3.03109 -14.25 3
    endloop
  endfacet
  facet normal -0 -0 1
    outer loop
      vertex 3.03109 -14.25 3
      vertex 9.25 -16.0215 3
      vertex 2.91014 -14.0555 3
    endloop
  endfacet
  facet normal -0 -0 1
    outer loop
      vertex 2.91014 -14.0555 3
      vertex 10.278 -15.3822 3
      vertex 2.77674 -13.8693 3
    endloop
  endfacet
  facet normal 0 0 1
    outer loop
      vertex 11.2621 -14.677 3
      vertex 2.77674 -13.8693 3
      vertex 10.278 -15.3822 3
    endloop
  endfacet
  facet normal 0 0 1
    outer loop
      vertex 12.1979 -13.909 3
      vertex 2.63144 -13.6923 3
      vertex 11.2621 -14.677 3
    endloop
  endfacet
  facet normal 0 0 1
    outer loop
      vertex 13.0815 -13.0815 3
      vertex 2.47487 -13.5251 3
      vertex 12.1979 -13.909 3
    endloop
  endfacet
  facet normal 0 0 1
    outer loop
      vertex 13.909 -12.1979 3
      vertex 2.30771 -13.3686 3
      vertex 13.0815 -13.0815 3
    endloop
  endfacet
  facet normal 0 0 1
    outer loop
      vertex 14.677 -11.2621 3
      vertex 2.13066 -13.2233 3
      vertex 13.909 -12.1979 3
    endloop
  endfacet
  facet normal 0 -0 1
    outer loop
      vertex 1.9445 -13.0899 3
      vertex 15.3822 -10.278 3
      vertex 1.75 -12.9689 3
    endloop
  endfacet
  facet normal 0 0 1
    outer loop
      vertex 17.5182 -5.94663 3
      vertex 1.54801 -12.8609 3
      vertex 17.0918 -7.07964 3
    endloop
  endfacet
  facet normal 0 0 1
    outer loop
      vertex 18.4604 1.20996 3
      vertex 0.905867 -12.6193 3
      vertex 1.12504 -12.6857 3
    endloop
  endfacet
  facet normal 0 0 1
    outer loop
      vertex 17.5182 5.94663 3
      vertex 0.682816 -12.5673 3
      vertex 0.905867 -12.6193 3
    endloop
  endfacet
  facet normal 0 0 1
    outer loop
      vertex 12.9508 13.1256 3
      vertex 0.456841 -12.5299 3
      vertex 0.682816 -12.5673 3
    endloop
  endfacet
  facet normal 0 0 1
    outer loop
      vertex 12.9508 13.1256 3
      vertex 0.22891 -12.5075 3
      vertex 0.456841 -12.5299 3
    endloop
  endfacet
  facet normal 0 0 1
    outer loop
      vertex 12.9508 13.1256 3
      vertex 0 -12.5 3
      vertex 0.22891 -12.5075 3
    endloop
  endfacet
  facet normal -0 0 1
    outer loop
      vertex -12.9508 13.1256 3
      vertex 0 -12.5 3
      vertex 12.9508 13.1256 3
    endloop
  endfacet
  facet normal 0 0 1
    outer loop
      vertex 0 -12.5 3
      vertex -12.9508 13.1256 3
      vertex -0.22891 -12.5075 3
    endloop
  endfacet
  facet normal 0 0 1
    outer loop
      vertex -0.22891 -12.5075 3
      vertex -12.9508 13.1256 3
      vertex -0.456841 -12.5299 3
    endloop
  endfacet
  facet normal 0 0 1
    outer loop
      vertex -0.456841 -12.5299 3
      vertex -12.9508 13.1256 3
      vertex -0.682816 -12.5673 3
    endloop
  endfacet
  facet normal -0 0 1
    outer loop
      vertex -15.3822 10.278 3
      vertex -0.682816 -12.5673 3
      vertex -12.9508 13.1256 3
    endloop
  endfacet
  facet normal -0 0 1
    outer loop
      vertex -16.0215 9.25 3
      vertex -0.682816 -12.5673 3
      vertex -15.3822 10.278 3
    endloop
  endfacet
  facet normal -0 0 1
    outer loop
      vertex -16.5921 8.18234 3
      vertex -0.682816 -12.5673 3
      vertex -16.0215 9.25 3
    endloop
  endfacet
  facet normal -0 0 1
    outer loop
      vertex -17.0918 7.07964 3
      vertex -0.682816 -12.5673 3
      vertex -16.5921 8.18234 3
    endloop
  endfacet
  facet normal -0 0 1
    outer loop
      vertex -17.5182 5.94663 3
      vertex -0.682816 -12.5673 3
      vertex -17.0918 7.07964 3
    endloop
  endfacet
  facet normal 0 0 1
    outer loop
      vertex -0.682816 -12.5673 3
      vertex -17.5182 5.94663 3
      vertex -0.905867 -12.6193 3
    endloop
  endfacet
  facet normal -0 0 1
    outer loop
      vertex -17.8696 4.78815 3
      vertex -0.905867 -12.6193 3
      vertex -17.5182 5.94663 3
    endloop
  endfacet
  facet normal -0 0 1
    outer loop
      vertex -18.1445 3.60917 3
      vertex -0.905867 -12.6193 3
      vertex -17.8696 4.78815 3
    endloop
  endfacet
  facet normal -0 0 1
    outer loop
      vertex -18.3417 2.41473 3
      vertex -0.905867 -12.6193 3
      vertex -18.1445 3.60917 3
    endloop
  endfacet
  facet normal -0 0 1
    outer loop
      vertex -18.4604 1.20996 3
      vertex -0.905867 -12.6193 3
      vertex -18.3417 2.41473 3
    endloop
  endfacet
  facet normal 0 0 1
    outer loop
      vertex -0.905867 -12.6193 3
      vertex -18.4604 1.20996 3
      vertex -1.12504 -12.6857 3
    endloop
  endfacet
  facet normal -0 -0 1
    outer loop
      vertex -18.4604 -1.20996 3
      vertex -1.12504 -12.6857 3
      vertex -18.5 0 3
    endloop
  endfacet
  facet normal 0 0 1
    outer loop
      vertex -5.94663 -17.5182 3
      vertex -3.5 -16 3
      vertex -3.49251 -15.7711 3
    endloop
  endfacet
  facet normal 0 0 1
    outer loop
      vertex -3.5 -16 3
      vertex -4.78815 -17.8696 3
      vertex -3.60917 -18.1445 3
    endloop
  endfacet
  facet normal 0 0 1
    outer loop
      vertex -5.94663 -17.5182 3
      vertex -3.49251 -15.7711 3
      vertex -3.47006 -15.5432 3
    endloop
  endfacet
  facet normal 0 0 1
    outer loop
      vertex -7.07964 -17.0918 3
      vertex -3.47006 -15.5432 3
      vertex -3.43275 -15.3172 3
    endloop
  endfacet
  facet normal 0 0 1
    outer loop
      vertex -7.07964 -17.0918 3
      vertex -3.43275 -15.3172 3
      vertex -3.38074 -15.0941 3
    endloop
  endfacet
  facet normal 0 0 1
    outer loop
      vertex -7.07964 -17.0918 3
      vertex -3.38074 -15.0941 3
      vertex -3.31425 -14.875 3
    endloop
  endfacet
  facet normal 0 0 1
    outer loop
      vertex -8.18234 -16.5921 3
      vertex -3.31425 -14.875 3
      vertex -3.23358 -14.6606 3
    endloop
  endfacet
  facet normal 0 0 1
    outer loop
      vertex -8.18234 -16.5921 3
      vertex -3.23358 -14.6606 3
      vertex -3.13905 -14.452 3
    endloop
  endfacet
  facet normal 0 0 1
    outer loop
      vertex -3.5 -16 3
      vertex -5.94663 -17.5182 3
      vertex -4.78815 -17.8696 3
    endloop
  endfacet
  facet normal 0 0 1
    outer loop
      vertex -9.25 -16.0215 3
      vertex -3.13905 -14.452 3
      vertex -3.03109 -14.25 3
    endloop
  endfacet
  facet normal -0 -0 1
    outer loop
      vertex -18.3417 -2.41473 3
      vertex -1.12504 -12.6857 3
      vertex -18.4604 -1.20996 3
    endloop
  endfacet
  facet normal 0 0 1
    outer loop
      vertex -3.47006 -15.5432 3
      vertex -7.07964 -17.0918 3
      vertex -5.94663 -17.5182 3
    endloop
  endfacet
  facet normal 0 0 1
    outer loop
      vertex -3.31425 -14.875 3
      vertex -8.18234 -16.5921 3
      vertex -7.07964 -17.0918 3
    endloop
  endfacet
  facet normal 0 0 1
    outer loop
      vertex -3.13905 -14.452 3
      vertex -9.25 -16.0215 3
      vertex -8.18234 -16.5921 3
    endloop
  endfacet
  facet normal 0 0 1
    outer loop
      vertex -3.03109 -14.25 3
      vertex -10.278 -15.3822 3
      vertex -9.25 -16.0215 3
    endloop
  endfacet
  facet normal 0 0 1
    outer loop
      vertex -2.91014 -14.0555 3
      vertex -10.278 -15.3822 3
      vertex -3.03109 -14.25 3
    endloop
  endfacet
  facet normal 0 0 1
    outer loop
      vertex -2.77674 -13.8693 3
      vertex -10.278 -15.3822 3
      vertex -2.91014 -14.0555 3
    endloop
  endfacet
  facet normal 0 0 1
    outer loop
      vertex -1.12504 -12.6857 3
      vertex -18.3417 -2.41473 3
      vertex -1.33939 -12.7664 3
    endloop
  endfacet
  facet normal 0 0 1
    outer loop
      vertex -13.909 12.1979 3
      vertex -12.9508 13.1256 3
      vertex -13.0815 13.0815 3
    endloop
  endfacet
  facet normal 0 -0 1
    outer loop
      vertex -10.278 -15.3822 3
      vertex -2.77674 -13.8693 3
      vertex -11.2621 -14.677 3
    endloop
  endfacet
  facet normal 0 0 1
    outer loop
      vertex -14.677 11.2621 3
      vertex -12.9508 13.1256 3
      vertex -13.909 12.1979 3
    endloop
  endfacet
  facet normal 0 0 1
    outer loop
      vertex -2.63144 -13.6923 3
      vertex -11.2621 -14.677 3
      vertex -2.77674 -13.8693 3
    endloop
  endfacet
  facet normal 0 0 1
    outer loop
      vertex -15.3822 10.278 3
      vertex -12.9508 13.1256 3
      vertex -14.677 11.2621 3
    endloop
  endfacet
  facet normal 0 -0 1
    outer loop
      vertex -11.2621 -14.677 3
      vertex -2.63144 -13.6923 3
      vertex -12.1979 -13.909 3
    endloop
  endfacet
  facet normal -0 0 1
    outer loop
      vertex -18.5 0 3
      vertex -1.12504 -12.6857 3
      vertex -18.4604 1.20996 3
    endloop
  endfacet
  facet normal 0 0 1
    outer loop
      vertex -2.47487 -13.5251 3
      vertex -12.1979 -13.909 3
      vertex -2.63144 -13.6923 3
    endloop
  endfacet
  facet normal -0 -0 1
    outer loop
      vertex -18.1445 -3.60917 3
      vertex -1.33939 -12.7664 3
      vertex -18.3417 -2.41473 3
    endloop
  endfacet
  facet normal 0 -0 1
    outer loop
      vertex -12.1979 -13.909 3
      vertex -2.47487 -13.5251 3
      vertex -13.0815 -13.0815 3
    endloop
  endfacet
  facet normal -0 -0 1
    outer loop
      vertex -17.8696 -4.78815 3
      vertex -1.33939 -12.7664 3
      vertex -18.1445 -3.60917 3
    endloop
  endfacet
  facet normal 0 0 1
    outer loop
      vertex -2.30771 -13.3686 3
      vertex -13.0815 -13.0815 3
      vertex -2.47487 -13.5251 3
    endloop
  endfacet
  facet normal 0 0 1
    outer loop
      vertex -1.33939 -12.7664 3
      vertex -17.8696 -4.78815 3
      vertex -1.54801 -12.8609 3
    endloop
  endfacet
  facet normal -0 -0 1
    outer loop
      vertex -13.0815 -13.0815 3
      vertex -2.30771 -13.3686 3
      vertex -13.909 -12.1979 3
    endloop
  endfacet
  facet normal -0 -0 1
    outer loop
      vertex -17.5182 -5.94663 3
      vertex -1.54801 -12.8609 3
      vertex -17.8696 -4.78815 3
    endloop
  endfacet
  facet normal 0 0 1
    outer loop
      vertex -2.13066 -13.2233 3
      vertex -13.909 -12.1979 3
      vertex -2.30771 -13.3686 3
    endloop
  endfacet
  facet normal -0 -0 1
    outer loop
      vertex -17.0918 -7.07964 3
      vertex -1.54801 -12.8609 3
      vertex -17.5182 -5.94663 3
    endloop
  endfacet
  facet normal -0 -0 1
    outer loop
      vertex -13.909 -12.1979 3
      vertex -2.13066 -13.2233 3
      vertex -14.677 -11.2621 3
    endloop
  endfacet
  facet normal -0 -0 1
    outer loop
      vertex -16.5921 -8.18234 3
      vertex -1.54801 -12.8609 3
      vertex -17.0918 -7.07964 3
    endloop
  endfacet
  facet normal 0 0 1
    outer loop
      vertex -1.9445 -13.0899 3
      vertex -14.677 -11.2621 3
      vertex -2.13066 -13.2233 3
    endloop
  endfacet
  facet normal 0 0 1
    outer loop
      vertex -1.54801 -12.8609 3
      vertex -16.5921 -8.18234 3
      vertex -1.75 -12.9689 3
    endloop
  endfacet
  facet normal -0 -0 1
    outer loop
      vertex -14.677 -11.2621 3
      vertex -1.9445 -13.0899 3
      vertex -15.3822 -10.278 3
    endloop
  endfacet
  facet normal -0 -0 1
    outer loop
      vertex -16.0215 -9.25 3
      vertex -1.75 -12.9689 3
      vertex -16.5921 -8.18234 3
    endloop
  endfacet
  facet normal -0 -0 1
    outer loop
      vertex -15.3822 -10.278 3
      vertex -1.9445 -13.0899 3
      vertex -16.0215 -9.25 3
    endloop
  endfacet
  facet normal 0 0 1
    outer loop
      vertex -1.75 -12.9689 3
      vertex -16.0215 -9.25 3
      vertex -1.9445 -13.0899 3
    endloop
  endfacet
  facet normal -0 0 1
    outer loop
      vertex 3.47006 -16.4568 3
      vertex 4.78815 -17.8696 3
      vertex 3.49251 -16.2289 3
    endloop
  endfacet
  facet normal -0 0 1
    outer loop
      vertex 3.43275 -16.6828 3
      vertex 4.78815 -17.8696 3
      vertex 3.47006 -16.4568 3
    endloop
  endfacet
  facet normal -0 0 1
    outer loop
      vertex 3.38074 -16.9059 3
      vertex 4.78815 -17.8696 3
      vertex 3.43275 -16.6828 3
    endloop
  endfacet
  facet normal -0 0 1
    outer loop
      vertex 3.31425 -17.125 3
      vertex 4.78815 -17.8696 3
      vertex 3.38074 -16.9059 3
    endloop
  endfacet
  facet normal 0 0 1
    outer loop
      vertex 4.78815 -17.8696 3
      vertex 3.31425 -17.125 3
      vertex 3.60917 -18.1445 3
    endloop
  endfacet
  facet normal -0 0 1
    outer loop
      vertex 3.23358 -17.3394 3
      vertex 3.60917 -18.1445 3
      vertex 3.31425 -17.125 3
    endloop
  endfacet
  facet normal -0 0 1
    outer loop
      vertex 3.13905 -17.548 3
      vertex 3.60917 -18.1445 3
      vertex 3.23358 -17.3394 3
    endloop
  endfacet
  facet normal -0 0 1
    outer loop
      vertex 3.03109 -17.75 3
      vertex 3.60917 -18.1445 3
      vertex 3.13905 -17.548 3
    endloop
  endfacet
  facet normal -0 0 1
    outer loop
      vertex 2.91014 -17.9445 3
      vertex 3.60917 -18.1445 3
      vertex 3.03109 -17.75 3
    endloop
  endfacet
  facet normal -0 0 1
    outer loop
      vertex 2.77674 -18.1307 3
      vertex 3.60917 -18.1445 3
      vertex 2.91014 -17.9445 3
    endloop
  endfacet
  facet normal 0 0 1
    outer loop
      vertex 3.60917 -18.1445 3
      vertex 2.77674 -18.1307 3
      vertex 2.63311 -18.3057 3
    endloop
  endfacet
  facet normal 0 0 1
    outer loop
      vertex -2.77674 -18.1307 3
      vertex -3.60917 -18.1445 3
      vertex -2.63311 -18.3057 3
    endloop
  endfacet
  facet normal 0 0 1
    outer loop
      vertex -2.91014 -17.9445 3
      vertex -3.60917 -18.1445 3
      vertex -2.77674 -18.1307 3
    endloop
  endfacet
  facet normal 0 0 1
    outer loop
      vertex -3.03109 -17.75 3
      vertex -3.60917 -18.1445 3
      vertex -2.91014 -17.9445 3
    endloop
  endfacet
  facet normal 0 0 1
    outer loop
      vertex -3.13905 -17.548 3
      vertex -3.60917 -18.1445 3
      vertex -3.03109 -17.75 3
    endloop
  endfacet
  facet normal 0 0 1
    outer loop
      vertex -3.23358 -17.3394 3
      vertex -3.60917 -18.1445 3
      vertex -3.13905 -17.548 3
    endloop
  endfacet
  facet normal 0 0 1
    outer loop
      vertex -3.31425 -17.125 3
      vertex -3.60917 -18.1445 3
      vertex -3.23358 -17.3394 3
    endloop
  endfacet
  facet normal 0 0 1
    outer loop
      vertex -3.38074 -16.9059 3
      vertex -3.60917 -18.1445 3
      vertex -3.31425 -17.125 3
    endloop
  endfacet
  facet normal 0 0 1
    outer loop
      vertex -3.43275 -16.6828 3
      vertex -3.60917 -18.1445 3
      vertex -3.38074 -16.9059 3
    endloop
  endfacet
  facet normal 0 0 1
    outer loop
      vertex -3.47006 -16.4568 3
      vertex -3.60917 -18.1445 3
      vertex -3.43275 -16.6828 3
    endloop
  endfacet
  facet normal 0 0 1
    outer loop
      vertex -3.49251 -16.2289 3
      vertex -3.60917 -18.1445 3
      vertex -3.47006 -16.4568 3
    endloop
  endfacet
  facet normal 0 0 1
    outer loop
      vertex -3.60917 -18.1445 3
      vertex -3.49251 -16.2289 3
      vertex -3.5 -16 3
    endloop
  endfacet
  facet normal 0 0 1
    outer loop
      vertex -7.0508 17.6256 3
      vertex -9.42924 17.6256 3
      vertex -7.0508 17.1026 3
    endloop
  endfacet
  facet normal 0 0 1
    outer loop
      vertex 12.1752 15.8671 3
      vertex 12.4508 14.7256 3
      vertex 12.4508 15.6409 3
    endloop
  endfacet
  facet normal 0 0 1
    outer loop
      vertex 11.1114 16.6294 3
      vertex 12.4508 14.7256 3
      vertex 12.1752 15.8671 3
    endloop
  endfacet
  facet normal -0 0 1
    outer loop
      vertex 7.0508 17.1026 3
      vertex 11.1114 16.6294 3
      vertex 10 17.3205 3
    endloop
  endfacet
  facet normal 0 0 1
    outer loop
      vertex 7.0508 17.1026 3
      vertex 10 17.3205 3
      vertex 9.42924 17.6256 3
    endloop
  endfacet
  facet normal 0 0 1
    outer loop
      vertex 7.0508 17.1026 3
      vertex 9.42924 17.6256 3
      vertex 7.0508 17.6256 3
    endloop
  endfacet
  facet normal 0 0 1
    outer loop
      vertex 11.1114 16.6294 3
      vertex 7.0508 17.1026 3
      vertex 12.4508 14.7256 3
    endloop
  endfacet
  facet normal 0 0 1
    outer loop
      vertex -7.0508 17.1026 3
      vertex 7.0508 17.1026 3
      vertex 5.94663 17.5182 3
    endloop
  endfacet
  facet normal 0 0 1
    outer loop
      vertex -7.0508 17.1026 3
      vertex 5.94663 17.5182 3
      vertex 4.78815 17.8696 3
    endloop
  endfacet
  facet normal 0 0 1
    outer loop
      vertex -7.0508 17.1026 3
      vertex 4.78815 17.8696 3
      vertex 3.60917 18.1445 3
    endloop
  endfacet
  facet normal 0 0 1
    outer loop
      vertex -7.0508 17.1026 3
      vertex 3.60917 18.1445 3
      vertex 2.41473 18.3417 3
    endloop
  endfacet
  facet normal 0 0 1
    outer loop
      vertex -7.0508 17.1026 3
      vertex 2.41473 18.3417 3
      vertex 1.20996 18.4604 3
    endloop
  endfacet
  facet normal 0 0 1
    outer loop
      vertex -1.20996 18.4604 3
      vertex 1.20996 18.4604 3
      vertex 0 18.5 3
    endloop
  endfacet
  facet normal 0 0 1
    outer loop
      vertex -2.41473 18.3417 3
      vertex 1.20996 18.4604 3
      vertex -1.20996 18.4604 3
    endloop
  endfacet
  facet normal 0 0 1
    outer loop
      vertex -3.60917 18.1445 3
      vertex 1.20996 18.4604 3
      vertex -2.41473 18.3417 3
    endloop
  endfacet
  facet normal 0 0 1
    outer loop
      vertex -4.78815 17.8696 3
      vertex 1.20996 18.4604 3
      vertex -3.60917 18.1445 3
    endloop
  endfacet
  facet normal 0 0 1
    outer loop
      vertex -5.94663 17.5182 3
      vertex 1.20996 18.4604 3
      vertex -4.78815 17.8696 3
    endloop
  endfacet
  facet normal 0 0 1
    outer loop
      vertex -7.0508 17.1026 3
      vertex 1.20996 18.4604 3
      vertex -5.94663 17.5182 3
    endloop
  endfacet
  facet normal 0 0 1
    outer loop
      vertex 7.0508 17.1026 3
      vertex -7.0508 17.1026 3
      vertex 12.4508 14.7256 3
    endloop
  endfacet
  facet normal -0 0 1
    outer loop
      vertex -10 17.3205 3
      vertex -7.0508 17.1026 3
      vertex -9.42924 17.6256 3
    endloop
  endfacet
  facet normal 0 0 1
    outer loop
      vertex -11.1114 16.6294 3
      vertex -7.0508 17.1026 3
      vertex -10 17.3205 3
    endloop
  endfacet
  facet normal 0 0 1
    outer loop
      vertex -7.0508 17.1026 3
      vertex -11.1114 16.6294 3
      vertex -12.4508 14.7256 3
    endloop
  endfacet
  facet normal 0 0 1
    outer loop
      vertex -12.4508 14.7256 3
      vertex -11.1114 16.6294 3
      vertex -12.1752 15.8671 3
    endloop
  endfacet
  facet normal 0 0 1
    outer loop
      vertex -12.4508 14.7256 3
      vertex -12.1752 15.8671 3
      vertex -12.4508 15.6409 3
    endloop
  endfacet
  facet normal 0 0 1
    outer loop
      vertex -7.0508 17.1026 3
      vertex -12.4508 14.7256 3
      vertex 12.4508 14.7256 3
    endloop
  endfacet
  facet normal 1 0 0
    outer loop
      vertex -12.4508 16.8992 8.15
      vertex -12.4508 16.6542 7.55079
      vertex -12.4508 16.8992 7.75
    endloop
  endfacet
  facet normal 1 0 0
    outer loop
      vertex -12.4508 16.8992 8.15
      vertex -12.4508 16.2262 7.20267
      vertex -12.4508 16.6542 7.55079
    endloop
  endfacet
  facet normal 1 0 0
    outer loop
      vertex -12.4508 14.589 7.14531
      vertex -12.4508 16.2262 7.20267
      vertex -12.4508 16.8992 8.15
    endloop
  endfacet
  facet normal 1 0 0
    outer loop
      vertex -12.4508 16.2262 7.20267
      vertex -12.4508 14.7589 7.0472
      vertex -12.4508 15.8541 6.91491
    endloop
  endfacet
  facet normal 1 0 0
    outer loop
      vertex -12.4508 15.4224 5.7019
      vertex -12.4508 15.6409 6.75
      vertex -12.4508 15.4256 5.8
    endloop
  endfacet
  facet normal 1 0 0
    outer loop
      vertex -12.4508 15.6409 6.75
      vertex -12.4508 15.4224 5.89811
      vertex -12.4508 15.4256 5.8
    endloop
  endfacet
  facet normal 1 0 0
    outer loop
      vertex -12.4508 15.6409 6.75
      vertex -12.4508 15.4128 5.99579
      vertex -12.4508 15.4224 5.89811
    endloop
  endfacet
  facet normal 1 0 0
    outer loop
      vertex -12.4508 15.6409 6.75
      vertex -12.4508 15.3968 6.09264
      vertex -12.4508 15.4128 5.99579
    endloop
  endfacet
  facet normal 1 0 0
    outer loop
      vertex -12.4508 15.6409 6.75
      vertex -12.4508 15.3745 6.18823
      vertex -12.4508 15.3968 6.09264
    endloop
  endfacet
  facet normal 1 0 0
    outer loop
      vertex -12.4508 15.6409 6.75
      vertex -12.4508 15.346 6.28216
      vertex -12.4508 15.3745 6.18823
    endloop
  endfacet
  facet normal 1 0 0
    outer loop
      vertex -12.4508 15.6409 6.75
      vertex -12.4508 15.3114 6.37403
      vertex -12.4508 15.346 6.28216
    endloop
  endfacet
  facet normal 1 0 0
    outer loop
      vertex -12.4508 15.6409 6.75
      vertex -12.4508 15.2709 6.46343
      vertex -12.4508 15.3114 6.37403
    endloop
  endfacet
  facet normal 1 -0 -0
    outer loop
      vertex -12.4508 14.9146 6.92776
      vertex -12.4508 15.8541 6.91491
      vertex -12.4508 14.8387 6.99003
    endloop
  endfacet
  facet normal 1 0 0
    outer loop
      vertex -12.4508 15.6409 6.75
      vertex -12.4508 15.2246 6.55
      vertex -12.4508 15.2709 6.46343
    endloop
  endfacet
  facet normal 1 0 0
    outer loop
      vertex -12.4508 15.6409 6.75
      vertex -12.4508 15.1728 6.63336
      vertex -12.4508 15.2246 6.55
    endloop
  endfacet
  facet normal 1 0 0
    outer loop
      vertex -12.4508 15.6409 6.75
      vertex -12.4508 15.1156 6.71314
      vertex -12.4508 15.1728 6.63336
    endloop
  endfacet
  facet normal 1 0 0
    outer loop
      vertex -12.4508 15.6409 6.75
      vertex -12.4508 15.0533 6.78902
      vertex -12.4508 15.1156 6.71314
    endloop
  endfacet
  facet normal 1 0 0
    outer loop
      vertex -12.4508 15.6409 6.75
      vertex -12.4508 14.9862 6.86066
      vertex -12.4508 15.0533 6.78902
    endloop
  endfacet
  facet normal 1 0 0
    outer loop
      vertex -12.4508 15.8541 6.91491
      vertex -12.4508 14.9862 6.86066
      vertex -12.4508 15.6409 6.75
    endloop
  endfacet
  facet normal 1 0 -0
    outer loop
      vertex -12.4508 14.9862 6.86066
      vertex -12.4508 15.8541 6.91491
      vertex -12.4508 14.9146 6.92776
    endloop
  endfacet
  facet normal 1 0 0
    outer loop
      vertex -12.4508 15.8541 6.91491
      vertex -12.4508 14.7589 7.0472
      vertex -12.4508 14.8387 6.99003
    endloop
  endfacet
  facet normal 1 0 0
    outer loop
      vertex -12.4508 16.2262 7.20267
      vertex -12.4508 14.6756 7.09904
      vertex -12.4508 14.7589 7.0472
    endloop
  endfacet
  facet normal 1 0 0
    outer loop
      vertex -12.4508 16.2262 7.20267
      vertex -12.4508 14.589 7.14531
      vertex -12.4508 14.6756 7.09904
    endloop
  endfacet
  facet normal 1 -0 0
    outer loop
      vertex -12.4508 13.6722 8.15
      vertex -12.4508 14.589 7.14531
      vertex -12.4508 16.8992 8.15
    endloop
  endfacet
  facet normal 1 0 0
    outer loop
      vertex -12.4508 14.589 7.14531
      vertex -12.4508 13.6722 8.15
      vertex -12.4508 14.4996 7.18582
    endloop
  endfacet
  facet normal 1 0 0
    outer loop
      vertex -12.4508 14.4996 7.18582
      vertex -12.4508 13.6722 8.15
      vertex -12.4508 14.4077 7.2204
    endloop
  endfacet
  facet normal 1 0 0
    outer loop
      vertex -12.4508 14.4077 7.2204
      vertex -12.4508 13.6722 8.15
      vertex -12.4508 14.3138 7.24889
    endloop
  endfacet
  facet normal 1 0 0
    outer loop
      vertex -12.4508 14.3138 7.24889
      vertex -12.4508 13.6722 8.15
      vertex -12.4508 14.2182 7.27118
    endloop
  endfacet
  facet normal 1 0 0
    outer loop
      vertex -12.4508 14.2182 7.27118
      vertex -12.4508 13.6722 8.15
      vertex -12.4508 14.1214 7.28717
    endloop
  endfacet
  facet normal 1 0 0
    outer loop
      vertex -12.4508 14.1214 7.28717
      vertex -12.4508 13.6722 8.15
      vertex -12.4508 14.0237 7.29679
    endloop
  endfacet
  facet normal 1 0 0
    outer loop
      vertex -12.4508 14.0237 7.29679
      vertex -12.4508 13.6722 8.15
      vertex -12.4508 13.9256 7.3
    endloop
  endfacet
  facet normal 1 0 0
    outer loop
      vertex -12.4508 13.9256 7.3
      vertex -12.4508 13.6722 8.15
      vertex -12.4508 13.8275 7.29679
    endloop
  endfacet
  facet normal 1 0 0
    outer loop
      vertex -12.4508 13.8275 7.29679
      vertex -12.4508 13.6722 8.15
      vertex -12.4508 13.7298 7.28717
    endloop
  endfacet
  facet normal 1 0 0
    outer loop
      vertex -12.4508 13.7298 7.28717
      vertex -12.4508 13.6722 8.15
      vertex -12.4508 13.6722 7.27765
    endloop
  endfacet
  facet normal 1 0 0
    outer loop
      vertex -12.4508 15.4128 5.60421
      vertex -12.4508 15.6409 6.75
      vertex -12.4508 15.4224 5.7019
    endloop
  endfacet
  facet normal 1 0 0
    outer loop
      vertex -12.4508 15.6409 6.75
      vertex -12.4508 15.4128 5.60421
      vertex -12.4508 15.6409 3
    endloop
  endfacet
  facet normal 1 -0 0
    outer loop
      vertex -12.4508 15.3968 5.50737
      vertex -12.4508 15.6409 3
      vertex -12.4508 15.4128 5.60421
    endloop
  endfacet
  facet normal 1 -0 0
    outer loop
      vertex -12.4508 15.3745 5.41177
      vertex -12.4508 15.6409 3
      vertex -12.4508 15.3968 5.50737
    endloop
  endfacet
  facet normal 1 -0 0
    outer loop
      vertex -12.4508 15.346 5.31784
      vertex -12.4508 15.6409 3
      vertex -12.4508 15.3745 5.41177
    endloop
  endfacet
  facet normal 1 -0 0
    outer loop
      vertex -12.4508 15.3114 5.22598
      vertex -12.4508 15.6409 3
      vertex -12.4508 15.346 5.31784
    endloop
  endfacet
  facet normal 1 -0 0
    outer loop
      vertex -12.4508 15.2709 5.13657
      vertex -12.4508 15.6409 3
      vertex -12.4508 15.3114 5.22598
    endloop
  endfacet
  facet normal 1 -0 0
    outer loop
      vertex -12.4508 15.2246 5.05
      vertex -12.4508 15.6409 3
      vertex -12.4508 15.2709 5.13657
    endloop
  endfacet
  facet normal 1 -0 0
    outer loop
      vertex -12.4508 15.1728 4.96665
      vertex -12.4508 15.6409 3
      vertex -12.4508 15.2246 5.05
    endloop
  endfacet
  facet normal 1 -0 0
    outer loop
      vertex -12.4508 15.1156 4.88686
      vertex -12.4508 15.6409 3
      vertex -12.4508 15.1728 4.96665
    endloop
  endfacet
  facet normal 1 -0 0
    outer loop
      vertex -12.4508 15.0533 4.81098
      vertex -12.4508 15.6409 3
      vertex -12.4508 15.1156 4.88686
    endloop
  endfacet
  facet normal 1 -0 0
    outer loop
      vertex -12.4508 14.9862 4.73934
      vertex -12.4508 15.6409 3
      vertex -12.4508 15.0533 4.81098
    endloop
  endfacet
  facet normal 1 -0 0
    outer loop
      vertex -12.4508 14.9146 4.67224
      vertex -12.4508 15.6409 3
      vertex -12.4508 14.9862 4.73934
    endloop
  endfacet
  facet normal 1 -0 0
    outer loop
      vertex -12.4508 14.8387 4.60997
      vertex -12.4508 15.6409 3
      vertex -12.4508 14.9146 4.67224
    endloop
  endfacet
  facet normal 1 -0 0
    outer loop
      vertex -12.4508 14.7589 4.5528
      vertex -12.4508 15.6409 3
      vertex -12.4508 14.8387 4.60997
    endloop
  endfacet
  facet normal 1 -0 0
    outer loop
      vertex -12.4508 14.7256 4.53205
      vertex -12.4508 15.6409 3
      vertex -12.4508 14.7589 4.5528
    endloop
  endfacet
  facet normal 1 0 0
    outer loop
      vertex -12.4508 15.6409 3
      vertex -12.4508 14.7256 4.53205
      vertex -12.4508 14.7256 3
    endloop
  endfacet
  facet normal 0 -1 0
    outer loop
      vertex -10.1761 17.6256 7.10227
      vertex -11.4021 17.6256 8.15
      vertex -11.4021 17.6256 7.75
    endloop
  endfacet
  facet normal 0 -1 0
    outer loop
      vertex -11.4021 17.6256 8.15
      vertex -10.1761 17.6256 7.10227
      vertex -7.0508 17.6256 8.15
    endloop
  endfacet
  facet normal 0 -1 0
    outer loop
      vertex -9.85652 17.6256 6.95153
      vertex -7.0508 17.6256 8.15
      vertex -10.1761 17.6256 7.10227
    endloop
  endfacet
  facet normal 0 -1 0
    outer loop
      vertex -9.42924 17.6256 6.75
      vertex -7.0508 17.6256 8.15
      vertex -9.85652 17.6256 6.95153
    endloop
  endfacet
  facet normal 0 -1 0
    outer loop
      vertex -7.0508 17.6256 3
      vertex -9.42924 17.6256 6.75
      vertex -9.42924 17.6256 3
    endloop
  endfacet
  facet normal 0 -1 0
    outer loop
      vertex -9.42924 17.6256 6.75
      vertex -7.0508 17.6256 3
      vertex -7.0508 17.6256 8.15
    endloop
  endfacet
  facet normal -1 0 0
    outer loop
      vertex 12.4508 15.4128 5.60421
      vertex 12.4508 15.6409 6.75
      vertex 12.4508 15.6409 3
    endloop
  endfacet
  facet normal -1 0 0
    outer loop
      vertex 12.4508 15.6409 6.75
      vertex 12.4508 15.4224 5.7019
      vertex 12.4508 15.4256 5.8
    endloop
  endfacet
  facet normal -1 0 0
    outer loop
      vertex 12.4508 15.6409 6.75
      vertex 12.4508 15.4128 5.60421
      vertex 12.4508 15.4224 5.7019
    endloop
  endfacet
  facet normal -1 0 0
    outer loop
      vertex 12.4508 15.6409 3
      vertex 12.4508 15.3968 5.50737
      vertex 12.4508 15.4128 5.60421
    endloop
  endfacet
  facet normal -1 0 0
    outer loop
      vertex 12.4508 15.6409 3
      vertex 12.4508 15.3745 5.41177
      vertex 12.4508 15.3968 5.50737
    endloop
  endfacet
  facet normal -1 0 0
    outer loop
      vertex 12.4508 15.6409 3
      vertex 12.4508 15.346 5.31784
      vertex 12.4508 15.3745 5.41177
    endloop
  endfacet
  facet normal -1 0 0
    outer loop
      vertex 12.4508 15.6409 3
      vertex 12.4508 15.3114 5.22598
      vertex 12.4508 15.346 5.31784
    endloop
  endfacet
  facet normal -1 0 0
    outer loop
      vertex 12.4508 15.6409 3
      vertex 12.4508 15.2709 5.13657
      vertex 12.4508 15.3114 5.22598
    endloop
  endfacet
  facet normal -1 0 0
    outer loop
      vertex 12.4508 15.6409 3
      vertex 12.4508 15.2246 5.05
      vertex 12.4508 15.2709 5.13657
    endloop
  endfacet
  facet normal -1 0 0
    outer loop
      vertex 12.4508 15.6409 3
      vertex 12.4508 15.1728 4.96665
      vertex 12.4508 15.2246 5.05
    endloop
  endfacet
  facet normal -1 0 0
    outer loop
      vertex 12.4508 15.6409 3
      vertex 12.4508 15.1156 4.88686
      vertex 12.4508 15.1728 4.96665
    endloop
  endfacet
  facet normal -1 0 0
    outer loop
      vertex 12.4508 15.6409 3
      vertex 12.4508 15.0533 4.81098
      vertex 12.4508 15.1156 4.88686
    endloop
  endfacet
  facet normal -1 0 0
    outer loop
      vertex 12.4508 15.6409 3
      vertex 12.4508 14.9862 4.73934
      vertex 12.4508 15.0533 4.81098
    endloop
  endfacet
  facet normal -1 0 0
    outer loop
      vertex 12.4508 15.6409 3
      vertex 12.4508 14.9146 4.67224
      vertex 12.4508 14.9862 4.73934
    endloop
  endfacet
  facet normal -1 0 0
    outer loop
      vertex 12.4508 15.6409 3
      vertex 12.4508 14.8387 4.60997
      vertex 12.4508 14.9146 4.67224
    endloop
  endfacet
  facet normal -1 0 0
    outer loop
      vertex 12.4508 15.6409 3
      vertex 12.4508 14.7589 4.5528
      vertex 12.4508 14.8387 4.60997
    endloop
  endfacet
  facet normal -1 0 0
    outer loop
      vertex 12.4508 14.7256 4.53205
      vertex 12.4508 15.6409 3
      vertex 12.4508 14.7256 3
    endloop
  endfacet
  facet normal -1 0 0
    outer loop
      vertex 12.4508 15.6409 3
      vertex 12.4508 14.7256 4.53205
      vertex 12.4508 14.7589 4.5528
    endloop
  endfacet
  facet normal -1 0 0
    outer loop
      vertex 12.4508 16.6542 7.55079
      vertex 12.4508 16.8992 8.15
      vertex 12.4508 16.8992 7.75
    endloop
  endfacet
  facet normal -1 0 0
    outer loop
      vertex 12.4508 16.2262 7.20267
      vertex 12.4508 16.8992 8.15
      vertex 12.4508 16.6542 7.55079
    endloop
  endfacet
  facet normal -1 0 0
    outer loop
      vertex 12.4508 14.7589 7.0472
      vertex 12.4508 16.2262 7.20267
      vertex 12.4508 15.8541 6.91491
    endloop
  endfacet
  facet normal -1 0 0
    outer loop
      vertex 12.4508 14.9862 6.86066
      vertex 12.4508 15.8541 6.91491
      vertex 12.4508 15.6409 6.75
    endloop
  endfacet
  facet normal -1 0 0
    outer loop
      vertex 12.4508 15.4224 5.89811
      vertex 12.4508 15.6409 6.75
      vertex 12.4508 15.4256 5.8
    endloop
  endfacet
  facet normal -1 0 0
    outer loop
      vertex 12.4508 15.4128 5.99579
      vertex 12.4508 15.6409 6.75
      vertex 12.4508 15.4224 5.89811
    endloop
  endfacet
  facet normal -1 0 0
    outer loop
      vertex 12.4508 15.3968 6.09264
      vertex 12.4508 15.6409 6.75
      vertex 12.4508 15.4128 5.99579
    endloop
  endfacet
  facet normal -1 0 0
    outer loop
      vertex 12.4508 15.3745 6.18823
      vertex 12.4508 15.6409 6.75
      vertex 12.4508 15.3968 6.09264
    endloop
  endfacet
  facet normal -1 0 0
    outer loop
      vertex 12.4508 15.346 6.28216
      vertex 12.4508 15.6409 6.75
      vertex 12.4508 15.3745 6.18823
    endloop
  endfacet
  facet normal -1 0 0
    outer loop
      vertex 12.4508 15.3114 6.37403
      vertex 12.4508 15.6409 6.75
      vertex 12.4508 15.346 6.28216
    endloop
  endfacet
  facet normal -1 0 0
    outer loop
      vertex 12.4508 15.2709 6.46343
      vertex 12.4508 15.6409 6.75
      vertex 12.4508 15.3114 6.37403
    endloop
  endfacet
  facet normal -1 0 0
    outer loop
      vertex 12.4508 15.2246 6.55
      vertex 12.4508 15.6409 6.75
      vertex 12.4508 15.2709 6.46343
    endloop
  endfacet
  facet normal -1 0 0
    outer loop
      vertex 12.4508 15.1728 6.63336
      vertex 12.4508 15.6409 6.75
      vertex 12.4508 15.2246 6.55
    endloop
  endfacet
  facet normal -1 0 0
    outer loop
      vertex 12.4508 15.1156 6.71314
      vertex 12.4508 15.6409 6.75
      vertex 12.4508 15.1728 6.63336
    endloop
  endfacet
  facet normal -1 0 0
    outer loop
      vertex 12.4508 15.0533 6.78902
      vertex 12.4508 15.6409 6.75
      vertex 12.4508 15.1156 6.71314
    endloop
  endfacet
  facet normal -1 0 0
    outer loop
      vertex 12.4508 14.9862 6.86066
      vertex 12.4508 15.6409 6.75
      vertex 12.4508 15.0533 6.78902
    endloop
  endfacet
  facet normal -1 -0 0
    outer loop
      vertex 12.4508 15.8541 6.91491
      vertex 12.4508 14.9862 6.86066
      vertex 12.4508 14.9146 6.92776
    endloop
  endfacet
  facet normal -1 0 0
    outer loop
      vertex 12.4508 15.8541 6.91491
      vertex 12.4508 14.9146 6.92776
      vertex 12.4508 14.8387 6.99003
    endloop
  endfacet
  facet normal -1 0 0
    outer loop
      vertex 12.4508 14.7589 7.0472
      vertex 12.4508 15.8541 6.91491
      vertex 12.4508 14.8387 6.99003
    endloop
  endfacet
  facet normal -1 0 0
    outer loop
      vertex 12.4508 14.6756 7.09904
      vertex 12.4508 16.2262 7.20267
      vertex 12.4508 14.7589 7.0472
    endloop
  endfacet
  facet normal -1 0 0
    outer loop
      vertex 12.4508 14.589 7.14531
      vertex 12.4508 16.2262 7.20267
      vertex 12.4508 14.6756 7.09904
    endloop
  endfacet
  facet normal -1 -0 0
    outer loop
      vertex 12.4508 16.2262 7.20267
      vertex 12.4508 14.589 7.14531
      vertex 12.4508 16.8992 8.15
    endloop
  endfacet
  facet normal -1 0 0
    outer loop
      vertex 12.4508 13.6722 8.15
      vertex 12.4508 14.589 7.14531
      vertex 12.4508 14.4996 7.18582
    endloop
  endfacet
  facet normal -1 0 0
    outer loop
      vertex 12.4508 13.6722 8.15
      vertex 12.4508 14.4996 7.18582
      vertex 12.4508 14.4077 7.2204
    endloop
  endfacet
  facet normal -1 0 0
    outer loop
      vertex 12.4508 13.6722 8.15
      vertex 12.4508 14.4077 7.2204
      vertex 12.4508 14.3138 7.24889
    endloop
  endfacet
  facet normal -1 0 0
    outer loop
      vertex 12.4508 13.6722 8.15
      vertex 12.4508 14.3138 7.24889
      vertex 12.4508 14.2182 7.27118
    endloop
  endfacet
  facet normal -1 0 0
    outer loop
      vertex 12.4508 13.6722 8.15
      vertex 12.4508 14.2182 7.27118
      vertex 12.4508 14.1214 7.28717
    endloop
  endfacet
  facet normal -1 0 0
    outer loop
      vertex 12.4508 13.6722 8.15
      vertex 12.4508 14.1214 7.28717
      vertex 12.4508 14.0237 7.29679
    endloop
  endfacet
  facet normal -1 0 0
    outer loop
      vertex 12.4508 13.6722 8.15
      vertex 12.4508 14.0237 7.29679
      vertex 12.4508 13.9256 7.3
    endloop
  endfacet
  facet normal -1 0 0
    outer loop
      vertex 12.4508 13.6722 8.15
      vertex 12.4508 13.9256 7.3
      vertex 12.4508 13.8275 7.29679
    endloop
  endfacet
  facet normal -1 0 0
    outer loop
      vertex 12.4508 13.6722 8.15
      vertex 12.4508 13.8275 7.29679
      vertex 12.4508 13.7298 7.28717
    endloop
  endfacet
  facet normal -1 0 0
    outer loop
      vertex 12.4508 13.6722 8.15
      vertex 12.4508 13.7298 7.28717
      vertex 12.4508 13.6722 7.27765
    endloop
  endfacet
  facet normal -1 0 0
    outer loop
      vertex 12.4508 14.589 7.14531
      vertex 12.4508 13.6722 8.15
      vertex 12.4508 16.8992 8.15
    endloop
  endfacet
  facet normal 1 -0 0
    outer loop
      vertex 7.0508 17.1026 8.15
      vertex 7.0508 17.6256 3
      vertex 7.0508 17.6256 8.15
    endloop
  endfacet
  facet normal 1 0 0
    outer loop
      vertex 7.0508 17.6256 3
      vertex 7.0508 17.1026 8.15
      vertex 7.0508 17.1026 3
    endloop
  endfacet
  facet normal 0 -1 0
    outer loop
      vertex 10.1761 17.6256 7.10227
      vertex 11.4021 17.6256 8.15
      vertex 7.0508 17.6256 8.15
    endloop
  endfacet
  facet normal 0 -1 -0
    outer loop
      vertex 11.4021 17.6256 8.15
      vertex 10.1761 17.6256 7.10227
      vertex 11.4021 17.6256 7.75
    endloop
  endfacet
  facet normal 0 -1 0
    outer loop
      vertex 7.0508 17.6256 8.15
      vertex 9.85652 17.6256 6.95153
      vertex 10.1761 17.6256 7.10227
    endloop
  endfacet
  facet normal 0 -1 0
    outer loop
      vertex 7.0508 17.6256 8.15
      vertex 9.42924 17.6256 6.75
      vertex 9.85652 17.6256 6.95153
    endloop
  endfacet
  facet normal 0 -1 0
    outer loop
      vertex 7.0508 17.6256 3
      vertex 9.42924 17.6256 6.75
      vertex 7.0508 17.6256 8.15
    endloop
  endfacet
  facet normal 0 -1 -0
    outer loop
      vertex 9.42924 17.6256 6.75
      vertex 7.0508 17.6256 3
      vertex 9.42924 17.6256 3
    endloop
  endfacet
  facet normal 0.935915 0.352225 0
    outer loop
      vertex -17.0918 -7.07964 8.15
      vertex -17.5182 -5.94663 3
      vertex -17.5182 -5.94663 8.15
    endloop
  endfacet
  facet normal 0.935915 0.352225 0
    outer loop
      vertex -17.5182 -5.94663 3
      vertex -17.0918 -7.07964 8.15
      vertex -17.0918 -7.07964 3
    endloop
  endfacet
  facet normal -0.999465 -0.0327108 0
    outer loop
      vertex 18.5 0 3
      vertex 18.4604 1.20996 8.15
      vertex 18.4604 1.20996 3
    endloop
  endfacet
  facet normal -0.999465 -0.0327108 0
    outer loop
      vertex 18.4604 1.20996 8.15
      vertex 18.5 0 3
      vertex 18.5 0 8.15
    endloop
  endfacet
  facet normal -0.0980503 -0.995181 0
    outer loop
      vertex 1.20996 18.4604 3
      vertex 2.41473 18.3417 8.15
      vertex 1.20996 18.4604 8.15
    endloop
  endfacet
  facet normal -0.0980503 -0.995181 -0
    outer loop
      vertex 2.41473 18.3417 8.15
      vertex 1.20996 18.4604 3
      vertex 2.41473 18.3417 3
    endloop
  endfacet
  facet normal 0.986644 -0.162893 0
    outer loop
      vertex -18.3417 2.41473 8.15
      vertex -18.1445 3.60917 3
      vertex -18.1445 3.60917 8.15
    endloop
  endfacet
  facet normal 0.986644 -0.162893 0
    outer loop
      vertex -18.1445 3.60917 3
      vertex -18.3417 2.41473 8.15
      vertex -18.3417 2.41473 3
    endloop
  endfacet
  facet normal 0.973877 -0.227077 0
    outer loop
      vertex -18.1445 3.60917 8.15
      vertex -17.8696 4.78815 3
      vertex -17.8696 4.78815 8.15
    endloop
  endfacet
  facet normal 0.973877 -0.227077 0
    outer loop
      vertex -17.8696 4.78815 3
      vertex -18.1445 3.60917 8.15
      vertex -18.1445 3.60917 3
    endloop
  endfacet
  facet normal -0.352265 -0.9359 0
    outer loop
      vertex 5.94663 17.5182 3
      vertex 7.0508 17.1026 8.15
      vertex 5.94663 17.5182 8.15
    endloop
  endfacet
  facet normal -0.352265 -0.9359 -0
    outer loop
      vertex 7.0508 17.1026 8.15
      vertex 5.94663 17.5182 3
      vertex 7.0508 17.1026 3
    endloop
  endfacet
  facet normal -0.729898 0.683556 0
    outer loop
      vertex 13.0815 -13.0815 3
      vertex 13.909 -12.1979 8.15
      vertex 13.909 -12.1979 3
    endloop
  endfacet
  facet normal -0.729898 0.683556 0
    outer loop
      vertex 13.909 -12.1979 8.15
      vertex 13.0815 -13.0815 3
      vertex 13.0815 -13.0815 8.15
    endloop
  endfacet
  facet normal -0.999465 0.0327108 0
    outer loop
      vertex 18.4604 -1.20996 3
      vertex 18.5 0 8.15
      vertex 18.5 0 3
    endloop
  endfacet
  facet normal -0.999465 0.0327108 0
    outer loop
      vertex 18.5 0 8.15
      vertex 18.4604 -1.20996 3
      vertex 18.4604 -1.20996 8.15
    endloop
  endfacet
  facet normal -0.634398 0.773007 0
    outer loop
      vertex 12.1979 -13.909 3
      vertex 11.2621 -14.677 8.15
      vertex 12.1979 -13.909 8.15
    endloop
  endfacet
  facet normal -0.634398 0.773007 0
    outer loop
      vertex 11.2621 -14.677 8.15
      vertex 12.1979 -13.909 3
      vertex 11.2621 -14.677 3
    endloop
  endfacet
  facet normal 0.973877 0.227077 0
    outer loop
      vertex -17.8696 -4.78815 8.15
      vertex -18.1445 -3.60917 3
      vertex -18.1445 -3.60917 8.15
    endloop
  endfacet
  facet normal 0.973877 0.227077 0
    outer loop
      vertex -18.1445 -3.60917 3
      vertex -17.8696 -4.78815 8.15
      vertex -17.8696 -4.78815 3
    endloop
  endfacet
  facet normal -0.58248 0.812845 0
    outer loop
      vertex 11.2621 -14.677 3
      vertex 10.278 -15.3822 8.15
      vertex 11.2621 -14.677 8.15
    endloop
  endfacet
  facet normal -0.58248 0.812845 0
    outer loop
      vertex 10.278 -15.3822 8.15
      vertex 11.2621 -14.677 3
      vertex 10.278 -15.3822 3
    endloop
  endfacet
  facet normal -0.995181 0.0980503 0
    outer loop
      vertex 18.3417 -2.41473 3
      vertex 18.4604 -1.20996 8.15
      vertex 18.4604 -1.20996 3
    endloop
  endfacet
  facet normal -0.995181 0.0980503 0
    outer loop
      vertex 18.4604 -1.20996 8.15
      vertex 18.3417 -2.41473 3
      vertex 18.3417 -2.41473 8.15
    endloop
  endfacet
  facet normal 0.227077 -0.973877 0
    outer loop
      vertex -4.78815 17.8696 3
      vertex -3.60917 18.1445 8.15
      vertex -4.78815 17.8696 8.15
    endloop
  endfacet
  facet normal 0.227077 -0.973877 0
    outer loop
      vertex -3.60917 18.1445 8.15
      vertex -4.78815 17.8696 3
      vertex -3.60917 18.1445 3
    endloop
  endfacet
  facet normal -0.995181 -0.0980503 0
    outer loop
      vertex 18.4604 1.20996 3
      vertex 18.3417 2.41473 8.15
      vertex 18.3417 2.41473 3
    endloop
  endfacet
  facet normal -0.995181 -0.0980503 0
    outer loop
      vertex 18.3417 2.41473 8.15
      vertex 18.4604 1.20996 3
      vertex 18.4604 1.20996 8.15
    endloop
  endfacet
  facet normal -0.910841 0.412757 0
    outer loop
      vertex 16.5921 -8.18234 3
      vertex 17.0918 -7.07964 8.15
      vertex 17.0918 -7.07964 3
    endloop
  endfacet
  facet normal -0.910841 0.412757 0
    outer loop
      vertex 17.0918 -7.07964 8.15
      vertex 16.5921 -8.18234 3
      vertex 16.5921 -8.18234 8.15
    endloop
  endfacet
  facet normal -0.849184 -0.528097 0
    outer loop
      vertex 16.0215 9.25 3
      vertex 15.3822 10.278 8.15
      vertex 15.3822 10.278 3
    endloop
  endfacet
  facet normal -0.849184 -0.528097 0
    outer loop
      vertex 15.3822 10.278 8.15
      vertex 16.0215 9.25 3
      vertex 16.0215 9.25 8.15
    endloop
  endfacet
  facet normal 0.683556 0.729898 -0
    outer loop
      vertex -12.1979 -13.909 3
      vertex -13.0815 -13.0815 8.15
      vertex -12.1979 -13.909 8.15
    endloop
  endfacet
  facet normal 0.683556 0.729898 0
    outer loop
      vertex -13.0815 -13.0815 8.15
      vertex -12.1979 -13.909 3
      vertex -13.0815 -13.0815 3
    endloop
  endfacet
  facet normal 0.352225 0.935915 -0
    outer loop
      vertex -5.94663 -17.5182 3
      vertex -7.07964 -17.0918 8.15
      vertex -5.94663 -17.5182 8.15
    endloop
  endfacet
  facet normal 0.352225 0.935915 0
    outer loop
      vertex -7.07964 -17.0918 8.15
      vertex -5.94663 -17.5182 3
      vertex -7.07964 -17.0918 3
    endloop
  endfacet
  facet normal 0.412757 0.910841 -0
    outer loop
      vertex -7.07964 -17.0918 3
      vertex -8.18234 -16.5921 8.15
      vertex -7.07964 -17.0918 8.15
    endloop
  endfacet
  facet normal 0.412757 0.910841 0
    outer loop
      vertex -8.18234 -16.5921 8.15
      vertex -7.07964 -17.0918 3
      vertex -8.18234 -16.5921 3
    endloop
  endfacet
  facet normal 0.528097 0.849184 -0
    outer loop
      vertex -9.25 -16.0215 3
      vertex -10.278 -15.3822 8.15
      vertex -9.25 -16.0215 8.15
    endloop
  endfacet
  facet normal 0.528097 0.849184 0
    outer loop
      vertex -10.278 -15.3822 8.15
      vertex -9.25 -16.0215 3
      vertex -10.278 -15.3822 3
    endloop
  endfacet
  facet normal 0.812845 -0.58248 0
    outer loop
      vertex -15.3822 10.278 8.15
      vertex -14.677 11.2621 3
      vertex -14.677 11.2621 8.15
    endloop
  endfacet
  facet normal 0.812845 -0.58248 0
    outer loop
      vertex -14.677 11.2621 3
      vertex -15.3822 10.278 8.15
      vertex -15.3822 10.278 3
    endloop
  endfacet
  facet normal -0.227077 -0.973877 0
    outer loop
      vertex 3.60917 18.1445 3
      vertex 4.78815 17.8696 8.15
      vertex 3.60917 18.1445 8.15
    endloop
  endfacet
  facet normal -0.227077 -0.973877 -0
    outer loop
      vertex 4.78815 17.8696 8.15
      vertex 3.60917 18.1445 3
      vertex 4.78815 17.8696 3
    endloop
  endfacet
  facet normal 0.58248 0.812845 -0
    outer loop
      vertex -10.278 -15.3822 3
      vertex -11.2621 -14.677 8.15
      vertex -10.278 -15.3822 8.15
    endloop
  endfacet
  facet normal 0.58248 0.812845 0
    outer loop
      vertex -11.2621 -14.677 8.15
      vertex -10.278 -15.3822 3
      vertex -11.2621 -14.677 3
    endloop
  endfacet
  facet normal -0.935915 -0.352225 0
    outer loop
      vertex 17.5182 5.94663 3
      vertex 17.0918 7.07964 8.15
      vertex 17.0918 7.07964 3
    endloop
  endfacet
  facet normal -0.935915 -0.352225 0
    outer loop
      vertex 17.0918 7.07964 8.15
      vertex 17.5182 5.94663 3
      vertex 17.5182 5.94663 8.15
    endloop
  endfacet
  facet normal -0.812845 -0.58248 0
    outer loop
      vertex 15.3822 10.278 3
      vertex 14.677 11.2621 8.15
      vertex 14.677 11.2621 3
    endloop
  endfacet
  facet normal -0.812845 -0.58248 0
    outer loop
      vertex 14.677 11.2621 8.15
      vertex 15.3822 10.278 3
      vertex 15.3822 10.278 8.15
    endloop
  endfacet
  facet normal -0.986644 0.162893 0
    outer loop
      vertex 18.1445 -3.60917 3
      vertex 18.3417 -2.41473 8.15
      vertex 18.3417 -2.41473 3
    endloop
  endfacet
  facet normal -0.986644 0.162893 0
    outer loop
      vertex 18.3417 -2.41473 8.15
      vertex 18.1445 -3.60917 3
      vertex 18.1445 -3.60917 8.15
    endloop
  endfacet
  facet normal -0.973877 0.227077 0
    outer loop
      vertex 17.8696 -4.78815 3
      vertex 18.1445 -3.60917 8.15
      vertex 18.1445 -3.60917 3
    endloop
  endfacet
  facet normal -0.973877 0.227077 0
    outer loop
      vertex 18.1445 -3.60917 8.15
      vertex 17.8696 -4.78815 3
      vertex 17.8696 -4.78815 8.15
    endloop
  endfacet
  facet normal -0.471348 0.881947 0
    outer loop
      vertex 9.25 -16.0215 3
      vertex 8.18234 -16.5921 8.15
      vertex 9.25 -16.0215 8.15
    endloop
  endfacet
  facet normal -0.471348 0.881947 0
    outer loop
      vertex 8.18234 -16.5921 8.15
      vertex 9.25 -16.0215 3
      vertex 8.18234 -16.5921 3
    endloop
  endfacet
  facet normal 0.881947 -0.471348 0
    outer loop
      vertex -16.5921 8.18234 8.15
      vertex -16.0215 9.25 3
      vertex -16.0215 9.25 8.15
    endloop
  endfacet
  facet normal 0.881947 -0.471348 0
    outer loop
      vertex -16.0215 9.25 3
      vertex -16.5921 8.18234 8.15
      vertex -16.5921 8.18234 3
    endloop
  endfacet
  facet normal -0.683556 0.729898 0
    outer loop
      vertex 13.0815 -13.0815 3
      vertex 12.1979 -13.909 8.15
      vertex 13.0815 -13.0815 8.15
    endloop
  endfacet
  facet normal -0.683556 0.729898 0
    outer loop
      vertex 12.1979 -13.909 8.15
      vertex 13.0815 -13.0815 3
      vertex 12.1979 -13.909 3
    endloop
  endfacet
  facet normal -0.956945 -0.290269 0
    outer loop
      vertex 17.8696 4.78815 3
      vertex 17.5182 5.94663 8.15
      vertex 17.5182 5.94663 3
    endloop
  endfacet
  facet normal -0.956945 -0.290269 0
    outer loop
      vertex 17.5182 5.94663 8.15
      vertex 17.8696 4.78815 3
      vertex 17.8696 4.78815 8.15
    endloop
  endfacet
  facet normal 0.999465 0.0327108 0
    outer loop
      vertex -18.4604 -1.20996 8.15
      vertex -18.5 0 3
      vertex -18.5 0 8.15
    endloop
  endfacet
  facet normal 0.999465 0.0327108 0
    outer loop
      vertex -18.5 0 3
      vertex -18.4604 -1.20996 8.15
      vertex -18.4604 -1.20996 3
    endloop
  endfacet
  facet normal 0.999465 -0.0327108 0
    outer loop
      vertex -18.5 0 8.15
      vertex -18.4604 1.20996 3
      vertex -18.4604 1.20996 8.15
    endloop
  endfacet
  facet normal 0.999465 -0.0327108 0
    outer loop
      vertex -18.4604 1.20996 3
      vertex -18.5 0 8.15
      vertex -18.5 0 3
    endloop
  endfacet
  facet normal 0.290269 -0.956945 0
    outer loop
      vertex -5.94663 17.5182 3
      vertex -4.78815 17.8696 8.15
      vertex -5.94663 17.5182 8.15
    endloop
  endfacet
  facet normal 0.290269 -0.956945 0
    outer loop
      vertex -4.78815 17.8696 8.15
      vertex -5.94663 17.5182 3
      vertex -4.78815 17.8696 3
    endloop
  endfacet
  facet normal -0.290269 0.956945 0
    outer loop
      vertex 5.94663 -17.5182 3
      vertex 4.78815 -17.8696 8.15
      vertex 5.94663 -17.5182 8.15
    endloop
  endfacet
  facet normal -0.290269 0.956945 0
    outer loop
      vertex 4.78815 -17.8696 8.15
      vertex 5.94663 -17.5182 3
      vertex 4.78815 -17.8696 3
    endloop
  endfacet
  facet normal -0.812845 0.58248 0
    outer loop
      vertex 14.677 -11.2621 3
      vertex 15.3822 -10.278 8.15
      vertex 15.3822 -10.278 3
    endloop
  endfacet
  facet normal -0.812845 0.58248 0
    outer loop
      vertex 15.3822 -10.278 8.15
      vertex 14.677 -11.2621 3
      vertex 14.677 -11.2621 8.15
    endloop
  endfacet
  facet normal -0.162893 -0.986644 0
    outer loop
      vertex 2.41473 18.3417 3
      vertex 3.60917 18.1445 8.15
      vertex 2.41473 18.3417 8.15
    endloop
  endfacet
  facet normal -0.162893 -0.986644 -0
    outer loop
      vertex 3.60917 18.1445 8.15
      vertex 2.41473 18.3417 3
      vertex 3.60917 18.1445 3
    endloop
  endfacet
  facet normal -0.528097 0.849184 0
    outer loop
      vertex 10.278 -15.3822 3
      vertex 9.25 -16.0215 8.15
      vertex 10.278 -15.3822 8.15
    endloop
  endfacet
  facet normal -0.528097 0.849184 0
    outer loop
      vertex 9.25 -16.0215 8.15
      vertex 10.278 -15.3822 3
      vertex 9.25 -16.0215 3
    endloop
  endfacet
  facet normal 0.162946 0.986635 -0
    outer loop
      vertex -2.63311 -18.3057 3
      vertex -3.60917 -18.1445 8.15
      vertex -2.63311 -18.3057 8.15
    endloop
  endfacet
  facet normal 0.162946 0.986635 0
    outer loop
      vertex -3.60917 -18.1445 8.15
      vertex -2.63311 -18.3057 3
      vertex -3.60917 -18.1445 3
    endloop
  endfacet
  facet normal 0.0327108 -0.999465 0
    outer loop
      vertex -1.20996 18.4604 3
      vertex 0 18.5 8.15
      vertex -1.20996 18.4604 8.15
    endloop
  endfacet
  facet normal 0.0327108 -0.999465 0
    outer loop
      vertex 0 18.5 8.15
      vertex -1.20996 18.4604 3
      vertex 0 18.5 3
    endloop
  endfacet
  facet normal -0.935915 0.352225 0
    outer loop
      vertex 17.0918 -7.07964 3
      vertex 17.5182 -5.94663 8.15
      vertex 17.5182 -5.94663 3
    endloop
  endfacet
  facet normal -0.935915 0.352225 0
    outer loop
      vertex 17.5182 -5.94663 8.15
      vertex 17.0918 -7.07964 3
      vertex 17.0918 -7.07964 8.15
    endloop
  endfacet
  facet normal 0.995181 0.0980503 0
    outer loop
      vertex -18.3417 -2.41473 8.15
      vertex -18.4604 -1.20996 3
      vertex -18.4604 -1.20996 8.15
    endloop
  endfacet
  facet normal 0.995181 0.0980503 0
    outer loop
      vertex -18.4604 -1.20996 3
      vertex -18.3417 -2.41473 8.15
      vertex -18.3417 -2.41473 3
    endloop
  endfacet
  facet normal -0.849184 0.528097 0
    outer loop
      vertex 15.3822 -10.278 3
      vertex 16.0215 -9.25 8.15
      vertex 16.0215 -9.25 3
    endloop
  endfacet
  facet normal -0.849184 0.528097 0
    outer loop
      vertex 16.0215 -9.25 8.15
      vertex 15.3822 -10.278 3
      vertex 15.3822 -10.278 8.15
    endloop
  endfacet
  facet normal -0.0327108 -0.999465 0
    outer loop
      vertex 0 18.5 3
      vertex 1.20996 18.4604 8.15
      vertex 0 18.5 8.15
    endloop
  endfacet
  facet normal -0.0327108 -0.999465 -0
    outer loop
      vertex 1.20996 18.4604 8.15
      vertex 0 18.5 3
      vertex 1.20996 18.4604 3
    endloop
  endfacet
  facet normal 0.995181 -0.0980503 0
    outer loop
      vertex -18.4604 1.20996 8.15
      vertex -18.3417 2.41473 3
      vertex -18.3417 2.41473 8.15
    endloop
  endfacet
  facet normal 0.995181 -0.0980503 0
    outer loop
      vertex -18.3417 2.41473 3
      vertex -18.4604 1.20996 8.15
      vertex -18.4604 1.20996 3
    endloop
  endfacet
  facet normal -0.412757 0.910841 0
    outer loop
      vertex 8.18234 -16.5921 3
      vertex 7.07964 -17.0918 8.15
      vertex 8.18234 -16.5921 8.15
    endloop
  endfacet
  facet normal -0.412757 0.910841 0
    outer loop
      vertex 7.07964 -17.0918 8.15
      vertex 8.18234 -16.5921 3
      vertex 7.07964 -17.0918 3
    endloop
  endfacet
  facet normal -0.352225 0.935915 0
    outer loop
      vertex 7.07964 -17.0918 3
      vertex 5.94663 -17.5182 8.15
      vertex 7.07964 -17.0918 8.15
    endloop
  endfacet
  facet normal -0.352225 0.935915 0
    outer loop
      vertex 5.94663 -17.5182 8.15
      vertex 7.07964 -17.0918 3
      vertex 5.94663 -17.5182 3
    endloop
  endfacet
  facet normal 0.227077 0.973877 -0
    outer loop
      vertex -3.60917 -18.1445 3
      vertex -4.78815 -17.8696 8.15
      vertex -3.60917 -18.1445 8.15
    endloop
  endfacet
  facet normal 0.227077 0.973877 0
    outer loop
      vertex -4.78815 -17.8696 8.15
      vertex -3.60917 -18.1445 3
      vertex -4.78815 -17.8696 3
    endloop
  endfacet
  facet normal -0.162946 0.986635 0
    outer loop
      vertex 3.60917 -18.1445 3
      vertex 2.63311 -18.3057 8.15
      vertex 3.60917 -18.1445 8.15
    endloop
  endfacet
  facet normal -0.162946 0.986635 0
    outer loop
      vertex 2.63311 -18.3057 8.15
      vertex 3.60917 -18.1445 3
      vertex 2.63311 -18.3057 3
    endloop
  endfacet
  facet normal 0.162893 -0.986644 0
    outer loop
      vertex -3.60917 18.1445 3
      vertex -2.41473 18.3417 8.15
      vertex -3.60917 18.1445 8.15
    endloop
  endfacet
  facet normal 0.162893 -0.986644 0
    outer loop
      vertex -2.41473 18.3417 8.15
      vertex -3.60917 18.1445 3
      vertex -2.41473 18.3417 3
    endloop
  endfacet
  facet normal 0.935915 -0.352225 0
    outer loop
      vertex -17.5182 5.94663 8.15
      vertex -17.0918 7.07964 3
      vertex -17.0918 7.07964 8.15
    endloop
  endfacet
  facet normal 0.935915 -0.352225 0
    outer loop
      vertex -17.0918 7.07964 3
      vertex -17.5182 5.94663 8.15
      vertex -17.5182 5.94663 3
    endloop
  endfacet
  facet normal 0.986644 0.162893 0
    outer loop
      vertex -18.1445 -3.60917 8.15
      vertex -18.3417 -2.41473 3
      vertex -18.3417 -2.41473 8.15
    endloop
  endfacet
  facet normal 0.986644 0.162893 0
    outer loop
      vertex -18.3417 -2.41473 3
      vertex -18.1445 -3.60917 8.15
      vertex -18.1445 -3.60917 3
    endloop
  endfacet
  facet normal 0.956945 0.290269 0
    outer loop
      vertex -17.5182 -5.94663 8.15
      vertex -17.8696 -4.78815 3
      vertex -17.8696 -4.78815 8.15
    endloop
  endfacet
  facet normal 0.956945 0.290269 0
    outer loop
      vertex -17.8696 -4.78815 3
      vertex -17.5182 -5.94663 8.15
      vertex -17.5182 -5.94663 3
    endloop
  endfacet
  facet normal 0.773007 -0.634398 0
    outer loop
      vertex -14.677 11.2621 8.15
      vertex -13.909 12.1979 3
      vertex -13.909 12.1979 8.15
    endloop
  endfacet
  facet normal 0.773007 -0.634398 0
    outer loop
      vertex -13.909 12.1979 3
      vertex -14.677 11.2621 8.15
      vertex -14.677 11.2621 3
    endloop
  endfacet
  facet normal 0.956945 -0.290269 0
    outer loop
      vertex -17.8696 4.78815 8.15
      vertex -17.5182 5.94663 3
      vertex -17.5182 5.94663 8.15
    endloop
  endfacet
  facet normal 0.956945 -0.290269 0
    outer loop
      vertex -17.5182 5.94663 3
      vertex -17.8696 4.78815 8.15
      vertex -17.8696 4.78815 3
    endloop
  endfacet
  facet normal 0.849184 -0.528097 0
    outer loop
      vertex -16.0215 9.25 8.15
      vertex -15.3822 10.278 3
      vertex -15.3822 10.278 8.15
    endloop
  endfacet
  facet normal 0.849184 -0.528097 0
    outer loop
      vertex -15.3822 10.278 3
      vertex -16.0215 9.25 8.15
      vertex -16.0215 9.25 3
    endloop
  endfacet
  facet normal 0.634398 0.773007 -0
    outer loop
      vertex -11.2621 -14.677 3
      vertex -12.1979 -13.909 8.15
      vertex -11.2621 -14.677 8.15
    endloop
  endfacet
  facet normal 0.634398 0.773007 0
    outer loop
      vertex -12.1979 -13.909 8.15
      vertex -11.2621 -14.677 3
      vertex -12.1979 -13.909 3
    endloop
  endfacet
  facet normal 0.0980503 -0.995181 0
    outer loop
      vertex -2.41473 18.3417 3
      vertex -1.20996 18.4604 8.15
      vertex -2.41473 18.3417 8.15
    endloop
  endfacet
  facet normal 0.0980503 -0.995181 0
    outer loop
      vertex -1.20996 18.4604 8.15
      vertex -2.41473 18.3417 3
      vertex -1.20996 18.4604 3
    endloop
  endfacet
  facet normal -0.956945 0.290269 0
    outer loop
      vertex 17.5182 -5.94663 3
      vertex 17.8696 -4.78815 8.15
      vertex 17.8696 -4.78815 3
    endloop
  endfacet
  facet normal -0.956945 0.290269 0
    outer loop
      vertex 17.8696 -4.78815 8.15
      vertex 17.5182 -5.94663 3
      vertex 17.5182 -5.94663 8.15
    endloop
  endfacet
  facet normal -0.881947 0.471348 0
    outer loop
      vertex 16.0215 -9.25 3
      vertex 16.5921 -8.18234 8.15
      vertex 16.5921 -8.18234 3
    endloop
  endfacet
  facet normal -0.881947 0.471348 0
    outer loop
      vertex 16.5921 -8.18234 8.15
      vertex 16.0215 -9.25 3
      vertex 16.0215 -9.25 8.15
    endloop
  endfacet
  facet normal 0.683583 -0.729873 2.13569e-05
    outer loop
      vertex -12.5947 13.5374 7.24889
      vertex -12.4508 13.6722 8.15
      vertex -13.0815 13.0815 8.15
    endloop
  endfacet
  facet normal 0.684115 -0.729374 0
    outer loop
      vertex -12.4508 13.6722 8.15
      vertex -12.4927 13.6329 7.27118
      vertex -12.4508 13.6722 7.27765
    endloop
  endfacet
  facet normal 0.683458 -0.72999 5.88398e-05
    outer loop
      vertex -12.4508 13.6722 8.15
      vertex -12.5947 13.5374 7.24889
      vertex -12.4927 13.6329 7.27118
    endloop
  endfacet
  facet normal 0.683786 -0.729683 0.000226989
    outer loop
      vertex -13.0815 13.0815 8.15
      vertex -12.695 13.4434 7.2204
      vertex -12.5947 13.5374 7.24889
    endloop
  endfacet
  facet normal 0.683301 -0.730137 -0.000151462
    outer loop
      vertex -13.0815 13.0815 8.15
      vertex -12.7931 13.3516 7.18582
      vertex -12.695 13.4434 7.2204
    endloop
  endfacet
  facet normal 0.683425 -0.73002 -8.15415e-05
    outer loop
      vertex -13.0815 13.0815 8.15
      vertex -12.8886 13.2622 7.14531
      vertex -12.7931 13.3516 7.18582
    endloop
  endfacet
  facet normal 0.683845 -0.729628 6.95537e-05
    outer loop
      vertex -13.0815 13.0815 8.15
      vertex -12.9508 13.2039 7.11416
      vertex -12.8886 13.2622 7.14531
    endloop
  endfacet
  facet normal 0.683551 -0.729903 0
    outer loop
      vertex -13.0815 13.0815 3
      vertex -12.9508 13.2039 7.11416
      vertex -13.0815 13.0815 8.15
    endloop
  endfacet
  facet normal 0.683551 -0.729903 0
    outer loop
      vertex -12.9508 13.2039 7.11416
      vertex -13.0815 13.0815 3
      vertex -12.9508 13.2039 3
    endloop
  endfacet
  facet normal 0.812845 0.58248 0
    outer loop
      vertex -14.677 -11.2621 8.15
      vertex -15.3822 -10.278 3
      vertex -15.3822 -10.278 8.15
    endloop
  endfacet
  facet normal 0.812845 0.58248 0
    outer loop
      vertex -15.3822 -10.278 3
      vertex -14.677 -11.2621 8.15
      vertex -14.677 -11.2621 3
    endloop
  endfacet
  facet normal -0.773007 -0.634398 0
    outer loop
      vertex 14.677 11.2621 3
      vertex 13.909 12.1979 8.15
      vertex 13.909 12.1979 3
    endloop
  endfacet
  facet normal -0.773007 -0.634398 0
    outer loop
      vertex 13.909 12.1979 8.15
      vertex 14.677 11.2621 3
      vertex 14.677 11.2621 8.15
    endloop
  endfacet
  facet normal -0.729898 -0.683556 0
    outer loop
      vertex 13.909 12.1979 3
      vertex 13.0815 13.0815 8.15
      vertex 13.0815 13.0815 3
    endloop
  endfacet
  facet normal -0.729898 -0.683556 0
    outer loop
      vertex 13.0815 13.0815 8.15
      vertex 13.909 12.1979 3
      vertex 13.909 12.1979 8.15
    endloop
  endfacet
  facet normal -0.773007 0.634398 0
    outer loop
      vertex 13.909 -12.1979 3
      vertex 14.677 -11.2621 8.15
      vertex 14.677 -11.2621 3
    endloop
  endfacet
  facet normal -0.773007 0.634398 0
    outer loop
      vertex 14.677 -11.2621 8.15
      vertex 13.909 -12.1979 3
      vertex 13.909 -12.1979 8.15
    endloop
  endfacet
  facet normal 0.729898 -0.683556 0
    outer loop
      vertex -13.909 12.1979 8.15
      vertex -13.0815 13.0815 3
      vertex -13.0815 13.0815 8.15
    endloop
  endfacet
  facet normal 0.729898 -0.683556 0
    outer loop
      vertex -13.0815 13.0815 3
      vertex -13.909 12.1979 8.15
      vertex -13.909 12.1979 3
    endloop
  endfacet
  facet normal 0.352265 -0.9359 0
    outer loop
      vertex -7.0508 17.1026 3
      vertex -5.94663 17.5182 8.15
      vertex -7.0508 17.1026 8.15
    endloop
  endfacet
  facet normal 0.352265 -0.9359 0
    outer loop
      vertex -5.94663 17.5182 8.15
      vertex -7.0508 17.1026 3
      vertex -5.94663 17.5182 3
    endloop
  endfacet
  facet normal 0.910841 0.412757 0
    outer loop
      vertex -16.5921 -8.18234 8.15
      vertex -17.0918 -7.07964 3
      vertex -17.0918 -7.07964 8.15
    endloop
  endfacet
  facet normal 0.910841 0.412757 0
    outer loop
      vertex -17.0918 -7.07964 3
      vertex -16.5921 -8.18234 8.15
      vertex -16.5921 -8.18234 3
    endloop
  endfacet
  facet normal 0.729898 0.683556 0
    outer loop
      vertex -13.0815 -13.0815 8.15
      vertex -13.909 -12.1979 3
      vertex -13.909 -12.1979 8.15
    endloop
  endfacet
  facet normal 0.729898 0.683556 0
    outer loop
      vertex -13.909 -12.1979 3
      vertex -13.0815 -13.0815 8.15
      vertex -13.0815 -13.0815 3
    endloop
  endfacet
  facet normal 0.773007 0.634398 0
    outer loop
      vertex -13.909 -12.1979 8.15
      vertex -14.677 -11.2621 3
      vertex -14.677 -11.2621 8.15
    endloop
  endfacet
  facet normal 0.773007 0.634398 0
    outer loop
      vertex -14.677 -11.2621 3
      vertex -13.909 -12.1979 8.15
      vertex -13.909 -12.1979 3
    endloop
  endfacet
  facet normal -0.986644 -0.162893 0
    outer loop
      vertex 18.3417 2.41473 3
      vertex 18.1445 3.60917 8.15
      vertex 18.1445 3.60917 3
    endloop
  endfacet
  facet normal -0.986644 -0.162893 0
    outer loop
      vertex 18.1445 3.60917 8.15
      vertex 18.3417 2.41473 3
      vertex 18.3417 2.41473 8.15
    endloop
  endfacet
  facet normal -0.290269 -0.956945 0
    outer loop
      vertex 4.78815 17.8696 3
      vertex 5.94663 17.5182 8.15
      vertex 4.78815 17.8696 8.15
    endloop
  endfacet
  facet normal -0.290269 -0.956945 -0
    outer loop
      vertex 5.94663 17.5182 8.15
      vertex 4.78815 17.8696 3
      vertex 5.94663 17.5182 3
    endloop
  endfacet
  facet normal -0.881947 -0.471348 0
    outer loop
      vertex 16.5921 8.18234 3
      vertex 16.0215 9.25 8.15
      vertex 16.0215 9.25 3
    endloop
  endfacet
  facet normal -0.881947 -0.471348 0
    outer loop
      vertex 16.0215 9.25 8.15
      vertex 16.5921 8.18234 3
      vertex 16.5921 8.18234 8.15
    endloop
  endfacet
  facet normal 0.290269 0.956945 -0
    outer loop
      vertex -4.78815 -17.8696 3
      vertex -5.94663 -17.5182 8.15
      vertex -4.78815 -17.8696 8.15
    endloop
  endfacet
  facet normal 0.290269 0.956945 0
    outer loop
      vertex -5.94663 -17.5182 8.15
      vertex -4.78815 -17.8696 3
      vertex -5.94663 -17.5182 3
    endloop
  endfacet
  facet normal -0.910841 -0.412757 0
    outer loop
      vertex 17.0918 7.07964 3
      vertex 16.5921 8.18234 8.15
      vertex 16.5921 8.18234 3
    endloop
  endfacet
  facet normal -0.910841 -0.412757 0
    outer loop
      vertex 16.5921 8.18234 8.15
      vertex 17.0918 7.07964 3
      vertex 17.0918 7.07964 8.15
    endloop
  endfacet
  facet normal -0.227077 0.973877 0
    outer loop
      vertex 4.78815 -17.8696 3
      vertex 3.60917 -18.1445 8.15
      vertex 4.78815 -17.8696 8.15
    endloop
  endfacet
  facet normal -0.227077 0.973877 0
    outer loop
      vertex 3.60917 -18.1445 8.15
      vertex 4.78815 -17.8696 3
      vertex 3.60917 -18.1445 3
    endloop
  endfacet
  facet normal 0.881947 0.471348 0
    outer loop
      vertex -16.0215 -9.25 8.15
      vertex -16.5921 -8.18234 3
      vertex -16.5921 -8.18234 8.15
    endloop
  endfacet
  facet normal 0.881947 0.471348 0
    outer loop
      vertex -16.5921 -8.18234 3
      vertex -16.0215 -9.25 8.15
      vertex -16.0215 -9.25 3
    endloop
  endfacet
  facet normal -0.684115 -0.729374 0
    outer loop
      vertex 12.4927 13.6329 7.27118
      vertex 12.4508 13.6722 8.15
      vertex 12.4508 13.6722 7.27765
    endloop
  endfacet
  facet normal -0.683458 -0.72999 5.88398e-05
    outer loop
      vertex 12.5947 13.5374 7.24889
      vertex 12.4508 13.6722 8.15
      vertex 12.4927 13.6329 7.27118
    endloop
  endfacet
  facet normal -0.683583 -0.729873 2.13569e-05
    outer loop
      vertex 12.4508 13.6722 8.15
      vertex 12.5947 13.5374 7.24889
      vertex 13.0815 13.0815 8.15
    endloop
  endfacet
  facet normal -0.683786 -0.729683 0.000226989
    outer loop
      vertex 12.695 13.4434 7.2204
      vertex 13.0815 13.0815 8.15
      vertex 12.5947 13.5374 7.24889
    endloop
  endfacet
  facet normal -0.683301 -0.730137 -0.000151462
    outer loop
      vertex 12.7931 13.3516 7.18582
      vertex 13.0815 13.0815 8.15
      vertex 12.695 13.4434 7.2204
    endloop
  endfacet
  facet normal -0.683425 -0.73002 -8.15415e-05
    outer loop
      vertex 12.8886 13.2622 7.14531
      vertex 13.0815 13.0815 8.15
      vertex 12.7931 13.3516 7.18582
    endloop
  endfacet
  facet normal -0.683845 -0.729628 6.95537e-05
    outer loop
      vertex 12.9508 13.2039 7.11416
      vertex 13.0815 13.0815 8.15
      vertex 12.8886 13.2622 7.14531
    endloop
  endfacet
  facet normal -0.683551 -0.729903 0
    outer loop
      vertex 13.0815 13.0815 3
      vertex 12.9508 13.2039 7.11416
      vertex 12.9508 13.2039 3
    endloop
  endfacet
  facet normal -0.683551 -0.729903 0
    outer loop
      vertex 12.9508 13.2039 7.11416
      vertex 13.0815 13.0815 3
      vertex 13.0815 13.0815 8.15
    endloop
  endfacet
  facet normal 0.849184 0.528097 0
    outer loop
      vertex -15.3822 -10.278 8.15
      vertex -16.0215 -9.25 3
      vertex -16.0215 -9.25 8.15
    endloop
  endfacet
  facet normal 0.849184 0.528097 0
    outer loop
      vertex -16.0215 -9.25 3
      vertex -15.3822 -10.278 8.15
      vertex -15.3822 -10.278 3
    endloop
  endfacet
  facet normal -0.973877 -0.227077 0
    outer loop
      vertex 18.1445 3.60917 3
      vertex 17.8696 4.78815 8.15
      vertex 17.8696 4.78815 3
    endloop
  endfacet
  facet normal -0.973877 -0.227077 0
    outer loop
      vertex 17.8696 4.78815 8.15
      vertex 18.1445 3.60917 3
      vertex 18.1445 3.60917 8.15
    endloop
  endfacet
  facet normal 0.910841 -0.412757 0
    outer loop
      vertex -17.0918 7.07964 8.15
      vertex -16.5921 8.18234 3
      vertex -16.5921 8.18234 8.15
    endloop
  endfacet
  facet normal 0.910841 -0.412757 0
    outer loop
      vertex -16.5921 8.18234 3
      vertex -17.0918 7.07964 8.15
      vertex -17.0918 7.07964 3
    endloop
  endfacet
  facet normal 0.471348 0.881947 -0
    outer loop
      vertex -8.18234 -16.5921 3
      vertex -9.25 -16.0215 8.15
      vertex -8.18234 -16.5921 8.15
    endloop
  endfacet
  facet normal 0.471348 0.881947 0
    outer loop
      vertex -9.25 -16.0215 8.15
      vertex -8.18234 -16.5921 3
      vertex -9.25 -16.0215 3
    endloop
  endfacet
  facet normal 0.0692553 0.703891 0.706924
    outer loop
      vertex 0.22891 -12.5075 13.2
      vertex 0.176588 -13.3058 14
      vertex 0.35242 -13.3231 14
    endloop
  endfacet
  facet normal 0.706918 -0.0231316 0.706918
    outer loop
      vertex 3.5 -16 13.2
      vertex 2.7 -16 14
      vertex 3.49251 -16.2289 13.2
    endloop
  endfacet
  facet normal 0.706917 -0.0231369 0.706918
    outer loop
      vertex 2.7 -16 14
      vertex 2.69422 -16.1766 14
      vertex 3.49251 -16.2289 13.2
    endloop
  endfacet
  facet normal -0.0692553 -0.703891 0.706924
    outer loop
      vertex -0.176588 -18.6942 14
      vertex -0.35242 -18.6769 14
      vertex -0.22891 -19.4925 13.2
    endloop
  endfacet
  facet normal 0.574957 0.411919 0.706928
    outer loop
      vertex 2.77674 -13.8693 13.2
      vertex 2.24497 -14.5 14
      vertex 2.91014 -14.0555 13.2
    endloop
  endfacet
  facet normal -0.0231614 0.706917 0.706917
    outer loop
      vertex 0 -12.5 13.2
      vertex -0.22891 -12.5075 13.2
      vertex 0 -13.3 14
    endloop
  endfacet
  facet normal -0.697847 0.115227 0.706918
    outer loop
      vertex -2.64812 -15.4733 14
      vertex -3.47006 -15.5432 13.2
      vertex -2.6769 -15.6476 14
    endloop
  endfacet
  facet normal -0.676824 -0.205395 0.70691
    outer loop
      vertex -2.55671 -16.8679 14
      vertex -3.38074 -16.9059 13.2
      vertex -3.31425 -17.125 13.2
    endloop
  endfacet
  facet normal 0.697848 0.115207 0.70692
    outer loop
      vertex 3.43275 -15.3172 13.2
      vertex 2.64812 -15.4733 14
      vertex 3.47006 -15.5432 13.2
    endloop
  endfacet
  facet normal 0.516307 -0.483408 0.706926
    outer loop
      vertex 2.02997 -17.7802 14
      vertex 1.90919 -17.9092 14
      vertex 2.63144 -18.3077 13.2
    endloop
  endfacet
  facet normal 0.448772 -0.546733 0.706886
    outer loop
      vertex 1.78023 -18.03 14
      vertex 1.64366 -18.1421 14
      vertex 2.13066 -18.7767 13.2
    endloop
  endfacet
  facet normal 0.697847 0.115227 0.706918
    outer loop
      vertex 3.47006 -15.5432 13.2
      vertex 2.64812 -15.4733 14
      vertex 2.6769 -15.6476 14
    endloop
  endfacet
  facet normal 0.644223 0.291939 0.706929
    outer loop
      vertex 3.13905 -14.452 13.2
      vertex 2.49447 -14.9668 14
      vertex 3.23358 -14.6606 13.2
    endloop
  endfacet
  facet normal 0.333456 -0.623759 0.706917
    outer loop
      vertex 1.35 -18.3383 14
      vertex 1.19418 -18.4216 14
      vertex 1.54801 -19.1391 13.2
    endloop
  endfacet
  facet normal 0.37363 0.600587 0.706892
    outer loop
      vertex 1.75 -12.9689 13.2
      vertex 1.50004 -13.755 14
      vertex 1.9445 -13.0899 13.2
    endloop
  endfacet
  facet normal 0.483551 0.516215 0.706894
    outer loop
      vertex 2.30771 -13.3686 13.2
      vertex 1.78023 -13.97 14
      vertex 1.90919 -14.0908 14
    endloop
  endfacet
  facet normal 0.688822 0.160581 0.706921
    outer loop
      vertex 3.38074 -15.0941 13.2
      vertex 2.64812 -15.4733 14
      vertex 3.43275 -15.3172 13.2
    endloop
  endfacet
  facet normal 0.644318 0.291784 0.706906
    outer loop
      vertex 3.13905 -14.452 13.2
      vertex 2.42156 -14.8058 14
      vertex 2.49447 -14.9668 14
    endloop
  endfacet
  facet normal 0.0231614 0.706917 0.706917
    outer loop
      vertex 0.22891 -12.5075 13.2
      vertex 0 -12.5 13.2
      vertex 0 -13.3 14
    endloop
  endfacet
  facet normal -0.546637 -0.448843 0.706914
    outer loop
      vertex -2.14205 -17.6437 14
      vertex -2.77674 -18.1307 13.2
      vertex -2.02997 -17.7802 14
    endloop
  endfacet
  facet normal 0.448772 0.546733 0.706886
    outer loop
      vertex 2.13066 -13.2233 13.2
      vertex 1.64366 -13.8579 14
      vertex 1.78023 -13.97 14
    endloop
  endfacet
  facet normal 0.706917 0.0231369 0.706918
    outer loop
      vertex 3.49251 -15.7711 13.2
      vertex 2.69422 -15.8234 14
      vertex 2.7 -16 14
    endloop
  endfacet
  facet normal -0.644223 -0.291939 0.706929
    outer loop
      vertex -2.49447 -17.0332 14
      vertex -3.23358 -17.3394 13.2
      vertex -3.13905 -17.548 13.2
    endloop
  endfacet
  facet normal 0.600627 0.373501 0.706926
    outer loop
      vertex 2.91014 -14.0555 13.2
      vertex 2.24497 -14.5 14
      vertex 3.03109 -14.25 13.2
    endloop
  endfacet
  facet normal -0.483399 0.516326 0.706918
    outer loop
      vertex -2.30771 -13.3686 13.2
      vertex -2.47487 -13.5251 13.2
      vertex -1.90919 -14.0908 14
    endloop
  endfacet
  facet normal 0.644318 -0.291784 0.706906
    outer loop
      vertex 2.49447 -17.0332 14
      vertex 2.42156 -17.1942 14
      vertex 3.13905 -17.548 13.2
    endloop
  endfacet
  facet normal -0.676841 -0.205294 0.706923
    outer loop
      vertex -2.608 -16.6988 14
      vertex -3.38074 -16.9059 13.2
      vertex -2.55671 -16.8679 14
    endloop
  endfacet
  facet normal 0.706918 0.0231316 0.706918
    outer loop
      vertex 3.49251 -15.7711 13.2
      vertex 2.7 -16 14
      vertex 3.5 -16 13.2
    endloop
  endfacet
  facet normal -0.448717 0.546767 0.706894
    outer loop
      vertex -2.13066 -13.2233 13.2
      vertex -2.30771 -13.3686 13.2
      vertex -1.78023 -13.97 14
    endloop
  endfacet
  facet normal -0.0691749 -0.703888 0.706934
    outer loop
      vertex -0.35242 -18.6769 14
      vertex -0.456841 -19.4701 13.2
      vertex -0.22891 -19.4925 13.2
    endloop
  endfacet
  facet normal 0.291844 0.64428 0.706916
    outer loop
      vertex 1.33939 -12.7664 13.2
      vertex 1.03325 -13.5055 14
      vertex 1.54801 -12.8609 13.2
    endloop
  endfacet
  facet normal -0.160536 -0.688856 0.706899
    outer loop
      vertex -0.698811 -18.608 14
      vertex -0.905867 -19.3807 13.2
      vertex -0.526743 -18.6481 14
    endloop
  endfacet
  facet normal 0.623794 0.33339 0.706917
    outer loop
      vertex 3.03109 -14.25 13.2
      vertex 2.33827 -14.65 14
      vertex 3.13905 -14.452 13.2
    endloop
  endfacet
  facet normal -0.623794 -0.33339 0.706917
    outer loop
      vertex -2.33827 -17.35 14
      vertex -3.13905 -17.548 13.2
      vertex -3.03109 -17.75 13.2
    endloop
  endfacet
  facet normal 0.600596 0.37357 0.706916
    outer loop
      vertex 3.03109 -14.25 13.2
      vertex 2.24497 -14.5 14
      vertex 2.33827 -14.65 14
    endloop
  endfacet
  facet normal 0.516275 0.483452 0.706919
    outer loop
      vertex 2.47487 -13.5251 13.2
      vertex 1.90919 -14.0908 14
      vertex 2.63144 -13.6923 13.2
    endloop
  endfacet
  facet normal 0.411999 0.574945 0.706891
    outer loop
      vertex 1.9445 -13.0899 13.2
      vertex 1.50004 -13.755 14
      vertex 2.13066 -13.2233 13.2
    endloop
  endfacet
  facet normal 0.661996 0.249082 0.706909
    outer loop
      vertex 3.23358 -14.6606 13.2
      vertex 2.55671 -15.1321 14
      vertex 3.31425 -14.875 13.2
    endloop
  endfacet
  facet normal -0.249013 0.662018 0.706913
    outer loop
      vertex -0.867887 -13.4433 14
      vertex -1.33939 -12.7664 13.2
      vertex -1.03325 -13.5055 14
    endloop
  endfacet
  facet normal -0.546681 -0.448773 0.706925
    outer loop
      vertex -2.02997 -17.7802 14
      vertex -2.77674 -18.1307 13.2
      vertex -2.63144 -18.3077 13.2
    endloop
  endfacet
  facet normal -0.697848 0.115207 0.70692
    outer loop
      vertex -3.43275 -15.3172 13.2
      vertex -3.47006 -15.5432 13.2
      vertex -2.64812 -15.4733 14
    endloop
  endfacet
  facet normal -0.115491 0.697811 0.70691
    outer loop
      vertex -0.456841 -12.5299 13.2
      vertex -0.682816 -12.5673 13.2
      vertex -0.526743 -13.3519 14
    endloop
  endfacet
  facet normal 0.688823 0.160579 0.706921
    outer loop
      vertex 3.38074 -15.0941 13.2
      vertex 2.608 -15.3012 14
      vertex 2.64812 -15.4733 14
    endloop
  endfacet
  facet normal -0.697847 -0.115227 0.706918
    outer loop
      vertex -2.6769 -16.3524 14
      vertex -3.47006 -16.4568 13.2
      vertex -2.64812 -16.5267 14
    endloop
  endfacet
  facet normal -0.37363 0.600587 0.706892
    outer loop
      vertex -1.75 -12.9689 13.2
      vertex -1.9445 -13.0899 13.2
      vertex -1.50004 -13.755 14
    endloop
  endfacet
  facet normal 0.644223 -0.291939 0.706929
    outer loop
      vertex 3.23358 -17.3394 13.2
      vertex 2.49447 -17.0332 14
      vertex 3.13905 -17.548 13.2
    endloop
  endfacet
  facet normal 0.546637 0.448843 0.706914
    outer loop
      vertex 2.77674 -13.8693 13.2
      vertex 2.02997 -14.2198 14
      vertex 2.14205 -14.3563 14
    endloop
  endfacet
  facet normal -0.574957 -0.411919 0.706928
    outer loop
      vertex -2.24497 -17.5 14
      vertex -2.91014 -17.9445 13.2
      vertex -2.77674 -18.1307 13.2
    endloop
  endfacet
  facet normal -0.644223 0.291939 0.706929
    outer loop
      vertex -3.13905 -14.452 13.2
      vertex -3.23358 -14.6606 13.2
      vertex -2.49447 -14.9668 14
    endloop
  endfacet
  facet normal 0.249203 -0.661917 0.70694
    outer loop
      vertex 1.33939 -19.2336 13.2
      vertex 0.867887 -18.5567 14
      vertex 1.12504 -19.3143 13.2
    endloop
  endfacet
  facet normal -0.160589 -0.688836 0.706906
    outer loop
      vertex -0.526743 -18.6481 14
      vertex -0.905867 -19.3807 13.2
      vertex -0.682816 -19.4327 13.2
    endloop
  endfacet
  facet normal 0.160589 0.688836 0.706906
    outer loop
      vertex 0.682816 -12.5673 13.2
      vertex 0.526743 -13.3519 14
      vertex 0.905867 -12.6193 13.2
    endloop
  endfacet
  facet normal 0.483399 0.516326 0.706918
    outer loop
      vertex 2.30771 -13.3686 13.2
      vertex 1.90919 -14.0908 14
      vertex 2.47487 -13.5251 13.2
    endloop
  endfacet
  facet normal -0.516307 0.483408 0.706926
    outer loop
      vertex -1.90919 -14.0908 14
      vertex -2.63144 -13.6923 13.2
      vertex -2.02997 -14.2198 14
    endloop
  endfacet
  facet normal 0.115491 -0.697811 0.70691
    outer loop
      vertex 0.526743 -18.6481 14
      vertex 0.456841 -19.4701 13.2
      vertex 0.682816 -19.4327 13.2
    endloop
  endfacet
  facet normal -0.661917 0.24923 0.70693
    outer loop
      vertex -2.49447 -14.9668 14
      vertex -3.23358 -14.6606 13.2
      vertex -2.55671 -15.1321 14
    endloop
  endfacet
  facet normal -0.291852 -0.644276 0.706917
    outer loop
      vertex -1.19418 -18.4216 14
      vertex -1.54801 -19.1391 13.2
      vertex -1.03325 -18.4945 14
    endloop
  endfacet
  facet normal 0.676841 0.205294 0.706923
    outer loop
      vertex 3.38074 -15.0941 13.2
      vertex 2.55671 -15.1321 14
      vertex 2.608 -15.3012 14
    endloop
  endfacet
  facet normal 0.703888 0.0693478 0.706917
    outer loop
      vertex 3.49251 -15.7711 13.2
      vertex 2.6769 -15.6476 14
      vertex 2.69422 -15.8234 14
    endloop
  endfacet
  facet normal 0.623767 0.333463 0.706907
    outer loop
      vertex 3.13905 -14.452 13.2
      vertex 2.33827 -14.65 14
      vertex 2.42156 -14.8058 14
    endloop
  endfacet
  facet normal 0.249013 0.662018 0.706913
    outer loop
      vertex 1.33939 -12.7664 13.2
      vertex 0.867887 -13.4433 14
      vertex 1.03325 -13.5055 14
    endloop
  endfacet
  facet normal 0.676824 -0.205395 0.70691
    outer loop
      vertex 3.38074 -16.9059 13.2
      vertex 2.55671 -16.8679 14
      vertex 3.31425 -17.125 13.2
    endloop
  endfacet
  facet normal -0.706918 0.0231316 0.706918
    outer loop
      vertex -3.49251 -15.7711 13.2
      vertex -3.5 -16 13.2
      vertex -2.7 -16 14
    endloop
  endfacet
  facet normal -0.676824 0.205395 0.70691
    outer loop
      vertex -3.31425 -14.875 13.2
      vertex -3.38074 -15.0941 13.2
      vertex -2.55671 -15.1321 14
    endloop
  endfacet
  facet normal 0.20507 0.676895 0.706937
    outer loop
      vertex 0.905867 -12.6193 13.2
      vertex 0.867887 -13.4433 14
      vertex 1.12504 -12.6857 13.2
    endloop
  endfacet
  facet normal 0.333456 0.623759 0.706917
    outer loop
      vertex 1.54801 -12.8609 13.2
      vertex 1.19418 -13.5784 14
      vertex 1.35 -13.6617 14
    endloop
  endfacet
  facet normal 0.575028 0.411843 0.706915
    outer loop
      vertex 2.77674 -13.8693 13.2
      vertex 2.14205 -14.3563 14
      vertex 2.24497 -14.5 14
    endloop
  endfacet
  facet normal -0.706918 -0.0231316 0.706918
    outer loop
      vertex -2.7 -16 14
      vertex -3.5 -16 13.2
      vertex -3.49251 -16.2289 13.2
    endloop
  endfacet
  facet normal -0.0232183 0.706908 0.706924
    outer loop
      vertex 0 -13.3 14
      vertex -0.22891 -12.5075 13.2
      vertex -0.176588 -13.3058 14
    endloop
  endfacet
  facet normal 0.0232183 0.706908 0.706924
    outer loop
      vertex 0.22891 -12.5075 13.2
      vertex 0 -13.3 14
      vertex 0.176588 -13.3058 14
    endloop
  endfacet
  facet normal -0.623767 -0.333463 0.706907
    outer loop
      vertex -2.42156 -17.1942 14
      vertex -3.13905 -17.548 13.2
      vertex -2.33827 -17.35 14
    endloop
  endfacet
  facet normal -0.706917 0.0231369 0.706918
    outer loop
      vertex -2.69422 -15.8234 14
      vertex -3.49251 -15.7711 13.2
      vertex -2.7 -16 14
    endloop
  endfacet
  facet normal 0.661917 0.24923 0.70693
    outer loop
      vertex 3.23358 -14.6606 13.2
      vertex 2.49447 -14.9668 14
      vertex 2.55671 -15.1321 14
    endloop
  endfacet
  facet normal -0.546637 0.448843 0.706914
    outer loop
      vertex -2.02997 -14.2198 14
      vertex -2.77674 -13.8693 13.2
      vertex -2.14205 -14.3563 14
    endloop
  endfacet
  facet normal 0.676824 0.205395 0.70691
    outer loop
      vertex 3.31425 -14.875 13.2
      vertex 2.55671 -15.1321 14
      vertex 3.38074 -15.0941 13.2
    endloop
  endfacet
  facet normal -0.448772 -0.546733 0.706886
    outer loop
      vertex -1.78023 -18.03 14
      vertex -2.13066 -18.7767 13.2
      vertex -1.64366 -18.1421 14
    endloop
  endfacet
  facet normal -0.0231614 -0.706917 0.706917
    outer loop
      vertex 0 -18.7 14
      vertex -0.22891 -19.4925 13.2
      vertex 0 -19.5 13.2
    endloop
  endfacet
  facet normal 0.448717 -0.546767 0.706894
    outer loop
      vertex 2.30771 -18.6314 13.2
      vertex 1.78023 -18.03 14
      vertex 2.13066 -18.7767 13.2
    endloop
  endfacet
  facet normal 0.703888 0.0693387 0.706919
    outer loop
      vertex 3.47006 -15.5432 13.2
      vertex 2.6769 -15.6476 14
      vertex 3.49251 -15.7711 13.2
    endloop
  endfacet
  facet normal -0.333502 0.623741 0.706911
    outer loop
      vertex -1.54801 -12.8609 13.2
      vertex -1.75 -12.9689 13.2
      vertex -1.35 -13.6617 14
    endloop
  endfacet
  facet normal -0.703888 0.0693478 0.706917
    outer loop
      vertex -2.6769 -15.6476 14
      vertex -3.49251 -15.7711 13.2
      vertex -2.69422 -15.8234 14
    endloop
  endfacet
  facet normal -0.249203 0.661917 0.70694
    outer loop
      vertex -1.12504 -12.6857 13.2
      vertex -1.33939 -12.7664 13.2
      vertex -0.867887 -13.4433 14
    endloop
  endfacet
  facet normal -0.661996 -0.249082 0.706909
    outer loop
      vertex -2.55671 -16.8679 14
      vertex -3.31425 -17.125 13.2
      vertex -3.23358 -17.3394 13.2
    endloop
  endfacet
  facet normal 0.546681 -0.448773 0.706925
    outer loop
      vertex 2.77674 -18.1307 13.2
      vertex 2.02997 -17.7802 14
      vertex 2.63144 -18.3077 13.2
    endloop
  endfacet
  facet normal -0.0692553 0.703891 0.706924
    outer loop
      vertex -0.22891 -12.5075 13.2
      vertex -0.35242 -13.3231 14
      vertex -0.176588 -13.3058 14
    endloop
  endfacet
  facet normal -0.20507 -0.676895 0.706937
    outer loop
      vertex -0.867887 -18.5567 14
      vertex -1.12504 -19.3143 13.2
      vertex -0.905867 -19.3807 13.2
    endloop
  endfacet
  facet normal -0.0232183 -0.706908 0.706924
    outer loop
      vertex -0.176588 -18.6942 14
      vertex -0.22891 -19.4925 13.2
      vertex 0 -18.7 14
    endloop
  endfacet
  facet normal -0.703888 0.0693387 0.706919
    outer loop
      vertex -3.47006 -15.5432 13.2
      vertex -3.49251 -15.7711 13.2
      vertex -2.6769 -15.6476 14
    endloop
  endfacet
  facet normal -0.688822 0.160581 0.706921
    outer loop
      vertex -3.38074 -15.0941 13.2
      vertex -3.43275 -15.3172 13.2
      vertex -2.64812 -15.4733 14
    endloop
  endfacet
  facet normal -0.411959 -0.574982 0.706884
    outer loop
      vertex -1.64366 -18.1421 14
      vertex -2.13066 -18.7767 13.2
      vertex -1.50004 -18.245 14
    endloop
  endfacet
  facet normal -0.205364 -0.676845 0.7069
    outer loop
      vertex -0.867887 -18.5567 14
      vertex -0.905867 -19.3807 13.2
      vertex -0.698811 -18.608 14
    endloop
  endfacet
  facet normal 0.546681 0.448773 0.706925
    outer loop
      vertex 2.63144 -13.6923 13.2
      vertex 2.02997 -14.2198 14
      vertex 2.77674 -13.8693 13.2
    endloop
  endfacet
  facet normal 0.249203 0.661917 0.70694
    outer loop
      vertex 1.12504 -12.6857 13.2
      vertex 0.867887 -13.4433 14
      vertex 1.33939 -12.7664 13.2
    endloop
  endfacet
  facet normal -0.411999 0.574945 0.706891
    outer loop
      vertex -1.9445 -13.0899 13.2
      vertex -2.13066 -13.2233 13.2
      vertex -1.50004 -13.755 14
    endloop
  endfacet
  facet normal 0.448717 0.546767 0.706894
    outer loop
      vertex 2.13066 -13.2233 13.2
      vertex 1.78023 -13.97 14
      vertex 2.30771 -13.3686 13.2
    endloop
  endfacet
  facet normal 0.0691749 -0.703888 0.706934
    outer loop
      vertex 0.35242 -18.6769 14
      vertex 0.22891 -19.4925 13.2
      vertex 0.456841 -19.4701 13.2
    endloop
  endfacet
  facet normal -0.160589 0.688836 0.706906
    outer loop
      vertex -0.682816 -12.5673 13.2
      vertex -0.905867 -12.6193 13.2
      vertex -0.526743 -13.3519 14
    endloop
  endfacet
  facet normal 0.516307 0.483408 0.706926
    outer loop
      vertex 2.63144 -13.6923 13.2
      vertex 1.90919 -14.0908 14
      vertex 2.02997 -14.2198 14
    endloop
  endfacet
  facet normal -0.703888 -0.0693387 0.706919
    outer loop
      vertex -2.6769 -16.3524 14
      vertex -3.49251 -16.2289 13.2
      vertex -3.47006 -16.4568 13.2
    endloop
  endfacet
  facet normal -0.291852 0.644276 0.706917
    outer loop
      vertex -1.03325 -13.5055 14
      vertex -1.54801 -12.8609 13.2
      vertex -1.19418 -13.5784 14
    endloop
  endfacet
  facet normal -0.115287 0.697819 0.706935
    outer loop
      vertex -0.456841 -12.5299 13.2
      vertex -0.526743 -13.3519 14
      vertex -0.35242 -13.3231 14
    endloop
  endfacet
  facet normal -0.546681 0.448773 0.706925
    outer loop
      vertex -2.63144 -13.6923 13.2
      vertex -2.77674 -13.8693 13.2
      vertex -2.02997 -14.2198 14
    endloop
  endfacet
  facet normal 0.333502 -0.623741 0.706911
    outer loop
      vertex 1.75 -19.0311 13.2
      vertex 1.35 -18.3383 14
      vertex 1.54801 -19.1391 13.2
    endloop
  endfacet
  facet normal 0.160589 -0.688836 0.706906
    outer loop
      vertex 0.905867 -19.3807 13.2
      vertex 0.526743 -18.6481 14
      vertex 0.682816 -19.4327 13.2
    endloop
  endfacet
  facet normal 0.115491 0.697811 0.70691
    outer loop
      vertex 0.682816 -12.5673 13.2
      vertex 0.456841 -12.5299 13.2
      vertex 0.526743 -13.3519 14
    endloop
  endfacet
  facet normal -0.20507 0.676895 0.706937
    outer loop
      vertex -0.905867 -12.6193 13.2
      vertex -1.12504 -12.6857 13.2
      vertex -0.867887 -13.4433 14
    endloop
  endfacet
  facet normal -0.373502 -0.600645 0.70691
    outer loop
      vertex -1.50004 -18.245 14
      vertex -1.75 -19.0311 13.2
      vertex -1.35 -18.3383 14
    endloop
  endfacet
  facet normal -0.333502 -0.623741 0.706911
    outer loop
      vertex -1.35 -18.3383 14
      vertex -1.75 -19.0311 13.2
      vertex -1.54801 -19.1391 13.2
    endloop
  endfacet
  facet normal 0.333502 0.623741 0.706911
    outer loop
      vertex 1.54801 -12.8609 13.2
      vertex 1.35 -13.6617 14
      vertex 1.75 -12.9689 13.2
    endloop
  endfacet
  facet normal -0.205364 0.676845 0.7069
    outer loop
      vertex -0.698811 -13.392 14
      vertex -0.905867 -12.6193 13.2
      vertex -0.867887 -13.4433 14
    endloop
  endfacet
  facet normal 0.249013 -0.662018 0.706913
    outer loop
      vertex 1.03325 -18.4945 14
      vertex 0.867887 -18.5567 14
      vertex 1.33939 -19.2336 13.2
    endloop
  endfacet
  facet normal 0.291852 0.644276 0.706917
    outer loop
      vertex 1.54801 -12.8609 13.2
      vertex 1.03325 -13.5055 14
      vertex 1.19418 -13.5784 14
    endloop
  endfacet
  facet normal -0.249203 -0.661917 0.70694
    outer loop
      vertex -0.867887 -18.5567 14
      vertex -1.33939 -19.2336 13.2
      vertex -1.12504 -19.3143 13.2
    endloop
  endfacet
  facet normal 0.160536 0.688856 0.706899
    outer loop
      vertex 0.905867 -12.6193 13.2
      vertex 0.526743 -13.3519 14
      vertex 0.698811 -13.392 14
    endloop
  endfacet
  facet normal 0.411999 -0.574945 0.706891
    outer loop
      vertex 2.13066 -18.7767 13.2
      vertex 1.50004 -18.245 14
      vertex 1.9445 -18.9101 13.2
    endloop
  endfacet
  facet normal -0.516275 -0.483452 0.706919
    outer loop
      vertex -1.90919 -17.9092 14
      vertex -2.63144 -18.3077 13.2
      vertex -2.47487 -18.4749 13.2
    endloop
  endfacet
  facet normal -0.661917 -0.24923 0.70693
    outer loop
      vertex -2.55671 -16.8679 14
      vertex -3.23358 -17.3394 13.2
      vertex -2.49447 -17.0332 14
    endloop
  endfacet
  facet normal 0.0691749 0.703888 0.706934
    outer loop
      vertex 0.456841 -12.5299 13.2
      vertex 0.22891 -12.5075 13.2
      vertex 0.35242 -13.3231 14
    endloop
  endfacet
  facet normal -0.411999 -0.574945 0.706891
    outer loop
      vertex -1.50004 -18.245 14
      vertex -2.13066 -18.7767 13.2
      vertex -1.9445 -18.9101 13.2
    endloop
  endfacet
  facet normal 0.37363 -0.600587 0.706892
    outer loop
      vertex 1.9445 -18.9101 13.2
      vertex 1.50004 -18.245 14
      vertex 1.75 -19.0311 13.2
    endloop
  endfacet
  facet normal 0.483551 -0.516215 0.706894
    outer loop
      vertex 1.90919 -17.9092 14
      vertex 1.78023 -18.03 14
      vertex 2.30771 -18.6314 13.2
    endloop
  endfacet
  facet normal 0.115287 0.697819 0.706935
    outer loop
      vertex 0.456841 -12.5299 13.2
      vertex 0.35242 -13.3231 14
      vertex 0.526743 -13.3519 14
    endloop
  endfacet
  facet normal -0.575028 0.411843 0.706915
    outer loop
      vertex -2.14205 -14.3563 14
      vertex -2.77674 -13.8693 13.2
      vertex -2.24497 -14.5 14
    endloop
  endfacet
  facet normal -0.697848 -0.115207 0.70692
    outer loop
      vertex -2.64812 -16.5267 14
      vertex -3.47006 -16.4568 13.2
      vertex -3.43275 -16.6828 13.2
    endloop
  endfacet
  facet normal -0.0691749 0.703888 0.706934
    outer loop
      vertex -0.22891 -12.5075 13.2
      vertex -0.456841 -12.5299 13.2
      vertex -0.35242 -13.3231 14
    endloop
  endfacet
  facet normal 0.205364 0.676845 0.7069
    outer loop
      vertex 0.905867 -12.6193 13.2
      vertex 0.698811 -13.392 14
      vertex 0.867887 -13.4433 14
    endloop
  endfacet
  facet normal -0.373502 0.600645 0.70691
    outer loop
      vertex -1.35 -13.6617 14
      vertex -1.75 -12.9689 13.2
      vertex -1.50004 -13.755 14
    endloop
  endfacet
  facet normal 0.411959 -0.574982 0.706884
    outer loop
      vertex 1.64366 -18.1421 14
      vertex 1.50004 -18.245 14
      vertex 2.13066 -18.7767 13.2
    endloop
  endfacet
  facet normal -0.623767 0.333463 0.706907
    outer loop
      vertex -2.33827 -14.65 14
      vertex -3.13905 -14.452 13.2
      vertex -2.42156 -14.8058 14
    endloop
  endfacet
  facet normal -0.676841 0.205294 0.706923
    outer loop
      vertex -2.55671 -15.1321 14
      vertex -3.38074 -15.0941 13.2
      vertex -2.608 -15.3012 14
    endloop
  endfacet
  facet normal -0.688823 0.160579 0.706921
    outer loop
      vertex -2.608 -15.3012 14
      vertex -3.38074 -15.0941 13.2
      vertex -2.64812 -15.4733 14
    endloop
  endfacet
  facet normal -0.574957 0.411919 0.706928
    outer loop
      vertex -2.77674 -13.8693 13.2
      vertex -2.91014 -14.0555 13.2
      vertex -2.24497 -14.5 14
    endloop
  endfacet
  facet normal -0.483399 -0.516326 0.706918
    outer loop
      vertex -1.90919 -17.9092 14
      vertex -2.47487 -18.4749 13.2
      vertex -2.30771 -18.6314 13.2
    endloop
  endfacet
  facet normal 0.0232183 -0.706908 0.706924
    outer loop
      vertex 0.176588 -18.6942 14
      vertex 0 -18.7 14
      vertex 0.22891 -19.4925 13.2
    endloop
  endfacet
  facet normal -0.516307 -0.483408 0.706926
    outer loop
      vertex -2.02997 -17.7802 14
      vertex -2.63144 -18.3077 13.2
      vertex -1.90919 -17.9092 14
    endloop
  endfacet
  facet normal -0.688823 -0.160579 0.706921
    outer loop
      vertex -2.64812 -16.5267 14
      vertex -3.38074 -16.9059 13.2
      vertex -2.608 -16.6988 14
    endloop
  endfacet
  facet normal 0.411959 0.574982 0.706884
    outer loop
      vertex 2.13066 -13.2233 13.2
      vertex 1.50004 -13.755 14
      vertex 1.64366 -13.8579 14
    endloop
  endfacet
  facet normal 0.373502 0.600645 0.70691
    outer loop
      vertex 1.75 -12.9689 13.2
      vertex 1.35 -13.6617 14
      vertex 1.50004 -13.755 14
    endloop
  endfacet
  facet normal -0.291844 -0.64428 0.706916
    outer loop
      vertex -1.03325 -18.4945 14
      vertex -1.54801 -19.1391 13.2
      vertex -1.33939 -19.2336 13.2
    endloop
  endfacet
  facet normal 0.697848 -0.115207 0.70692
    outer loop
      vertex 3.47006 -16.4568 13.2
      vertex 2.64812 -16.5267 14
      vertex 3.43275 -16.6828 13.2
    endloop
  endfacet
  facet normal 0.160536 -0.688856 0.706899
    outer loop
      vertex 0.698811 -18.608 14
      vertex 0.526743 -18.6481 14
      vertex 0.905867 -19.3807 13.2
    endloop
  endfacet
  facet normal 0.623794 -0.33339 0.706917
    outer loop
      vertex 3.13905 -17.548 13.2
      vertex 2.33827 -17.35 14
      vertex 3.03109 -17.75 13.2
    endloop
  endfacet
  facet normal 0.483399 -0.516326 0.706918
    outer loop
      vertex 2.47487 -18.4749 13.2
      vertex 1.90919 -17.9092 14
      vertex 2.30771 -18.6314 13.2
    endloop
  endfacet
  facet normal 0.373502 -0.600645 0.70691
    outer loop
      vertex 1.50004 -18.245 14
      vertex 1.35 -18.3383 14
      vertex 1.75 -19.0311 13.2
    endloop
  endfacet
  facet normal -0.644318 0.291784 0.706906
    outer loop
      vertex -2.42156 -14.8058 14
      vertex -3.13905 -14.452 13.2
      vertex -2.49447 -14.9668 14
    endloop
  endfacet
  facet normal 0.688822 -0.160581 0.706921
    outer loop
      vertex 3.43275 -16.6828 13.2
      vertex 2.64812 -16.5267 14
      vertex 3.38074 -16.9059 13.2
    endloop
  endfacet
  facet normal 0.0231614 -0.706917 0.706917
    outer loop
      vertex 0.22891 -19.4925 13.2
      vertex 0 -18.7 14
      vertex 0 -19.5 13.2
    endloop
  endfacet
  facet normal 0.661917 -0.24923 0.70693
    outer loop
      vertex 2.55671 -16.8679 14
      vertex 2.49447 -17.0332 14
      vertex 3.23358 -17.3394 13.2
    endloop
  endfacet
  facet normal 0.0692553 -0.703891 0.706924
    outer loop
      vertex 0.35242 -18.6769 14
      vertex 0.176588 -18.6942 14
      vertex 0.22891 -19.4925 13.2
    endloop
  endfacet
  facet normal -0.600596 -0.37357 0.706916
    outer loop
      vertex -2.33827 -17.35 14
      vertex -3.03109 -17.75 13.2
      vertex -2.24497 -17.5 14
    endloop
  endfacet
  facet normal 0.661996 -0.249082 0.706909
    outer loop
      vertex 3.31425 -17.125 13.2
      vertex 2.55671 -16.8679 14
      vertex 3.23358 -17.3394 13.2
    endloop
  endfacet
  facet normal -0.644318 -0.291784 0.706906
    outer loop
      vertex -2.49447 -17.0332 14
      vertex -3.13905 -17.548 13.2
      vertex -2.42156 -17.1942 14
    endloop
  endfacet
  facet normal -0.623794 0.33339 0.706917
    outer loop
      vertex -3.03109 -14.25 13.2
      vertex -3.13905 -14.452 13.2
      vertex -2.33827 -14.65 14
    endloop
  endfacet
  facet normal 0.676841 -0.205294 0.706923
    outer loop
      vertex 2.608 -16.6988 14
      vertex 2.55671 -16.8679 14
      vertex 3.38074 -16.9059 13.2
    endloop
  endfacet
  facet normal 0.115287 -0.697819 0.706935
    outer loop
      vertex 0.526743 -18.6481 14
      vertex 0.35242 -18.6769 14
      vertex 0.456841 -19.4701 13.2
    endloop
  endfacet
  facet normal -0.661996 0.249082 0.706909
    outer loop
      vertex -3.23358 -14.6606 13.2
      vertex -3.31425 -14.875 13.2
      vertex -2.55671 -15.1321 14
    endloop
  endfacet
  facet normal 0.575028 -0.411843 0.706915
    outer loop
      vertex 2.24497 -17.5 14
      vertex 2.14205 -17.6437 14
      vertex 2.77674 -18.1307 13.2
    endloop
  endfacet
  facet normal -0.115287 -0.697819 0.706935
    outer loop
      vertex -0.35242 -18.6769 14
      vertex -0.526743 -18.6481 14
      vertex -0.456841 -19.4701 13.2
    endloop
  endfacet
  facet normal -0.115491 -0.697811 0.70691
    outer loop
      vertex -0.526743 -18.6481 14
      vertex -0.682816 -19.4327 13.2
      vertex -0.456841 -19.4701 13.2
    endloop
  endfacet
  facet normal -0.333456 0.623759 0.706917
    outer loop
      vertex -1.19418 -13.5784 14
      vertex -1.54801 -12.8609 13.2
      vertex -1.35 -13.6617 14
    endloop
  endfacet
  facet normal -0.291844 0.64428 0.706916
    outer loop
      vertex -1.33939 -12.7664 13.2
      vertex -1.54801 -12.8609 13.2
      vertex -1.03325 -13.5055 14
    endloop
  endfacet
  facet normal -0.516275 0.483452 0.706919
    outer loop
      vertex -2.47487 -13.5251 13.2
      vertex -2.63144 -13.6923 13.2
      vertex -1.90919 -14.0908 14
    endloop
  endfacet
  facet normal -0.688822 -0.160581 0.706921
    outer loop
      vertex -2.64812 -16.5267 14
      vertex -3.43275 -16.6828 13.2
      vertex -3.38074 -16.9059 13.2
    endloop
  endfacet
  facet normal -0.160536 0.688856 0.706899
    outer loop
      vertex -0.526743 -13.3519 14
      vertex -0.905867 -12.6193 13.2
      vertex -0.698811 -13.392 14
    endloop
  endfacet
  facet normal 0.205364 -0.676845 0.7069
    outer loop
      vertex 0.867887 -18.5567 14
      vertex 0.698811 -18.608 14
      vertex 0.905867 -19.3807 13.2
    endloop
  endfacet
  facet normal 0.20507 -0.676895 0.706937
    outer loop
      vertex 1.12504 -19.3143 13.2
      vertex 0.867887 -18.5567 14
      vertex 0.905867 -19.3807 13.2
    endloop
  endfacet
  facet normal -0.411959 0.574982 0.706884
    outer loop
      vertex -1.50004 -13.755 14
      vertex -2.13066 -13.2233 13.2
      vertex -1.64366 -13.8579 14
    endloop
  endfacet
  facet normal -0.448772 0.546733 0.706886
    outer loop
      vertex -1.64366 -13.8579 14
      vertex -2.13066 -13.2233 13.2
      vertex -1.78023 -13.97 14
    endloop
  endfacet
  facet normal 0.600627 -0.373501 0.706926
    outer loop
      vertex 3.03109 -17.75 13.2
      vertex 2.24497 -17.5 14
      vertex 2.91014 -17.9445 13.2
    endloop
  endfacet
  facet normal -0.483551 0.516215 0.706894
    outer loop
      vertex -1.78023 -13.97 14
      vertex -2.30771 -13.3686 13.2
      vertex -1.90919 -14.0908 14
    endloop
  endfacet
  facet normal 0.516275 -0.483452 0.706919
    outer loop
      vertex 2.63144 -18.3077 13.2
      vertex 1.90919 -17.9092 14
      vertex 2.47487 -18.4749 13.2
    endloop
  endfacet
  facet normal -0.249013 -0.662018 0.706913
    outer loop
      vertex -1.03325 -18.4945 14
      vertex -1.33939 -19.2336 13.2
      vertex -0.867887 -18.5567 14
    endloop
  endfacet
  facet normal 0.697847 -0.115227 0.706918
    outer loop
      vertex 2.6769 -16.3524 14
      vertex 2.64812 -16.5267 14
      vertex 3.47006 -16.4568 13.2
    endloop
  endfacet
  facet normal -0.448717 -0.546767 0.706894
    outer loop
      vertex -1.78023 -18.03 14
      vertex -2.30771 -18.6314 13.2
      vertex -2.13066 -18.7767 13.2
    endloop
  endfacet
  facet normal 0.623767 -0.333463 0.706907
    outer loop
      vertex 2.42156 -17.1942 14
      vertex 2.33827 -17.35 14
      vertex 3.13905 -17.548 13.2
    endloop
  endfacet
  facet normal -0.483551 -0.516215 0.706894
    outer loop
      vertex -1.90919 -17.9092 14
      vertex -2.30771 -18.6314 13.2
      vertex -1.78023 -18.03 14
    endloop
  endfacet
  facet normal -0.333456 -0.623759 0.706917
    outer loop
      vertex -1.35 -18.3383 14
      vertex -1.54801 -19.1391 13.2
      vertex -1.19418 -18.4216 14
    endloop
  endfacet
  facet normal 0.291852 -0.644276 0.706917
    outer loop
      vertex 1.19418 -18.4216 14
      vertex 1.03325 -18.4945 14
      vertex 1.54801 -19.1391 13.2
    endloop
  endfacet
  facet normal -0.706917 -0.0231369 0.706918
    outer loop
      vertex -2.7 -16 14
      vertex -3.49251 -16.2289 13.2
      vertex -2.69422 -16.1766 14
    endloop
  endfacet
  facet normal -0.703888 -0.0693478 0.706917
    outer loop
      vertex -2.69422 -16.1766 14
      vertex -3.49251 -16.2289 13.2
      vertex -2.6769 -16.3524 14
    endloop
  endfacet
  facet normal 0.574957 -0.411919 0.706928
    outer loop
      vertex 2.91014 -17.9445 13.2
      vertex 2.24497 -17.5 14
      vertex 2.77674 -18.1307 13.2
    endloop
  endfacet
  facet normal -0.37363 -0.600587 0.706892
    outer loop
      vertex -1.50004 -18.245 14
      vertex -1.9445 -18.9101 13.2
      vertex -1.75 -19.0311 13.2
    endloop
  endfacet
  facet normal 0.291844 -0.64428 0.706916
    outer loop
      vertex 1.54801 -19.1391 13.2
      vertex 1.03325 -18.4945 14
      vertex 1.33939 -19.2336 13.2
    endloop
  endfacet
  facet normal -0.600627 0.373501 0.706926
    outer loop
      vertex -2.91014 -14.0555 13.2
      vertex -3.03109 -14.25 13.2
      vertex -2.24497 -14.5 14
    endloop
  endfacet
  facet normal -0.600596 0.37357 0.706916
    outer loop
      vertex -2.24497 -14.5 14
      vertex -3.03109 -14.25 13.2
      vertex -2.33827 -14.65 14
    endloop
  endfacet
  facet normal -0.600627 -0.373501 0.706926
    outer loop
      vertex -2.24497 -17.5 14
      vertex -3.03109 -17.75 13.2
      vertex -2.91014 -17.9445 13.2
    endloop
  endfacet
  facet normal 0.546637 -0.448843 0.706914
    outer loop
      vertex 2.14205 -17.6437 14
      vertex 2.02997 -17.7802 14
      vertex 2.77674 -18.1307 13.2
    endloop
  endfacet
  facet normal -0.575028 -0.411843 0.706915
    outer loop
      vertex -2.24497 -17.5 14
      vertex -2.77674 -18.1307 13.2
      vertex -2.14205 -17.6437 14
    endloop
  endfacet
  facet normal 0 0 1
    outer loop
      vertex 2.69422 -15.8234 14
      vertex 2.69422 -16.1766 14
      vertex 2.7 -16 14
    endloop
  endfacet
  facet normal 0 0 1
    outer loop
      vertex 2.6769 -15.6476 14
      vertex 2.69422 -16.1766 14
      vertex 2.69422 -15.8234 14
    endloop
  endfacet
  facet normal 0 0 1
    outer loop
      vertex 2.6769 -15.6476 14
      vertex 2.6769 -16.3524 14
      vertex 2.69422 -16.1766 14
    endloop
  endfacet
  facet normal 0 0 1
    outer loop
      vertex 2.64812 -15.4733 14
      vertex 2.6769 -16.3524 14
      vertex 2.6769 -15.6476 14
    endloop
  endfacet
  facet normal 0 0 1
    outer loop
      vertex 2.64812 -15.4733 14
      vertex 2.64812 -16.5267 14
      vertex 2.6769 -16.3524 14
    endloop
  endfacet
  facet normal 0 0 1
    outer loop
      vertex 2.608 -15.3012 14
      vertex 2.64812 -16.5267 14
      vertex 2.64812 -15.4733 14
    endloop
  endfacet
  facet normal 0 0 1
    outer loop
      vertex 2.608 -15.3012 14
      vertex 2.608 -16.6988 14
      vertex 2.64812 -16.5267 14
    endloop
  endfacet
  facet normal 0 0 1
    outer loop
      vertex 2.55671 -15.1321 14
      vertex 2.608 -16.6988 14
      vertex 2.608 -15.3012 14
    endloop
  endfacet
  facet normal 0 0 1
    outer loop
      vertex 2.55671 -15.1321 14
      vertex 2.55671 -16.8679 14
      vertex 2.608 -16.6988 14
    endloop
  endfacet
  facet normal 0 0 1
    outer loop
      vertex 2.49447 -14.9668 14
      vertex 2.55671 -16.8679 14
      vertex 2.55671 -15.1321 14
    endloop
  endfacet
  facet normal 0 0 1
    outer loop
      vertex 2.49447 -14.9668 14
      vertex 2.49447 -17.0332 14
      vertex 2.55671 -16.8679 14
    endloop
  endfacet
  facet normal 0 0 1
    outer loop
      vertex 2.42156 -14.8058 14
      vertex 2.49447 -17.0332 14
      vertex 2.49447 -14.9668 14
    endloop
  endfacet
  facet normal 0 0 1
    outer loop
      vertex 2.42156 -14.8058 14
      vertex 2.42156 -17.1942 14
      vertex 2.49447 -17.0332 14
    endloop
  endfacet
  facet normal 0 0 1
    outer loop
      vertex 2.33827 -14.65 14
      vertex 2.42156 -17.1942 14
      vertex 2.42156 -14.8058 14
    endloop
  endfacet
  facet normal 0 0 1
    outer loop
      vertex 2.33827 -14.65 14
      vertex 2.33827 -17.35 14
      vertex 2.42156 -17.1942 14
    endloop
  endfacet
  facet normal 0 0 1
    outer loop
      vertex 2.24497 -14.5 14
      vertex 2.33827 -17.35 14
      vertex 2.33827 -14.65 14
    endloop
  endfacet
  facet normal 0 0 1
    outer loop
      vertex 2.24497 -14.5 14
      vertex 2.24497 -17.5 14
      vertex 2.33827 -17.35 14
    endloop
  endfacet
  facet normal 0 0 1
    outer loop
      vertex 2.14205 -14.3563 14
      vertex 2.24497 -17.5 14
      vertex 2.24497 -14.5 14
    endloop
  endfacet
  facet normal 0 0 1
    outer loop
      vertex 2.14205 -14.3563 14
      vertex 2.14205 -17.6437 14
      vertex 2.24497 -17.5 14
    endloop
  endfacet
  facet normal 0 0 1
    outer loop
      vertex 2.02997 -14.2198 14
      vertex 2.14205 -17.6437 14
      vertex 2.14205 -14.3563 14
    endloop
  endfacet
  facet normal 0 0 1
    outer loop
      vertex 2.02997 -14.2198 14
      vertex 2.02997 -17.7802 14
      vertex 2.14205 -17.6437 14
    endloop
  endfacet
  facet normal 0 0 1
    outer loop
      vertex 1.90919 -14.0908 14
      vertex 2.02997 -17.7802 14
      vertex 2.02997 -14.2198 14
    endloop
  endfacet
  facet normal 0 0 1
    outer loop
      vertex 1.90919 -14.0908 14
      vertex 1.90919 -17.9092 14
      vertex 2.02997 -17.7802 14
    endloop
  endfacet
  facet normal 0 0 1
    outer loop
      vertex 1.78023 -13.97 14
      vertex 1.90919 -17.9092 14
      vertex 1.90919 -14.0908 14
    endloop
  endfacet
  facet normal 0 0 1
    outer loop
      vertex 1.78023 -13.97 14
      vertex 1.78023 -18.03 14
      vertex 1.90919 -17.9092 14
    endloop
  endfacet
  facet normal 0 0 1
    outer loop
      vertex 1.64366 -13.8579 14
      vertex 1.78023 -18.03 14
      vertex 1.78023 -13.97 14
    endloop
  endfacet
  facet normal 0 0 1
    outer loop
      vertex 1.64366 -13.8579 14
      vertex 1.64366 -18.1421 14
      vertex 1.78023 -18.03 14
    endloop
  endfacet
  facet normal 0 0 1
    outer loop
      vertex 1.50004 -13.755 14
      vertex 1.64366 -18.1421 14
      vertex 1.64366 -13.8579 14
    endloop
  endfacet
  facet normal 0 0 1
    outer loop
      vertex 1.50004 -13.755 14
      vertex 1.50004 -18.245 14
      vertex 1.64366 -18.1421 14
    endloop
  endfacet
  facet normal 0 0 1
    outer loop
      vertex 1.35 -13.6617 14
      vertex 1.50004 -18.245 14
      vertex 1.50004 -13.755 14
    endloop
  endfacet
  facet normal 0 0 1
    outer loop
      vertex 1.35 -13.6617 14
      vertex 1.35 -18.3383 14
      vertex 1.50004 -18.245 14
    endloop
  endfacet
  facet normal 0 0 1
    outer loop
      vertex 1.19418 -13.5784 14
      vertex 1.35 -18.3383 14
      vertex 1.35 -13.6617 14
    endloop
  endfacet
  facet normal 0 0 1
    outer loop
      vertex 1.19418 -13.5784 14
      vertex 1.19418 -18.4216 14
      vertex 1.35 -18.3383 14
    endloop
  endfacet
  facet normal 0 0 1
    outer loop
      vertex 1.03325 -13.5055 14
      vertex 1.19418 -18.4216 14
      vertex 1.19418 -13.5784 14
    endloop
  endfacet
  facet normal 0 0 1
    outer loop
      vertex 1.03325 -13.5055 14
      vertex 1.03325 -18.4945 14
      vertex 1.19418 -18.4216 14
    endloop
  endfacet
  facet normal 0 0 1
    outer loop
      vertex 0.867887 -13.4433 14
      vertex 1.03325 -18.4945 14
      vertex 1.03325 -13.5055 14
    endloop
  endfacet
  facet normal 0 0 1
    outer loop
      vertex 0.867887 -13.4433 14
      vertex 0.867887 -18.5567 14
      vertex 1.03325 -18.4945 14
    endloop
  endfacet
  facet normal 0 0 1
    outer loop
      vertex 0.698811 -13.392 14
      vertex 0.867887 -18.5567 14
      vertex 0.867887 -13.4433 14
    endloop
  endfacet
  facet normal 0 0 1
    outer loop
      vertex 0.698811 -13.392 14
      vertex 0.698811 -18.608 14
      vertex 0.867887 -18.5567 14
    endloop
  endfacet
  facet normal 0 0 1
    outer loop
      vertex 0.526743 -13.3519 14
      vertex 0.698811 -18.608 14
      vertex 0.698811 -13.392 14
    endloop
  endfacet
  facet normal 0 0 1
    outer loop
      vertex 0.526743 -13.3519 14
      vertex 0.526743 -18.6481 14
      vertex 0.698811 -18.608 14
    endloop
  endfacet
  facet normal 0 0 1
    outer loop
      vertex 0.35242 -13.3231 14
      vertex 0.526743 -18.6481 14
      vertex 0.526743 -13.3519 14
    endloop
  endfacet
  facet normal 0 0 1
    outer loop
      vertex 0.35242 -13.3231 14
      vertex 0.35242 -18.6769 14
      vertex 0.526743 -18.6481 14
    endloop
  endfacet
  facet normal 0 0 1
    outer loop
      vertex 0.176588 -13.3058 14
      vertex 0.35242 -18.6769 14
      vertex 0.35242 -13.3231 14
    endloop
  endfacet
  facet normal 0 0 1
    outer loop
      vertex 0.176588 -13.3058 14
      vertex 0.176588 -18.6942 14
      vertex 0.35242 -18.6769 14
    endloop
  endfacet
  facet normal 0 0 1
    outer loop
      vertex 0 -13.3 14
      vertex 0.176588 -18.6942 14
      vertex 0.176588 -13.3058 14
    endloop
  endfacet
  facet normal 0 0 1
    outer loop
      vertex 0 -13.3 14
      vertex 0 -18.7 14
      vertex 0.176588 -18.6942 14
    endloop
  endfacet
  facet normal -0 0 1
    outer loop
      vertex -0.176588 -13.3058 14
      vertex 0 -18.7 14
      vertex 0 -13.3 14
    endloop
  endfacet
  facet normal 0 0 1
    outer loop
      vertex -0.176588 -13.3058 14
      vertex -0.176588 -18.6942 14
      vertex 0 -18.7 14
    endloop
  endfacet
  facet normal -0 0 1
    outer loop
      vertex -0.35242 -13.3231 14
      vertex -0.176588 -18.6942 14
      vertex -0.176588 -13.3058 14
    endloop
  endfacet
  facet normal 0 0 1
    outer loop
      vertex -0.35242 -13.3231 14
      vertex -0.35242 -18.6769 14
      vertex -0.176588 -18.6942 14
    endloop
  endfacet
  facet normal -0 0 1
    outer loop
      vertex -0.526743 -13.3519 14
      vertex -0.35242 -18.6769 14
      vertex -0.35242 -13.3231 14
    endloop
  endfacet
  facet normal 0 0 1
    outer loop
      vertex -0.526743 -13.3519 14
      vertex -0.526743 -18.6481 14
      vertex -0.35242 -18.6769 14
    endloop
  endfacet
  facet normal -0 0 1
    outer loop
      vertex -0.698811 -13.392 14
      vertex -0.526743 -18.6481 14
      vertex -0.526743 -13.3519 14
    endloop
  endfacet
  facet normal 0 0 1
    outer loop
      vertex -0.698811 -13.392 14
      vertex -0.698811 -18.608 14
      vertex -0.526743 -18.6481 14
    endloop
  endfacet
  facet normal -0 0 1
    outer loop
      vertex -0.867887 -13.4433 14
      vertex -0.698811 -18.608 14
      vertex -0.698811 -13.392 14
    endloop
  endfacet
  facet normal 0 0 1
    outer loop
      vertex -0.867887 -13.4433 14
      vertex -0.867887 -18.5567 14
      vertex -0.698811 -18.608 14
    endloop
  endfacet
  facet normal -0 0 1
    outer loop
      vertex -1.03325 -13.5055 14
      vertex -0.867887 -18.5567 14
      vertex -0.867887 -13.4433 14
    endloop
  endfacet
  facet normal 0 0 1
    outer loop
      vertex -1.03325 -13.5055 14
      vertex -1.03325 -18.4945 14
      vertex -0.867887 -18.5567 14
    endloop
  endfacet
  facet normal -0 0 1
    outer loop
      vertex -1.19418 -13.5784 14
      vertex -1.03325 -18.4945 14
      vertex -1.03325 -13.5055 14
    endloop
  endfacet
  facet normal 0 0 1
    outer loop
      vertex -1.19418 -13.5784 14
      vertex -1.19418 -18.4216 14
      vertex -1.03325 -18.4945 14
    endloop
  endfacet
  facet normal -0 0 1
    outer loop
      vertex -1.35 -13.6617 14
      vertex -1.19418 -18.4216 14
      vertex -1.19418 -13.5784 14
    endloop
  endfacet
  facet normal 0 0 1
    outer loop
      vertex -1.35 -13.6617 14
      vertex -1.35 -18.3383 14
      vertex -1.19418 -18.4216 14
    endloop
  endfacet
  facet normal -0 0 1
    outer loop
      vertex -1.50004 -13.755 14
      vertex -1.35 -18.3383 14
      vertex -1.35 -13.6617 14
    endloop
  endfacet
  facet normal 0 0 1
    outer loop
      vertex -1.50004 -13.755 14
      vertex -1.50004 -18.245 14
      vertex -1.35 -18.3383 14
    endloop
  endfacet
  facet normal -0 0 1
    outer loop
      vertex -1.64366 -13.8579 14
      vertex -1.50004 -18.245 14
      vertex -1.50004 -13.755 14
    endloop
  endfacet
  facet normal 0 0 1
    outer loop
      vertex -1.64366 -13.8579 14
      vertex -1.64366 -18.1421 14
      vertex -1.50004 -18.245 14
    endloop
  endfacet
  facet normal -0 0 1
    outer loop
      vertex -1.78023 -13.97 14
      vertex -1.64366 -18.1421 14
      vertex -1.64366 -13.8579 14
    endloop
  endfacet
  facet normal 0 0 1
    outer loop
      vertex -1.78023 -13.97 14
      vertex -1.78023 -18.03 14
      vertex -1.64366 -18.1421 14
    endloop
  endfacet
  facet normal -0 0 1
    outer loop
      vertex -1.90919 -14.0908 14
      vertex -1.78023 -18.03 14
      vertex -1.78023 -13.97 14
    endloop
  endfacet
  facet normal 0 0 1
    outer loop
      vertex -1.90919 -14.0908 14
      vertex -1.90919 -17.9092 14
      vertex -1.78023 -18.03 14
    endloop
  endfacet
  facet normal -0 0 1
    outer loop
      vertex -2.02997 -14.2198 14
      vertex -1.90919 -17.9092 14
      vertex -1.90919 -14.0908 14
    endloop
  endfacet
  facet normal 0 0 1
    outer loop
      vertex -2.02997 -14.2198 14
      vertex -2.02997 -17.7802 14
      vertex -1.90919 -17.9092 14
    endloop
  endfacet
  facet normal -0 0 1
    outer loop
      vertex -2.14205 -14.3563 14
      vertex -2.02997 -17.7802 14
      vertex -2.02997 -14.2198 14
    endloop
  endfacet
  facet normal 0 0 1
    outer loop
      vertex -2.14205 -14.3563 14
      vertex -2.14205 -17.6437 14
      vertex -2.02997 -17.7802 14
    endloop
  endfacet
  facet normal -0 0 1
    outer loop
      vertex -2.24497 -14.5 14
      vertex -2.14205 -17.6437 14
      vertex -2.14205 -14.3563 14
    endloop
  endfacet
  facet normal 0 0 1
    outer loop
      vertex -2.24497 -14.5 14
      vertex -2.24497 -17.5 14
      vertex -2.14205 -17.6437 14
    endloop
  endfacet
  facet normal -0 0 1
    outer loop
      vertex -2.33827 -14.65 14
      vertex -2.24497 -17.5 14
      vertex -2.24497 -14.5 14
    endloop
  endfacet
  facet normal 0 0 1
    outer loop
      vertex -2.33827 -14.65 14
      vertex -2.33827 -17.35 14
      vertex -2.24497 -17.5 14
    endloop
  endfacet
  facet normal -0 0 1
    outer loop
      vertex -2.42156 -14.8058 14
      vertex -2.33827 -17.35 14
      vertex -2.33827 -14.65 14
    endloop
  endfacet
  facet normal 0 0 1
    outer loop
      vertex -2.42156 -14.8058 14
      vertex -2.42156 -17.1942 14
      vertex -2.33827 -17.35 14
    endloop
  endfacet
  facet normal -0 0 1
    outer loop
      vertex -2.49447 -14.9668 14
      vertex -2.42156 -17.1942 14
      vertex -2.42156 -14.8058 14
    endloop
  endfacet
  facet normal 0 0 1
    outer loop
      vertex -2.49447 -14.9668 14
      vertex -2.49447 -17.0332 14
      vertex -2.42156 -17.1942 14
    endloop
  endfacet
  facet normal -0 0 1
    outer loop
      vertex -2.55671 -15.1321 14
      vertex -2.49447 -17.0332 14
      vertex -2.49447 -14.9668 14
    endloop
  endfacet
  facet normal 0 0 1
    outer loop
      vertex -2.55671 -15.1321 14
      vertex -2.55671 -16.8679 14
      vertex -2.49447 -17.0332 14
    endloop
  endfacet
  facet normal -0 0 1
    outer loop
      vertex -2.608 -15.3012 14
      vertex -2.55671 -16.8679 14
      vertex -2.55671 -15.1321 14
    endloop
  endfacet
  facet normal 0 0 1
    outer loop
      vertex -2.608 -15.3012 14
      vertex -2.608 -16.6988 14
      vertex -2.55671 -16.8679 14
    endloop
  endfacet
  facet normal -0 0 1
    outer loop
      vertex -2.64812 -15.4733 14
      vertex -2.608 -16.6988 14
      vertex -2.608 -15.3012 14
    endloop
  endfacet
  facet normal 0 0 1
    outer loop
      vertex -2.64812 -15.4733 14
      vertex -2.64812 -16.5267 14
      vertex -2.608 -16.6988 14
    endloop
  endfacet
  facet normal -0 0 1
    outer loop
      vertex -2.6769 -15.6476 14
      vertex -2.64812 -16.5267 14
      vertex -2.64812 -15.4733 14
    endloop
  endfacet
  facet normal 0 0 1
    outer loop
      vertex -2.6769 -15.6476 14
      vertex -2.6769 -16.3524 14
      vertex -2.64812 -16.5267 14
    endloop
  endfacet
  facet normal -0 0 1
    outer loop
      vertex -2.69422 -15.8234 14
      vertex -2.6769 -16.3524 14
      vertex -2.6769 -15.6476 14
    endloop
  endfacet
  facet normal 0 0 1
    outer loop
      vertex -2.69422 -15.8234 14
      vertex -2.69422 -16.1766 14
      vertex -2.6769 -16.3524 14
    endloop
  endfacet
  facet normal 0 -0 1
    outer loop
      vertex -2.69422 -16.1766 14
      vertex -2.69422 -15.8234 14
      vertex -2.7 -16 14
    endloop
  endfacet
  facet normal 0.600596 -0.37357 0.706916
    outer loop
      vertex 2.33827 -17.35 14
      vertex 2.24497 -17.5 14
      vertex 3.03109 -17.75 13.2
    endloop
  endfacet
  facet normal 0.688823 -0.160579 0.706921
    outer loop
      vertex 2.64812 -16.5267 14
      vertex 2.608 -16.6988 14
      vertex 3.38074 -16.9059 13.2
    endloop
  endfacet
  facet normal 0.703888 -0.0693387 0.706919
    outer loop
      vertex 3.49251 -16.2289 13.2
      vertex 2.6769 -16.3524 14
      vertex 3.47006 -16.4568 13.2
    endloop
  endfacet
  facet normal 0.703888 -0.0693478 0.706917
    outer loop
      vertex 2.69422 -16.1766 14
      vertex 2.6769 -16.3524 14
      vertex 3.49251 -16.2289 13.2
    endloop
  endfacet
  facet normal 0.995183 -0.0980336 0
    outer loop
      vertex 3.47006 -16.4568 13.2
      vertex 3.49251 -16.2289 3
      vertex 3.49251 -16.2289 13.2
    endloop
  endfacet
  facet normal 0.995183 -0.0980336 0
    outer loop
      vertex 3.49251 -16.2289 3
      vertex 3.47006 -16.4568 13.2
      vertex 3.47006 -16.4568 3
    endloop
  endfacet
  facet normal 0.999465 -0.0327042 0
    outer loop
      vertex 3.49251 -16.2289 13.2
      vertex 3.5 -16 3
      vertex 3.5 -16 13.2
    endloop
  endfacet
  facet normal 0.999465 -0.0327042 0
    outer loop
      vertex 3.5 -16 3
      vertex 3.49251 -16.2289 13.2
      vertex 3.49251 -16.2289 3
    endloop
  endfacet
  facet normal -0.63439 0.773013 0
    outer loop
      vertex -2.13066 -13.2233 3
      vertex -2.30771 -13.3686 13.2
      vertex -2.13066 -13.2233 13.2
    endloop
  endfacet
  facet normal -0.63439 0.773013 0
    outer loop
      vertex -2.30771 -13.3686 13.2
      vertex -2.13066 -13.2233 3
      vertex -2.30771 -13.3686 3
    endloop
  endfacet
  facet normal -0.935941 0.352157 0
    outer loop
      vertex -3.31425 -14.875 3
      vertex -3.23358 -14.6606 13.2
      vertex -3.23358 -14.6606 3
    endloop
  endfacet
  facet normal -0.935941 0.352157 0
    outer loop
      vertex -3.23358 -14.6606 13.2
      vertex -3.31425 -14.875 3
      vertex -3.31425 -14.875 13.2
    endloop
  endfacet
  facet normal -0.956908 0.290392 0
    outer loop
      vertex -3.38074 -15.0941 3
      vertex -3.31425 -14.875 13.2
      vertex -3.31425 -14.875 3
    endloop
  endfacet
  facet normal -0.956908 0.290392 0
    outer loop
      vertex -3.31425 -14.875 13.2
      vertex -3.38074 -15.0941 3
      vertex -3.38074 -15.0941 13.2
    endloop
  endfacet
  facet normal -0.0327464 -0.999464 0
    outer loop
      vertex -0.22891 -19.4925 8.15
      vertex 0 -19.5 13.2
      vertex -0.22891 -19.4925 13.2
    endloop
  endfacet
  facet normal -0.0327464 -0.999464 -0
    outer loop
      vertex 0 -19.5 13.2
      vertex -0.22891 -19.4925 8.15
      vertex 0 -19.5 8.15
    endloop
  endfacet
  facet normal -0.999465 0.0327042 0
    outer loop
      vertex -3.5 -16 3
      vertex -3.49251 -15.7711 13.2
      vertex -3.49251 -15.7711 3
    endloop
  endfacet
  facet normal -0.999465 0.0327042 0
    outer loop
      vertex -3.49251 -15.7711 13.2
      vertex -3.5 -16 3
      vertex -3.5 -16 13.2
    endloop
  endfacet
  facet normal -0.935941 -0.352157 0
    outer loop
      vertex -3.23358 -17.3394 3
      vertex -3.31425 -17.125 13.2
      vertex -3.31425 -17.125 3
    endloop
  endfacet
  facet normal -0.935941 -0.352157 0
    outer loop
      vertex -3.31425 -17.125 13.2
      vertex -3.23358 -17.3394 3
      vertex -3.23358 -17.3394 13.2
    endloop
  endfacet
  facet normal 0.956908 -0.290392 0
    outer loop
      vertex 3.31425 -17.125 13.2
      vertex 3.38074 -16.9059 3
      vertex 3.38074 -16.9059 13.2
    endloop
  endfacet
  facet normal 0.956908 -0.290392 0
    outer loop
      vertex 3.38074 -16.9059 3
      vertex 3.31425 -17.125 13.2
      vertex 3.31425 -17.125 3
    endloop
  endfacet
  facet normal 0.0327464 0.999464 -0
    outer loop
      vertex 0.22891 -12.5075 3
      vertex 0 -12.5 13.2
      vertex 0.22891 -12.5075 13.2
    endloop
  endfacet
  facet normal 0.0327464 0.999464 0
    outer loop
      vertex 0 -12.5 13.2
      vertex 0.22891 -12.5075 3
      vertex 0 -12.5 3
    endloop
  endfacet
  facet normal -0.849198 0.528075 0
    outer loop
      vertex -3.03109 -14.25 3
      vertex -2.91014 -14.0555 13.2
      vertex -2.91014 -14.0555 3
    endloop
  endfacet
  facet normal -0.849198 0.528075 0
    outer loop
      vertex -2.91014 -14.0555 13.2
      vertex -3.03109 -14.25 3
      vertex -3.03109 -14.25 13.2
    endloop
  endfacet
  facet normal 0.729929 0.683523 0
    outer loop
      vertex 2.63144 -13.6923 13.2
      vertex 2.47487 -13.5251 3
      vertex 2.47487 -13.5251 13.2
    endloop
  endfacet
  facet normal 0.729929 0.683523 0
    outer loop
      vertex 2.47487 -13.5251 3
      vertex 2.63144 -13.6923 13.2
      vertex 2.63144 -13.6923 3
    endloop
  endfacet
  facet normal 0.683447 0.73 -0
    outer loop
      vertex 2.47487 -13.5251 3
      vertex 2.30771 -13.3686 13.2
      vertex 2.47487 -13.5251 13.2
    endloop
  endfacet
  facet normal 0.683447 0.73 0
    outer loop
      vertex 2.30771 -13.3686 13.2
      vertex 2.47487 -13.5251 3
      vertex 2.30771 -13.3686 3
    endloop
  endfacet
  facet normal -0.163284 0.986579 0
    outer loop
      vertex -0.456841 -12.5299 3
      vertex -0.682816 -12.5673 13.2
      vertex -0.456841 -12.5299 13.2
    endloop
  endfacet
  facet normal -0.163284 0.986579 0
    outer loop
      vertex -0.682816 -12.5673 13.2
      vertex -0.456841 -12.5299 3
      vertex -0.682816 -12.5673 3
    endloop
  endfacet
  facet normal 0.0327464 -0.999464 0
    outer loop
      vertex 0 -19.5 8.15
      vertex 0.22891 -19.4925 13.2
      vertex 0 -19.5 13.2
    endloop
  endfacet
  facet normal 0.0327464 -0.999464 0
    outer loop
      vertex 0.22891 -19.4925 13.2
      vertex 0 -19.5 8.15
      vertex 0.22891 -19.4925 8.15
    endloop
  endfacet
  facet normal 0.582477 -0.812847 0
    outer loop
      vertex 1.9445 -18.9101 8.15
      vertex 2.13066 -18.7767 13.2
      vertex 1.9445 -18.9101 13.2
    endloop
  endfacet
  facet normal 0.582477 -0.812847 0
    outer loop
      vertex 2.13066 -18.7767 13.2
      vertex 1.9445 -18.9101 8.15
      vertex 2.13066 -18.7767 8.15
    endloop
  endfacet
  facet normal 0.849198 -0.528075 0
    outer loop
      vertex 2.91014 -17.9445 13.2
      vertex 3.03109 -17.75 3
      vertex 3.03109 -17.75 13.2
    endloop
  endfacet
  facet normal 0.849198 -0.528075 0
    outer loop
      vertex 3.03109 -17.75 3
      vertex 2.91014 -17.9445 13.2
      vertex 2.91014 -17.9445 3
    endloop
  endfacet
  facet normal -0.0978042 -0.995206 0
    outer loop
      vertex -0.456841 -19.4701 8.15
      vertex -0.22891 -19.4925 13.2
      vertex -0.456841 -19.4701 13.2
    endloop
  endfacet
  facet normal -0.0978042 -0.995206 -0
    outer loop
      vertex -0.22891 -19.4925 13.2
      vertex -0.456841 -19.4701 8.15
      vertex -0.22891 -19.4925 8.15
    endloop
  endfacet
  facet normal 0.63439 -0.773013 0
    outer loop
      vertex 2.13066 -18.7767 8.15
      vertex 2.30771 -18.6314 13.2
      vertex 2.13066 -18.7767 13.2
    endloop
  endfacet
  facet normal 0.63439 -0.773013 0
    outer loop
      vertex 2.30771 -18.6314 13.2
      vertex 2.13066 -18.7767 8.15
      vertex 2.30771 -18.6314 8.15
    endloop
  endfacet
  facet normal -0.986645 -0.162884 0
    outer loop
      vertex -3.43275 -16.6828 3
      vertex -3.47006 -16.4568 13.2
      vertex -3.47006 -16.4568 3
    endloop
  endfacet
  facet normal -0.986645 -0.162884 0
    outer loop
      vertex -3.47006 -16.4568 13.2
      vertex -3.43275 -16.6828 3
      vertex -3.43275 -16.6828 13.2
    endloop
  endfacet
  facet normal 0.528232 -0.8491 0
    outer loop
      vertex 1.75 -19.0311 8.15
      vertex 1.9445 -18.9101 13.2
      vertex 1.75 -19.0311 13.2
    endloop
  endfacet
  facet normal 0.528232 -0.8491 0
    outer loop
      vertex 1.9445 -18.9101 13.2
      vertex 1.75 -19.0311 8.15
      vertex 1.9445 -18.9101 8.15
    endloop
  endfacet
  facet normal -0.956908 -0.290392 0
    outer loop
      vertex -3.31425 -17.125 3
      vertex -3.38074 -16.9059 13.2
      vertex -3.38074 -16.9059 3
    endloop
  endfacet
  facet normal -0.956908 -0.290392 0
    outer loop
      vertex -3.38074 -16.9059 13.2
      vertex -3.31425 -17.125 3
      vertex -3.31425 -17.125 13.2
    endloop
  endfacet
  facet normal 0.881942 0.471359 0
    outer loop
      vertex 3.13905 -14.452 13.2
      vertex 3.03109 -14.25 3
      vertex 3.03109 -14.25 13.2
    endloop
  endfacet
  facet normal 0.881942 0.471359 0
    outer loop
      vertex 3.03109 -14.25 3
      vertex 3.13905 -14.452 13.2
      vertex 3.13905 -14.452 3
    endloop
  endfacet
  facet normal 0.289943 -0.957044 0
    outer loop
      vertex 0.905867 -19.3807 8.15
      vertex 1.12504 -19.3143 13.2
      vertex 0.905867 -19.3807 13.2
    endloop
  endfacet
  facet normal 0.289943 -0.957044 0
    outer loop
      vertex 1.12504 -19.3143 13.2
      vertex 0.905867 -19.3807 8.15
      vertex 1.12504 -19.3143 8.15
    endloop
  endfacet
  facet normal -0.995183 -0.0980336 0
    outer loop
      vertex -3.47006 -16.4568 3
      vertex -3.49251 -16.2289 13.2
      vertex -3.49251 -16.2289 3
    endloop
  endfacet
  facet normal -0.995183 -0.0980336 0
    outer loop
      vertex -3.49251 -16.2289 13.2
      vertex -3.47006 -16.4568 3
      vertex -3.47006 -16.4568 13.2
    endloop
  endfacet
  facet normal -0.582477 -0.812847 0
    outer loop
      vertex -2.13066 -18.7767 8.15
      vertex -1.9445 -18.9101 13.2
      vertex -2.13066 -18.7767 13.2
    endloop
  endfacet
  facet normal -0.582477 -0.812847 -0
    outer loop
      vertex -1.9445 -18.9101 13.2
      vertex -2.13066 -18.7767 8.15
      vertex -1.9445 -18.9101 8.15
    endloop
  endfacet
  facet normal -0.999465 -0.0327042 0
    outer loop
      vertex -3.49251 -16.2289 3
      vertex -3.5 -16 13.2
      vertex -3.5 -16 3
    endloop
  endfacet
  facet normal -0.999465 -0.0327042 0
    outer loop
      vertex -3.5 -16 13.2
      vertex -3.49251 -16.2289 3
      vertex -3.49251 -16.2289 13.2
    endloop
  endfacet
  facet normal -0.729929 0.683523 0
    outer loop
      vertex -2.63144 -13.6923 3
      vertex -2.47487 -13.5251 13.2
      vertex -2.47487 -13.5251 3
    endloop
  endfacet
  facet normal -0.729929 0.683523 0
    outer loop
      vertex -2.47487 -13.5251 13.2
      vertex -2.63144 -13.6923 3
      vertex -2.63144 -13.6923 13.2
    endloop
  endfacet
  facet normal 0.729929 -0.683523 0
    outer loop
      vertex 2.47487 -18.4749 13.2
      vertex 2.63144 -18.3077 8.15
      vertex 2.63144 -18.3077 13.2
    endloop
  endfacet
  facet normal 0.729929 -0.683523 0
    outer loop
      vertex 2.63144 -18.3077 8.15
      vertex 2.47487 -18.4749 13.2
      vertex 2.47487 -18.4749 8.15
    endloop
  endfacet
  facet normal -0.91084 -0.41276 0
    outer loop
      vertex -3.13905 -17.548 3
      vertex -3.23358 -17.3394 13.2
      vertex -3.23358 -17.3394 3
    endloop
  endfacet
  facet normal -0.91084 -0.41276 0
    outer loop
      vertex -3.23358 -17.3394 13.2
      vertex -3.13905 -17.548 3
      vertex -3.13905 -17.548 13.2
    endloop
  endfacet
  facet normal -0.683447 -0.73 0
    outer loop
      vertex -2.47487 -18.4749 8.15
      vertex -2.30771 -18.6314 13.2
      vertex -2.47487 -18.4749 13.2
    endloop
  endfacet
  facet normal -0.683447 -0.73 -0
    outer loop
      vertex -2.30771 -18.6314 13.2
      vertex -2.47487 -18.4749 8.15
      vertex -2.30771 -18.6314 8.15
    endloop
  endfacet
  facet normal -0.812907 -0.582394 0
    outer loop
      vertex -2.77674 -18.1307 3
      vertex -2.91014 -17.9445 13.2
      vertex -2.91014 -17.9445 3
    endloop
  endfacet
  facet normal -0.812907 -0.582394 0
    outer loop
      vertex -2.91014 -17.9445 13.2
      vertex -2.77674 -18.1307 3
      vertex -2.77674 -18.1307 13.2
    endloop
  endfacet
  facet normal 0.849198 0.528075 0
    outer loop
      vertex 3.03109 -14.25 13.2
      vertex 2.91014 -14.0555 3
      vertex 2.91014 -14.0555 13.2
    endloop
  endfacet
  facet normal 0.849198 0.528075 0
    outer loop
      vertex 2.91014 -14.0555 3
      vertex 3.03109 -14.25 13.2
      vertex 3.03109 -14.25 3
    endloop
  endfacet
  facet normal -0.289943 -0.957044 0
    outer loop
      vertex -1.12504 -19.3143 8.15
      vertex -0.905867 -19.3807 13.2
      vertex -1.12504 -19.3143 13.2
    endloop
  endfacet
  facet normal -0.289943 -0.957044 -0
    outer loop
      vertex -0.905867 -19.3807 13.2
      vertex -1.12504 -19.3143 8.15
      vertex -0.905867 -19.3807 8.15
    endloop
  endfacet
  facet normal 0.812907 0.582394 0
    outer loop
      vertex 2.91014 -14.0555 13.2
      vertex 2.77674 -13.8693 3
      vertex 2.77674 -13.8693 13.2
    endloop
  endfacet
  facet normal 0.812907 0.582394 0
    outer loop
      vertex 2.77674 -13.8693 3
      vertex 2.91014 -14.0555 13.2
      vertex 2.91014 -14.0555 3
    endloop
  endfacet
  facet normal -0.63439 -0.773013 0
    outer loop
      vertex -2.30771 -18.6314 8.15
      vertex -2.13066 -18.7767 13.2
      vertex -2.30771 -18.6314 13.2
    endloop
  endfacet
  facet normal -0.63439 -0.773013 -0
    outer loop
      vertex -2.13066 -18.7767 13.2
      vertex -2.30771 -18.6314 8.15
      vertex -2.13066 -18.7767 8.15
    endloop
  endfacet
  facet normal 0.412618 0.910904 -0
    outer loop
      vertex 1.54801 -12.8609 3
      vertex 1.33939 -12.7664 13.2
      vertex 1.54801 -12.8609 13.2
    endloop
  endfacet
  facet normal 0.412618 0.910904 0
    outer loop
      vertex 1.33939 -12.7664 13.2
      vertex 1.54801 -12.8609 3
      vertex 1.33939 -12.7664 3
    endloop
  endfacet
  facet normal 0.772925 0.634497 0
    outer loop
      vertex 2.77674 -13.8693 13.2
      vertex 2.63144 -13.6923 3
      vertex 2.63144 -13.6923 13.2
    endloop
  endfacet
  facet normal 0.772925 0.634497 0
    outer loop
      vertex 2.63144 -13.6923 3
      vertex 2.77674 -13.8693 13.2
      vertex 2.77674 -13.8693 3
    endloop
  endfacet
  facet normal 0.956908 0.290392 0
    outer loop
      vertex 3.38074 -15.0941 13.2
      vertex 3.31425 -14.875 3
      vertex 3.31425 -14.875 13.2
    endloop
  endfacet
  facet normal 0.956908 0.290392 0
    outer loop
      vertex 3.31425 -14.875 3
      vertex 3.38074 -15.0941 13.2
      vertex 3.38074 -15.0941 3
    endloop
  endfacet
  facet normal -0.471513 -0.881859 0
    outer loop
      vertex -1.75 -19.0311 8.15
      vertex -1.54801 -19.1391 13.2
      vertex -1.75 -19.0311 13.2
    endloop
  endfacet
  facet normal -0.471513 -0.881859 -0
    outer loop
      vertex -1.54801 -19.1391 13.2
      vertex -1.75 -19.0311 8.15
      vertex -1.54801 -19.1391 8.15
    endloop
  endfacet
  facet normal 0.995183 0.0980336 0
    outer loop
      vertex 3.49251 -15.7711 13.2
      vertex 3.47006 -15.5432 3
      vertex 3.47006 -15.5432 13.2
    endloop
  endfacet
  facet normal 0.995183 0.0980336 0
    outer loop
      vertex 3.47006 -15.5432 3
      vertex 3.49251 -15.7711 13.2
      vertex 3.49251 -15.7711 3
    endloop
  endfacet
  facet normal 0.91084 -0.41276 0
    outer loop
      vertex 3.13905 -17.548 13.2
      vertex 3.23358 -17.3394 3
      vertex 3.23358 -17.3394 13.2
    endloop
  endfacet
  facet normal 0.91084 -0.41276 0
    outer loop
      vertex 3.23358 -17.3394 3
      vertex 3.13905 -17.548 13.2
      vertex 3.13905 -17.548 3
    endloop
  endfacet
  facet normal 0.881942 -0.471359 0
    outer loop
      vertex 3.03109 -17.75 13.2
      vertex 3.13905 -17.548 3
      vertex 3.13905 -17.548 13.2
    endloop
  endfacet
  facet normal 0.881942 -0.471359 0
    outer loop
      vertex 3.13905 -17.548 3
      vertex 3.03109 -17.75 13.2
      vertex 3.03109 -17.75 3
    endloop
  endfacet
  facet normal -0.995183 0.0980336 0
    outer loop
      vertex -3.49251 -15.7711 3
      vertex -3.47006 -15.5432 13.2
      vertex -3.47006 -15.5432 3
    endloop
  endfacet
  facet normal -0.995183 0.0980336 0
    outer loop
      vertex -3.47006 -15.5432 13.2
      vertex -3.49251 -15.7711 3
      vertex -3.49251 -15.7711 13.2
    endloop
  endfacet
  facet normal 0.471513 -0.881859 0
    outer loop
      vertex 1.54801 -19.1391 8.15
      vertex 1.75 -19.0311 13.2
      vertex 1.54801 -19.1391 13.2
    endloop
  endfacet
  facet normal 0.471513 -0.881859 0
    outer loop
      vertex 1.75 -19.0311 13.2
      vertex 1.54801 -19.1391 8.15
      vertex 1.75 -19.0311 8.15
    endloop
  endfacet
  facet normal 0.772986 -0.634423 0
    outer loop
      vertex 2.77674 -18.1307 13.2
      vertex 2.63311 -18.3057 8.15
      vertex 2.77674 -18.1307 3
    endloop
  endfacet
  facet normal 0.772925 -0.634497 4.31493e-06
    outer loop
      vertex 2.63144 -18.3077 13.2
      vertex 2.63311 -18.3057 8.15
      vertex 2.77674 -18.1307 13.2
    endloop
  endfacet
  facet normal 0.767592 -0.640939 0
    outer loop
      vertex 2.63311 -18.3057 8.15
      vertex 2.63144 -18.3077 13.2
      vertex 2.63144 -18.3077 8.15
    endloop
  endfacet
  facet normal 0.772986 -0.634423 0
    outer loop
      vertex 2.77674 -18.1307 3
      vertex 2.63311 -18.3057 8.15
      vertex 2.63311 -18.3057 3
    endloop
  endfacet
  facet normal -0.0327464 0.999464 0
    outer loop
      vertex 0 -12.5 3
      vertex -0.22891 -12.5075 13.2
      vertex 0 -12.5 13.2
    endloop
  endfacet
  facet normal -0.0327464 0.999464 0
    outer loop
      vertex -0.22891 -12.5075 13.2
      vertex 0 -12.5 3
      vertex -0.22891 -12.5075 3
    endloop
  endfacet
  facet normal -0.352343 -0.935871 0
    outer loop
      vertex -1.33939 -19.2336 8.15
      vertex -1.12504 -19.3143 13.2
      vertex -1.33939 -19.2336 13.2
    endloop
  endfacet
  facet normal -0.352343 -0.935871 -0
    outer loop
      vertex -1.12504 -19.3143 13.2
      vertex -1.33939 -19.2336 8.15
      vertex -1.12504 -19.3143 8.15
    endloop
  endfacet
  facet normal -0.227042 -0.973885 0
    outer loop
      vertex -0.905867 -19.3807 8.15
      vertex -0.682816 -19.4327 13.2
      vertex -0.905867 -19.3807 13.2
    endloop
  endfacet
  facet normal -0.227042 -0.973885 -0
    outer loop
      vertex -0.682816 -19.4327 13.2
      vertex -0.905867 -19.3807 8.15
      vertex -0.682816 -19.4327 8.15
    endloop
  endfacet
  facet normal 0.528232 0.8491 -0
    outer loop
      vertex 1.9445 -13.0899 3
      vertex 1.75 -12.9689 13.2
      vertex 1.9445 -13.0899 13.2
    endloop
  endfacet
  facet normal 0.528232 0.8491 0
    outer loop
      vertex 1.75 -12.9689 13.2
      vertex 1.9445 -13.0899 3
      vertex 1.75 -12.9689 3
    endloop
  endfacet
  facet normal 0.999465 0.0327042 0
    outer loop
      vertex 3.5 -16 13.2
      vertex 3.49251 -15.7711 3
      vertex 3.49251 -15.7711 13.2
    endloop
  endfacet
  facet normal 0.999465 0.0327042 0
    outer loop
      vertex 3.49251 -15.7711 3
      vertex 3.5 -16 13.2
      vertex 3.5 -16 3
    endloop
  endfacet
  facet normal 0.582477 0.812847 -0
    outer loop
      vertex 2.13066 -13.2233 3
      vertex 1.9445 -13.0899 13.2
      vertex 2.13066 -13.2233 13.2
    endloop
  endfacet
  facet normal 0.582477 0.812847 0
    outer loop
      vertex 1.9445 -13.0899 13.2
      vertex 2.13066 -13.2233 3
      vertex 1.9445 -13.0899 3
    endloop
  endfacet
  facet normal 0.683447 -0.73 0
    outer loop
      vertex 2.30771 -18.6314 8.15
      vertex 2.47487 -18.4749 13.2
      vertex 2.30771 -18.6314 13.2
    endloop
  endfacet
  facet normal 0.683447 -0.73 0
    outer loop
      vertex 2.47487 -18.4749 13.2
      vertex 2.30771 -18.6314 8.15
      vertex 2.47487 -18.4749 8.15
    endloop
  endfacet
  facet normal -0.973886 0.227036 0
    outer loop
      vertex -3.43275 -15.3172 3
      vertex -3.38074 -15.0941 13.2
      vertex -3.38074 -15.0941 3
    endloop
  endfacet
  facet normal -0.973886 0.227036 0
    outer loop
      vertex -3.38074 -15.0941 13.2
      vertex -3.43275 -15.3172 3
      vertex -3.43275 -15.3172 13.2
    endloop
  endfacet
  facet normal -0.973886 -0.227036 0
    outer loop
      vertex -3.38074 -16.9059 3
      vertex -3.43275 -16.6828 13.2
      vertex -3.43275 -16.6828 3
    endloop
  endfacet
  facet normal -0.973886 -0.227036 0
    outer loop
      vertex -3.43275 -16.6828 13.2
      vertex -3.38074 -16.9059 3
      vertex -3.38074 -16.9059 13.2
    endloop
  endfacet
  facet normal -0.812907 0.582394 0
    outer loop
      vertex -2.91014 -14.0555 3
      vertex -2.77674 -13.8693 13.2
      vertex -2.77674 -13.8693 3
    endloop
  endfacet
  facet normal -0.812907 0.582394 0
    outer loop
      vertex -2.77674 -13.8693 13.2
      vertex -2.91014 -14.0555 3
      vertex -2.91014 -14.0555 13.2
    endloop
  endfacet
  facet normal -0.729929 -0.683523 0
    outer loop
      vertex -2.47487 -18.4749 8.15
      vertex -2.63144 -18.3077 13.2
      vertex -2.63144 -18.3077 8.15
    endloop
  endfacet
  facet normal -0.729929 -0.683523 0
    outer loop
      vertex -2.63144 -18.3077 13.2
      vertex -2.47487 -18.4749 8.15
      vertex -2.47487 -18.4749 13.2
    endloop
  endfacet
  facet normal 0.227042 -0.973885 0
    outer loop
      vertex 0.682816 -19.4327 8.15
      vertex 0.905867 -19.3807 13.2
      vertex 0.682816 -19.4327 13.2
    endloop
  endfacet
  facet normal 0.227042 -0.973885 0
    outer loop
      vertex 0.905867 -19.3807 13.2
      vertex 0.682816 -19.4327 8.15
      vertex 0.905867 -19.3807 8.15
    endloop
  endfacet
  facet normal -0.849198 -0.528075 0
    outer loop
      vertex -2.91014 -17.9445 3
      vertex -3.03109 -17.75 13.2
      vertex -3.03109 -17.75 3
    endloop
  endfacet
  facet normal -0.849198 -0.528075 0
    outer loop
      vertex -3.03109 -17.75 13.2
      vertex -2.91014 -17.9445 3
      vertex -2.91014 -17.9445 13.2
    endloop
  endfacet
  facet normal -0.528232 -0.8491 0
    outer loop
      vertex -1.9445 -18.9101 8.15
      vertex -1.75 -19.0311 13.2
      vertex -1.9445 -18.9101 13.2
    endloop
  endfacet
  facet normal -0.528232 -0.8491 -0
    outer loop
      vertex -1.75 -19.0311 13.2
      vertex -1.9445 -18.9101 8.15
      vertex -1.75 -19.0311 8.15
    endloop
  endfacet
  facet normal 0.812907 -0.582394 0
    outer loop
      vertex 2.77674 -18.1307 13.2
      vertex 2.91014 -17.9445 3
      vertex 2.91014 -17.9445 13.2
    endloop
  endfacet
  facet normal 0.812907 -0.582394 0
    outer loop
      vertex 2.91014 -17.9445 3
      vertex 2.77674 -18.1307 13.2
      vertex 2.77674 -18.1307 3
    endloop
  endfacet
  facet normal -0.163284 -0.986579 0
    outer loop
      vertex -0.682816 -19.4327 8.15
      vertex -0.456841 -19.4701 13.2
      vertex -0.682816 -19.4327 13.2
    endloop
  endfacet
  facet normal -0.163284 -0.986579 -0
    outer loop
      vertex -0.456841 -19.4701 13.2
      vertex -0.682816 -19.4327 8.15
      vertex -0.456841 -19.4701 8.15
    endloop
  endfacet
  facet normal 0.227042 0.973885 -0
    outer loop
      vertex 0.905867 -12.6193 3
      vertex 0.682816 -12.5673 13.2
      vertex 0.905867 -12.6193 13.2
    endloop
  endfacet
  facet normal 0.227042 0.973885 0
    outer loop
      vertex 0.682816 -12.5673 13.2
      vertex 0.905867 -12.6193 3
      vertex 0.682816 -12.5673 3
    endloop
  endfacet
  facet normal 0.986645 0.162884 0
    outer loop
      vertex 3.47006 -15.5432 13.2
      vertex 3.43275 -15.3172 3
      vertex 3.43275 -15.3172 13.2
    endloop
  endfacet
  facet normal 0.986645 0.162884 0
    outer loop
      vertex 3.43275 -15.3172 3
      vertex 3.47006 -15.5432 13.2
      vertex 3.47006 -15.5432 3
    endloop
  endfacet
  facet normal -0.582477 0.812847 0
    outer loop
      vertex -1.9445 -13.0899 3
      vertex -2.13066 -13.2233 13.2
      vertex -1.9445 -13.0899 13.2
    endloop
  endfacet
  facet normal -0.582477 0.812847 0
    outer loop
      vertex -2.13066 -13.2233 13.2
      vertex -1.9445 -13.0899 3
      vertex -2.13066 -13.2233 3
    endloop
  endfacet
  facet normal -0.0978042 0.995206 0
    outer loop
      vertex -0.22891 -12.5075 3
      vertex -0.456841 -12.5299 13.2
      vertex -0.22891 -12.5075 13.2
    endloop
  endfacet
  facet normal -0.0978042 0.995206 0
    outer loop
      vertex -0.456841 -12.5299 13.2
      vertex -0.22891 -12.5075 3
      vertex -0.456841 -12.5299 3
    endloop
  endfacet
  facet normal 0.973886 0.227036 0
    outer loop
      vertex 3.43275 -15.3172 13.2
      vertex 3.38074 -15.0941 3
      vertex 3.38074 -15.0941 13.2
    endloop
  endfacet
  facet normal 0.973886 0.227036 0
    outer loop
      vertex 3.38074 -15.0941 3
      vertex 3.43275 -15.3172 13.2
      vertex 3.43275 -15.3172 3
    endloop
  endfacet
  facet normal -0.683447 0.73 0
    outer loop
      vertex -2.30771 -13.3686 3
      vertex -2.47487 -13.5251 13.2
      vertex -2.30771 -13.3686 13.2
    endloop
  endfacet
  facet normal -0.683447 0.73 0
    outer loop
      vertex -2.47487 -13.5251 13.2
      vertex -2.30771 -13.3686 3
      vertex -2.47487 -13.5251 3
    endloop
  endfacet
  facet normal 0.412618 -0.910904 0
    outer loop
      vertex 1.33939 -19.2336 8.15
      vertex 1.54801 -19.1391 13.2
      vertex 1.33939 -19.2336 13.2
    endloop
  endfacet
  facet normal 0.412618 -0.910904 0
    outer loop
      vertex 1.54801 -19.1391 13.2
      vertex 1.33939 -19.2336 8.15
      vertex 1.54801 -19.1391 8.15
    endloop
  endfacet
  facet normal 0.163284 0.986579 -0
    outer loop
      vertex 0.682816 -12.5673 3
      vertex 0.456841 -12.5299 13.2
      vertex 0.682816 -12.5673 13.2
    endloop
  endfacet
  facet normal 0.163284 0.986579 0
    outer loop
      vertex 0.456841 -12.5299 13.2
      vertex 0.682816 -12.5673 3
      vertex 0.456841 -12.5299 3
    endloop
  endfacet
  facet normal 0.973886 -0.227036 0
    outer loop
      vertex 3.38074 -16.9059 13.2
      vertex 3.43275 -16.6828 3
      vertex 3.43275 -16.6828 13.2
    endloop
  endfacet
  facet normal 0.973886 -0.227036 0
    outer loop
      vertex 3.43275 -16.6828 3
      vertex 3.38074 -16.9059 13.2
      vertex 3.38074 -16.9059 3
    endloop
  endfacet
  facet normal 0.935941 -0.352157 0
    outer loop
      vertex 3.23358 -17.3394 13.2
      vertex 3.31425 -17.125 3
      vertex 3.31425 -17.125 13.2
    endloop
  endfacet
  facet normal 0.935941 -0.352157 0
    outer loop
      vertex 3.31425 -17.125 3
      vertex 3.23358 -17.3394 13.2
      vertex 3.23358 -17.3394 3
    endloop
  endfacet
  facet normal 0.986645 -0.162884 0
    outer loop
      vertex 3.43275 -16.6828 13.2
      vertex 3.47006 -16.4568 3
      vertex 3.47006 -16.4568 13.2
    endloop
  endfacet
  facet normal 0.986645 -0.162884 0
    outer loop
      vertex 3.47006 -16.4568 3
      vertex 3.43275 -16.6828 13.2
      vertex 3.43275 -16.6828 3
    endloop
  endfacet
  facet normal 0.63439 0.773013 -0
    outer loop
      vertex 2.30771 -13.3686 3
      vertex 2.13066 -13.2233 13.2
      vertex 2.30771 -13.3686 13.2
    endloop
  endfacet
  facet normal 0.63439 0.773013 0
    outer loop
      vertex 2.13066 -13.2233 13.2
      vertex 2.30771 -13.3686 3
      vertex 2.13066 -13.2233 3
    endloop
  endfacet
  facet normal -0.986645 0.162884 0
    outer loop
      vertex -3.47006 -15.5432 3
      vertex -3.43275 -15.3172 13.2
      vertex -3.43275 -15.3172 3
    endloop
  endfacet
  facet normal -0.986645 0.162884 0
    outer loop
      vertex -3.43275 -15.3172 13.2
      vertex -3.47006 -15.5432 3
      vertex -3.47006 -15.5432 13.2
    endloop
  endfacet
  facet normal 0.935941 0.352157 0
    outer loop
      vertex 3.31425 -14.875 13.2
      vertex 3.23358 -14.6606 3
      vertex 3.23358 -14.6606 13.2
    endloop
  endfacet
  facet normal 0.935941 0.352157 0
    outer loop
      vertex 3.23358 -14.6606 3
      vertex 3.31425 -14.875 13.2
      vertex 3.31425 -14.875 3
    endloop
  endfacet
  facet normal -0.227042 0.973885 0
    outer loop
      vertex -0.682816 -12.5673 3
      vertex -0.905867 -12.6193 13.2
      vertex -0.682816 -12.5673 13.2
    endloop
  endfacet
  facet normal -0.227042 0.973885 0
    outer loop
      vertex -0.905867 -12.6193 13.2
      vertex -0.682816 -12.5673 3
      vertex -0.905867 -12.6193 3
    endloop
  endfacet
  facet normal 0.0978042 0.995206 -0
    outer loop
      vertex 0.456841 -12.5299 3
      vertex 0.22891 -12.5075 13.2
      vertex 0.456841 -12.5299 13.2
    endloop
  endfacet
  facet normal 0.0978042 0.995206 0
    outer loop
      vertex 0.22891 -12.5075 13.2
      vertex 0.456841 -12.5299 3
      vertex 0.22891 -12.5075 3
    endloop
  endfacet
  facet normal -0.289943 0.957044 0
    outer loop
      vertex -0.905867 -12.6193 3
      vertex -1.12504 -12.6857 13.2
      vertex -0.905867 -12.6193 13.2
    endloop
  endfacet
  facet normal -0.289943 0.957044 0
    outer loop
      vertex -1.12504 -12.6857 13.2
      vertex -0.905867 -12.6193 3
      vertex -1.12504 -12.6857 3
    endloop
  endfacet
  facet normal 0.471513 0.881859 -0
    outer loop
      vertex 1.75 -12.9689 3
      vertex 1.54801 -12.8609 13.2
      vertex 1.75 -12.9689 13.2
    endloop
  endfacet
  facet normal 0.471513 0.881859 0
    outer loop
      vertex 1.54801 -12.8609 13.2
      vertex 1.75 -12.9689 3
      vertex 1.54801 -12.8609 3
    endloop
  endfacet
  facet normal 0.0978042 -0.995206 0
    outer loop
      vertex 0.22891 -19.4925 8.15
      vertex 0.456841 -19.4701 13.2
      vertex 0.22891 -19.4925 13.2
    endloop
  endfacet
  facet normal 0.0978042 -0.995206 0
    outer loop
      vertex 0.456841 -19.4701 13.2
      vertex 0.22891 -19.4925 8.15
      vertex 0.456841 -19.4701 8.15
    endloop
  endfacet
  facet normal 0.352343 -0.935871 0
    outer loop
      vertex 1.12504 -19.3143 8.15
      vertex 1.33939 -19.2336 13.2
      vertex 1.12504 -19.3143 13.2
    endloop
  endfacet
  facet normal 0.352343 -0.935871 0
    outer loop
      vertex 1.33939 -19.2336 13.2
      vertex 1.12504 -19.3143 8.15
      vertex 1.33939 -19.2336 8.15
    endloop
  endfacet
  facet normal -0.471513 0.881859 0
    outer loop
      vertex -1.54801 -12.8609 3
      vertex -1.75 -12.9689 13.2
      vertex -1.54801 -12.8609 13.2
    endloop
  endfacet
  facet normal -0.471513 0.881859 0
    outer loop
      vertex -1.75 -12.9689 13.2
      vertex -1.54801 -12.8609 3
      vertex -1.75 -12.9689 3
    endloop
  endfacet
  facet normal -0.772925 0.634497 0
    outer loop
      vertex -2.77674 -13.8693 3
      vertex -2.63144 -13.6923 13.2
      vertex -2.63144 -13.6923 3
    endloop
  endfacet
  facet normal -0.772925 0.634497 0
    outer loop
      vertex -2.63144 -13.6923 13.2
      vertex -2.77674 -13.8693 3
      vertex -2.77674 -13.8693 13.2
    endloop
  endfacet
  facet normal 0.91084 0.41276 0
    outer loop
      vertex 3.23358 -14.6606 13.2
      vertex 3.13905 -14.452 3
      vertex 3.13905 -14.452 13.2
    endloop
  endfacet
  facet normal 0.91084 0.41276 0
    outer loop
      vertex 3.13905 -14.452 3
      vertex 3.23358 -14.6606 13.2
      vertex 3.23358 -14.6606 3
    endloop
  endfacet
  facet normal -0.772986 -0.634423 -0
    outer loop
      vertex -2.63311 -18.3057 8.15
      vertex -2.77674 -18.1307 3
      vertex -2.63311 -18.3057 3
    endloop
  endfacet
  facet normal -0.772986 -0.634423 0
    outer loop
      vertex -2.77674 -18.1307 3
      vertex -2.63311 -18.3057 8.15
      vertex -2.77674 -18.1307 13.2
    endloop
  endfacet
  facet normal -0.767592 -0.640939 -0
    outer loop
      vertex -2.63144 -18.3077 13.2
      vertex -2.63311 -18.3057 8.15
      vertex -2.63144 -18.3077 8.15
    endloop
  endfacet
  facet normal -0.772925 -0.634497 4.31493e-06
    outer loop
      vertex -2.63311 -18.3057 8.15
      vertex -2.63144 -18.3077 13.2
      vertex -2.77674 -18.1307 13.2
    endloop
  endfacet
  facet normal 0.352343 0.935871 -0
    outer loop
      vertex 1.33939 -12.7664 3
      vertex 1.12504 -12.6857 13.2
      vertex 1.33939 -12.7664 13.2
    endloop
  endfacet
  facet normal 0.352343 0.935871 0
    outer loop
      vertex 1.12504 -12.6857 13.2
      vertex 1.33939 -12.7664 3
      vertex 1.12504 -12.6857 3
    endloop
  endfacet
  facet normal 0.289943 0.957044 -0
    outer loop
      vertex 1.12504 -12.6857 3
      vertex 0.905867 -12.6193 13.2
      vertex 1.12504 -12.6857 13.2
    endloop
  endfacet
  facet normal 0.289943 0.957044 0
    outer loop
      vertex 0.905867 -12.6193 13.2
      vertex 1.12504 -12.6857 3
      vertex 0.905867 -12.6193 3
    endloop
  endfacet
  facet normal -0.881942 -0.471359 0
    outer loop
      vertex -3.03109 -17.75 3
      vertex -3.13905 -17.548 13.2
      vertex -3.13905 -17.548 3
    endloop
  endfacet
  facet normal -0.881942 -0.471359 0
    outer loop
      vertex -3.13905 -17.548 13.2
      vertex -3.03109 -17.75 3
      vertex -3.03109 -17.75 13.2
    endloop
  endfacet
  facet normal -0.412618 -0.910904 0
    outer loop
      vertex -1.54801 -19.1391 8.15
      vertex -1.33939 -19.2336 13.2
      vertex -1.54801 -19.1391 13.2
    endloop
  endfacet
  facet normal -0.412618 -0.910904 -0
    outer loop
      vertex -1.33939 -19.2336 13.2
      vertex -1.54801 -19.1391 8.15
      vertex -1.33939 -19.2336 8.15
    endloop
  endfacet
  facet normal -0.91084 0.41276 0
    outer loop
      vertex -3.23358 -14.6606 3
      vertex -3.13905 -14.452 13.2
      vertex -3.13905 -14.452 3
    endloop
  endfacet
  facet normal -0.91084 0.41276 0
    outer loop
      vertex -3.13905 -14.452 13.2
      vertex -3.23358 -14.6606 3
      vertex -3.23358 -14.6606 13.2
    endloop
  endfacet
  facet normal -0.528232 0.8491 0
    outer loop
      vertex -1.75 -12.9689 3
      vertex -1.9445 -13.0899 13.2
      vertex -1.75 -12.9689 13.2
    endloop
  endfacet
  facet normal -0.528232 0.8491 0
    outer loop
      vertex -1.9445 -13.0899 13.2
      vertex -1.75 -12.9689 3
      vertex -1.9445 -13.0899 3
    endloop
  endfacet
  facet normal 0.163284 -0.986579 0
    outer loop
      vertex 0.456841 -19.4701 8.15
      vertex 0.682816 -19.4327 13.2
      vertex 0.456841 -19.4701 13.2
    endloop
  endfacet
  facet normal 0.163284 -0.986579 0
    outer loop
      vertex 0.682816 -19.4327 13.2
      vertex 0.456841 -19.4701 8.15
      vertex 0.682816 -19.4327 8.15
    endloop
  endfacet
  facet normal -0.881942 0.471359 0
    outer loop
      vertex -3.13905 -14.452 3
      vertex -3.03109 -14.25 13.2
      vertex -3.03109 -14.25 3
    endloop
  endfacet
  facet normal -0.881942 0.471359 0
    outer loop
      vertex -3.03109 -14.25 13.2
      vertex -3.13905 -14.452 3
      vertex -3.13905 -14.452 13.2
    endloop
  endfacet
  facet normal -0.352343 0.935871 0
    outer loop
      vertex -1.12504 -12.6857 3
      vertex -1.33939 -12.7664 13.2
      vertex -1.12504 -12.6857 13.2
    endloop
  endfacet
  facet normal -0.352343 0.935871 0
    outer loop
      vertex -1.33939 -12.7664 13.2
      vertex -1.12504 -12.6857 3
      vertex -1.33939 -12.7664 3
    endloop
  endfacet
  facet normal -0.412618 0.910904 0
    outer loop
      vertex -1.33939 -12.7664 3
      vertex -1.54801 -12.8609 13.2
      vertex -1.33939 -12.7664 13.2
    endloop
  endfacet
  facet normal -0.412618 0.910904 0
    outer loop
      vertex -1.54801 -12.8609 13.2
      vertex -1.33939 -12.7664 3
      vertex -1.54801 -12.8609 3
    endloop
  endfacet
  facet normal 1 0 0
    outer loop
      vertex 12.9508 13.2039 7.11416
      vertex 12.9508 13.0922 7.0472
      vertex 12.9508 13.1256 4.53205
    endloop
  endfacet
  facet normal 1 -0 0
    outer loop
      vertex 12.9508 13.0124 6.99003
      vertex 12.9508 13.1256 4.53205
      vertex 12.9508 13.0922 7.0472
    endloop
  endfacet
  facet normal 1 -0 0
    outer loop
      vertex 12.9508 13.0124 4.60997
      vertex 12.9508 13.1256 4.53205
      vertex 12.9508 13.0124 6.99003
    endloop
  endfacet
  facet normal 1 0 0
    outer loop
      vertex 12.9508 13.1256 4.53205
      vertex 12.9508 13.0124 4.60997
      vertex 12.9508 13.0922 4.5528
    endloop
  endfacet
  facet normal 1 -0 0
    outer loop
      vertex 12.9508 12.9366 6.92776
      vertex 12.9508 13.0124 4.60997
      vertex 12.9508 13.0124 6.99003
    endloop
  endfacet
  facet normal 1 0 0
    outer loop
      vertex 12.9508 12.9366 6.92776
      vertex 12.9508 12.9366 4.67224
      vertex 12.9508 13.0124 4.60997
    endloop
  endfacet
  facet normal 1 -0 0
    outer loop
      vertex 12.9508 12.8649 6.86066
      vertex 12.9508 12.9366 4.67224
      vertex 12.9508 12.9366 6.92776
    endloop
  endfacet
  facet normal 1 0 0
    outer loop
      vertex 12.9508 12.8649 6.86066
      vertex 12.9508 12.8649 4.73934
      vertex 12.9508 12.9366 4.67224
    endloop
  endfacet
  facet normal 1 -0 0
    outer loop
      vertex 12.9508 12.7978 6.78902
      vertex 12.9508 12.8649 4.73934
      vertex 12.9508 12.8649 6.86066
    endloop
  endfacet
  facet normal 1 0 0
    outer loop
      vertex 12.9508 12.7978 6.78902
      vertex 12.9508 12.7978 4.81098
      vertex 12.9508 12.8649 4.73934
    endloop
  endfacet
  facet normal 1 -0 0
    outer loop
      vertex 12.9508 12.7356 6.71314
      vertex 12.9508 12.7978 4.81098
      vertex 12.9508 12.7978 6.78902
    endloop
  endfacet
  facet normal 1 0 0
    outer loop
      vertex 12.9508 12.7356 6.71314
      vertex 12.9508 12.7356 4.88686
      vertex 12.9508 12.7978 4.81098
    endloop
  endfacet
  facet normal 1 -0 0
    outer loop
      vertex 12.9508 12.6784 6.63336
      vertex 12.9508 12.7356 4.88686
      vertex 12.9508 12.7356 6.71314
    endloop
  endfacet
  facet normal 1 0 0
    outer loop
      vertex 12.9508 12.6784 6.63336
      vertex 12.9508 12.6784 4.96665
      vertex 12.9508 12.7356 4.88686
    endloop
  endfacet
  facet normal 1 -0 0
    outer loop
      vertex 12.9508 12.6265 6.55
      vertex 12.9508 12.6784 4.96665
      vertex 12.9508 12.6784 6.63336
    endloop
  endfacet
  facet normal 1 0 0
    outer loop
      vertex 12.9508 12.6265 6.55
      vertex 12.9508 12.6265 5.05
      vertex 12.9508 12.6784 4.96665
    endloop
  endfacet
  facet normal 1 -0 0
    outer loop
      vertex 12.9508 12.5803 6.46343
      vertex 12.9508 12.6265 5.05
      vertex 12.9508 12.6265 6.55
    endloop
  endfacet
  facet normal 1 0 0
    outer loop
      vertex 12.9508 12.5803 6.46343
      vertex 12.9508 12.5803 5.13657
      vertex 12.9508 12.6265 5.05
    endloop
  endfacet
  facet normal 1 -0 0
    outer loop
      vertex 12.9508 12.5398 6.37403
      vertex 12.9508 12.5803 5.13657
      vertex 12.9508 12.5803 6.46343
    endloop
  endfacet
  facet normal 1 0 0
    outer loop
      vertex 12.9508 12.5398 6.37403
      vertex 12.9508 12.5398 5.22598
      vertex 12.9508 12.5803 5.13657
    endloop
  endfacet
  facet normal 1 -0 0
    outer loop
      vertex 12.9508 12.5052 6.28216
      vertex 12.9508 12.5398 5.22598
      vertex 12.9508 12.5398 6.37403
    endloop
  endfacet
  facet normal 1 0 0
    outer loop
      vertex 12.9508 12.5052 6.28216
      vertex 12.9508 12.5052 5.31784
      vertex 12.9508 12.5398 5.22598
    endloop
  endfacet
  facet normal 1 -0 0
    outer loop
      vertex 12.9508 12.4767 6.18823
      vertex 12.9508 12.5052 5.31784
      vertex 12.9508 12.5052 6.28216
    endloop
  endfacet
  facet normal 1 0 0
    outer loop
      vertex 12.9508 12.4767 6.18823
      vertex 12.9508 12.4767 5.41177
      vertex 12.9508 12.5052 5.31784
    endloop
  endfacet
  facet normal 1 -0 0
    outer loop
      vertex 12.9508 12.4544 6.09264
      vertex 12.9508 12.4767 5.41177
      vertex 12.9508 12.4767 6.18823
    endloop
  endfacet
  facet normal 1 0 0
    outer loop
      vertex 12.9508 12.4544 6.09264
      vertex 12.9508 12.4544 5.50737
      vertex 12.9508 12.4767 5.41177
    endloop
  endfacet
  facet normal 1 -0 0
    outer loop
      vertex 12.9508 12.4384 5.99579
      vertex 12.9508 12.4544 5.50737
      vertex 12.9508 12.4544 6.09264
    endloop
  endfacet
  facet normal 1 0 0
    outer loop
      vertex 12.9508 12.4384 5.99579
      vertex 12.9508 12.4384 5.60421
      vertex 12.9508 12.4544 5.50737
    endloop
  endfacet
  facet normal 1 -0 0
    outer loop
      vertex 12.9508 12.4288 5.89811
      vertex 12.9508 12.4384 5.60421
      vertex 12.9508 12.4384 5.99579
    endloop
  endfacet
  facet normal 1 0 0
    outer loop
      vertex 12.9508 12.4288 5.89811
      vertex 12.9508 12.4288 5.7019
      vertex 12.9508 12.4384 5.60421
    endloop
  endfacet
  facet normal 1 0 -0
    outer loop
      vertex 12.9508 12.4288 5.7019
      vertex 12.9508 12.4288 5.89811
      vertex 12.9508 12.4256 5.8
    endloop
  endfacet
  facet normal 1 0 0
    outer loop
      vertex 12.9508 13.0922 7.0472
      vertex 12.9508 13.2039 7.11416
      vertex 12.9508 13.1756 7.09904
    endloop
  endfacet
  facet normal 1 0 0
    outer loop
      vertex 12.9508 13.2039 7.11416
      vertex 12.9508 13.1256 4.53205
      vertex 12.9508 13.2039 3
    endloop
  endfacet
  facet normal 1 0 0
    outer loop
      vertex 12.9508 13.2039 3
      vertex 12.9508 13.1256 4.53205
      vertex 12.9508 13.1256 3
    endloop
  endfacet
  facet normal 1 0 0
    outer loop
      vertex 12.9508 15.4224 5.89811
      vertex 12.9508 15.4224 5.7019
      vertex 12.9508 15.4256 5.8
    endloop
  endfacet
  facet normal 1 0 0
    outer loop
      vertex 12.9508 15.4128 5.99579
      vertex 12.9508 15.4224 5.7019
      vertex 12.9508 15.4224 5.89811
    endloop
  endfacet
  facet normal 1 0 0
    outer loop
      vertex 12.9508 15.4128 5.99579
      vertex 12.9508 15.4128 5.60421
      vertex 12.9508 15.4224 5.7019
    endloop
  endfacet
  facet normal 1 0 0
    outer loop
      vertex 12.9508 15.3968 6.09264
      vertex 12.9508 15.4128 5.60421
      vertex 12.9508 15.4128 5.99579
    endloop
  endfacet
  facet normal 1 0 0
    outer loop
      vertex 12.9508 15.3968 6.09264
      vertex 12.9508 15.3968 5.50737
      vertex 12.9508 15.4128 5.60421
    endloop
  endfacet
  facet normal 1 0 0
    outer loop
      vertex 12.9508 15.3745 6.18823
      vertex 12.9508 15.3968 5.50737
      vertex 12.9508 15.3968 6.09264
    endloop
  endfacet
  facet normal 1 0 0
    outer loop
      vertex 12.9508 15.3745 6.18823
      vertex 12.9508 15.3745 5.41177
      vertex 12.9508 15.3968 5.50737
    endloop
  endfacet
  facet normal 1 0 0
    outer loop
      vertex 12.9508 15.346 6.28216
      vertex 12.9508 15.3745 5.41177
      vertex 12.9508 15.3745 6.18823
    endloop
  endfacet
  facet normal 1 0 0
    outer loop
      vertex 12.9508 15.346 6.28216
      vertex 12.9508 15.346 5.31784
      vertex 12.9508 15.3745 5.41177
    endloop
  endfacet
  facet normal 1 0 0
    outer loop
      vertex 12.9508 15.3114 6.37403
      vertex 12.9508 15.346 5.31784
      vertex 12.9508 15.346 6.28216
    endloop
  endfacet
  facet normal 1 0 0
    outer loop
      vertex 12.9508 15.3114 6.37403
      vertex 12.9508 15.3114 5.22598
      vertex 12.9508 15.346 5.31784
    endloop
  endfacet
  facet normal 1 0 0
    outer loop
      vertex 12.9508 15.2709 6.46343
      vertex 12.9508 15.3114 5.22598
      vertex 12.9508 15.3114 6.37403
    endloop
  endfacet
  facet normal 1 0 0
    outer loop
      vertex 12.9508 15.2709 6.46343
      vertex 12.9508 15.2709 5.13657
      vertex 12.9508 15.3114 5.22598
    endloop
  endfacet
  facet normal 1 0 0
    outer loop
      vertex 12.9508 15.2306 6.53887
      vertex 12.9508 15.2709 5.13657
      vertex 12.9508 15.2709 6.46343
    endloop
  endfacet
  facet normal 1 0 0
    outer loop
      vertex 12.9508 15.2709 5.13657
      vertex 12.9508 15.2306 6.53887
      vertex 12.9508 15.2306 5.06113
    endloop
  endfacet
  facet normal -1 0 0
    outer loop
      vertex -12.9508 13.1256 4.53205
      vertex -12.9508 13.2039 7.11416
      vertex -12.9508 13.2039 3
    endloop
  endfacet
  facet normal -1 0 0
    outer loop
      vertex -12.9508 13.1256 4.53205
      vertex -12.9508 13.2039 3
      vertex -12.9508 13.1256 3
    endloop
  endfacet
  facet normal -1 0 0
    outer loop
      vertex -12.9508 13.0922 7.0472
      vertex -12.9508 13.2039 7.11416
      vertex -12.9508 13.1256 4.53205
    endloop
  endfacet
  facet normal -1 0 0
    outer loop
      vertex -12.9508 13.0124 4.60997
      vertex -12.9508 13.1256 4.53205
      vertex -12.9508 13.0922 4.5528
    endloop
  endfacet
  facet normal -1 0 0
    outer loop
      vertex -12.9508 13.2039 7.11416
      vertex -12.9508 13.0922 7.0472
      vertex -12.9508 13.1756 7.09904
    endloop
  endfacet
  facet normal -1 0 0
    outer loop
      vertex -12.9508 13.1256 4.53205
      vertex -12.9508 13.0124 4.60997
      vertex -12.9508 13.0922 7.0472
    endloop
  endfacet
  facet normal -1 0 0
    outer loop
      vertex -12.9508 13.0124 4.60997
      vertex -12.9508 13.0124 6.99003
      vertex -12.9508 13.0922 7.0472
    endloop
  endfacet
  facet normal -1 0 0
    outer loop
      vertex -12.9508 12.9366 4.67224
      vertex -12.9508 13.0124 6.99003
      vertex -12.9508 13.0124 4.60997
    endloop
  endfacet
  facet normal -1 0 0
    outer loop
      vertex -12.9508 12.9366 4.67224
      vertex -12.9508 12.9366 6.92776
      vertex -12.9508 13.0124 6.99003
    endloop
  endfacet
  facet normal -1 0 0
    outer loop
      vertex -12.9508 12.8649 4.73934
      vertex -12.9508 12.9366 6.92776
      vertex -12.9508 12.9366 4.67224
    endloop
  endfacet
  facet normal -1 0 0
    outer loop
      vertex -12.9508 12.8649 4.73934
      vertex -12.9508 12.8649 6.86066
      vertex -12.9508 12.9366 6.92776
    endloop
  endfacet
  facet normal -1 0 0
    outer loop
      vertex -12.9508 12.7978 4.81098
      vertex -12.9508 12.8649 6.86066
      vertex -12.9508 12.8649 4.73934
    endloop
  endfacet
  facet normal -1 0 0
    outer loop
      vertex -12.9508 12.7978 4.81098
      vertex -12.9508 12.7978 6.78902
      vertex -12.9508 12.8649 6.86066
    endloop
  endfacet
  facet normal -1 0 0
    outer loop
      vertex -12.9508 12.7356 4.88686
      vertex -12.9508 12.7978 6.78902
      vertex -12.9508 12.7978 4.81098
    endloop
  endfacet
  facet normal -1 0 0
    outer loop
      vertex -12.9508 12.7356 4.88686
      vertex -12.9508 12.7356 6.71314
      vertex -12.9508 12.7978 6.78902
    endloop
  endfacet
  facet normal -1 0 0
    outer loop
      vertex -12.9508 12.6784 4.96665
      vertex -12.9508 12.7356 6.71314
      vertex -12.9508 12.7356 4.88686
    endloop
  endfacet
  facet normal -1 0 0
    outer loop
      vertex -12.9508 12.6784 4.96665
      vertex -12.9508 12.6784 6.63336
      vertex -12.9508 12.7356 6.71314
    endloop
  endfacet
  facet normal -1 0 0
    outer loop
      vertex -12.9508 12.6265 5.05
      vertex -12.9508 12.6784 6.63336
      vertex -12.9508 12.6784 4.96665
    endloop
  endfacet
  facet normal -1 0 0
    outer loop
      vertex -12.9508 12.6265 5.05
      vertex -12.9508 12.6265 6.55
      vertex -12.9508 12.6784 6.63336
    endloop
  endfacet
  facet normal -1 0 0
    outer loop
      vertex -12.9508 12.5803 5.13657
      vertex -12.9508 12.6265 6.55
      vertex -12.9508 12.6265 5.05
    endloop
  endfacet
  facet normal -1 0 0
    outer loop
      vertex -12.9508 12.5803 5.13657
      vertex -12.9508 12.5803 6.46343
      vertex -12.9508 12.6265 6.55
    endloop
  endfacet
  facet normal -1 0 0
    outer loop
      vertex -12.9508 12.5398 5.22598
      vertex -12.9508 12.5803 6.46343
      vertex -12.9508 12.5803 5.13657
    endloop
  endfacet
  facet normal -1 0 0
    outer loop
      vertex -12.9508 12.5398 5.22598
      vertex -12.9508 12.5398 6.37403
      vertex -12.9508 12.5803 6.46343
    endloop
  endfacet
  facet normal -1 0 0
    outer loop
      vertex -12.9508 12.5052 5.31784
      vertex -12.9508 12.5398 6.37403
      vertex -12.9508 12.5398 5.22598
    endloop
  endfacet
  facet normal -1 0 0
    outer loop
      vertex -12.9508 12.5052 5.31784
      vertex -12.9508 12.5052 6.28216
      vertex -12.9508 12.5398 6.37403
    endloop
  endfacet
  facet normal -1 0 0
    outer loop
      vertex -12.9508 12.4767 5.41177
      vertex -12.9508 12.5052 6.28216
      vertex -12.9508 12.5052 5.31784
    endloop
  endfacet
  facet normal -1 0 0
    outer loop
      vertex -12.9508 12.4767 5.41177
      vertex -12.9508 12.4767 6.18823
      vertex -12.9508 12.5052 6.28216
    endloop
  endfacet
  facet normal -1 0 0
    outer loop
      vertex -12.9508 12.4544 5.50737
      vertex -12.9508 12.4767 6.18823
      vertex -12.9508 12.4767 5.41177
    endloop
  endfacet
  facet normal -1 0 0
    outer loop
      vertex -12.9508 12.4544 5.50737
      vertex -12.9508 12.4544 6.09264
      vertex -12.9508 12.4767 6.18823
    endloop
  endfacet
  facet normal -1 0 0
    outer loop
      vertex -12.9508 12.4384 5.60421
      vertex -12.9508 12.4544 6.09264
      vertex -12.9508 12.4544 5.50737
    endloop
  endfacet
  facet normal -1 0 0
    outer loop
      vertex -12.9508 12.4384 5.60421
      vertex -12.9508 12.4384 5.99579
      vertex -12.9508 12.4544 6.09264
    endloop
  endfacet
  facet normal -1 0 0
    outer loop
      vertex -12.9508 12.4288 5.7019
      vertex -12.9508 12.4384 5.99579
      vertex -12.9508 12.4384 5.60421
    endloop
  endfacet
  facet normal -1 0 0
    outer loop
      vertex -12.9508 12.4288 5.7019
      vertex -12.9508 12.4288 5.89811
      vertex -12.9508 12.4384 5.99579
    endloop
  endfacet
  facet normal -1 0 -0
    outer loop
      vertex -12.9508 12.4288 5.89811
      vertex -12.9508 12.4288 5.7019
      vertex -12.9508 12.4256 5.8
    endloop
  endfacet
  facet normal -1 0 0
    outer loop
      vertex -12.9508 15.4224 5.7019
      vertex -12.9508 15.4224 5.89811
      vertex -12.9508 15.4256 5.8
    endloop
  endfacet
  facet normal -1 0 0
    outer loop
      vertex -12.9508 15.4128 5.60421
      vertex -12.9508 15.4224 5.89811
      vertex -12.9508 15.4224 5.7019
    endloop
  endfacet
  facet normal -1 0 0
    outer loop
      vertex -12.9508 15.4128 5.60421
      vertex -12.9508 15.4128 5.99579
      vertex -12.9508 15.4224 5.89811
    endloop
  endfacet
  facet normal -1 0 0
    outer loop
      vertex -12.9508 15.3968 5.50737
      vertex -12.9508 15.4128 5.99579
      vertex -12.9508 15.4128 5.60421
    endloop
  endfacet
  facet normal -1 0 0
    outer loop
      vertex -12.9508 15.3968 5.50737
      vertex -12.9508 15.3968 6.09264
      vertex -12.9508 15.4128 5.99579
    endloop
  endfacet
  facet normal -1 0 0
    outer loop
      vertex -12.9508 15.3745 5.41177
      vertex -12.9508 15.3968 6.09264
      vertex -12.9508 15.3968 5.50737
    endloop
  endfacet
  facet normal -1 0 0
    outer loop
      vertex -12.9508 15.3745 5.41177
      vertex -12.9508 15.3745 6.18823
      vertex -12.9508 15.3968 6.09264
    endloop
  endfacet
  facet normal -1 0 0
    outer loop
      vertex -12.9508 15.346 5.31784
      vertex -12.9508 15.3745 6.18823
      vertex -12.9508 15.3745 5.41177
    endloop
  endfacet
  facet normal -1 0 0
    outer loop
      vertex -12.9508 15.346 5.31784
      vertex -12.9508 15.346 6.28216
      vertex -12.9508 15.3745 6.18823
    endloop
  endfacet
  facet normal -1 0 0
    outer loop
      vertex -12.9508 15.3114 5.22598
      vertex -12.9508 15.346 6.28216
      vertex -12.9508 15.346 5.31784
    endloop
  endfacet
  facet normal -1 0 0
    outer loop
      vertex -12.9508 15.3114 5.22598
      vertex -12.9508 15.3114 6.37403
      vertex -12.9508 15.346 6.28216
    endloop
  endfacet
  facet normal -1 0 0
    outer loop
      vertex -12.9508 15.2709 5.13657
      vertex -12.9508 15.3114 6.37403
      vertex -12.9508 15.3114 5.22598
    endloop
  endfacet
  facet normal -1 0 0
    outer loop
      vertex -12.9508 15.2709 5.13657
      vertex -12.9508 15.2709 6.46343
      vertex -12.9508 15.3114 6.37403
    endloop
  endfacet
  facet normal -1 0 0
    outer loop
      vertex -12.9508 15.2306 5.06113
      vertex -12.9508 15.2709 6.46343
      vertex -12.9508 15.2709 5.13657
    endloop
  endfacet
  facet normal -1 -0 0
    outer loop
      vertex -12.9508 15.2709 6.46343
      vertex -12.9508 15.2306 5.06113
      vertex -12.9508 15.2306 6.53887
    endloop
  endfacet
  facet normal 0 -1 0
    outer loop
      vertex -12.9508 13.1256 3
      vertex 12.9508 13.1256 4.53205
      vertex -12.9508 13.1256 4.53205
    endloop
  endfacet
  facet normal 0 -1 -0
    outer loop
      vertex 12.9508 13.1256 4.53205
      vertex -12.9508 13.1256 3
      vertex 12.9508 13.1256 3
    endloop
  endfacet
  facet normal 0 1 -0
    outer loop
      vertex 12.4508 14.7256 3
      vertex -12.4508 14.7256 4.53205
      vertex 12.4508 14.7256 4.53205
    endloop
  endfacet
  facet normal 0 1 0
    outer loop
      vertex -12.4508 14.7256 4.53205
      vertex 12.4508 14.7256 3
      vertex -12.4508 14.7256 3
    endloop
  endfacet
  facet normal 0 -0.163066 0.986615
    outer loop
      vertex 12.4508 13.7298 7.28717
      vertex -12.4508 13.7298 7.28717
      vertex 12.4508 13.6722 7.27765
    endloop
  endfacet
  facet normal 0 -0.163066 0.986615
    outer loop
      vertex -12.4508 13.6722 7.27765
      vertex 12.4508 13.6722 7.27765
      vertex -12.4508 13.7298 7.28717
    endloop
  endfacet
  facet normal 0 -0.162444 0.986718
    outer loop
      vertex 12.4508 13.6722 7.27765
      vertex -12.4508 13.6722 7.27765
      vertex 12.4927 13.6329 7.27118
    endloop
  endfacet
  facet normal 0 -0.162444 0.986718
    outer loop
      vertex 12.4927 13.6329 7.27118
      vertex -12.4508 13.6722 7.27765
      vertex -12.4927 13.6329 7.27118
    endloop
  endfacet
  facet normal 0 0.582384 -0.812914
    outer loop
      vertex -12.4508 14.7589 4.5528
      vertex 12.4508 14.8387 4.60997
      vertex 12.4508 14.7589 4.5528
    endloop
  endfacet
  facet normal 0 0.582384 -0.812914
    outer loop
      vertex 12.4508 14.8387 4.60997
      vertex -12.4508 14.7589 4.5528
      vertex -12.4508 14.8387 4.60997
    endloop
  endfacet
  facet normal 0 -0.882229 -0.470821
    outer loop
      vertex -12.9508 12.6265 5.05
      vertex 12.9508 12.5803 5.13657
      vertex -12.9508 12.5803 5.13657
    endloop
  endfacet
  facet normal 0 -0.882229 -0.470821
    outer loop
      vertex 12.9508 12.5803 5.13657
      vertex -12.9508 12.6265 5.05
      vertex 12.9508 12.6265 5.05
    endloop
  endfacet
  facet normal 0 0.528853 -0.848713
    outer loop
      vertex -12.4508 14.7256 4.53205
      vertex 12.4508 14.7589 4.5528
      vertex 12.4508 14.7256 4.53205
    endloop
  endfacet
  facet normal 0 0.528853 -0.848713
    outer loop
      vertex 12.4508 14.7589 4.5528
      vertex -12.4508 14.7256 4.53205
      vertex -12.4508 14.7589 4.5528
    endloop
  endfacet
  facet normal 0 0.882036 0.471183
    outer loop
      vertex 12.9508 15.2709 6.46343
      vertex 12.9017 15.2709 6.46343
      vertex 12.9508 15.2306 6.53887
    endloop
  endfacet
  facet normal 0 0.882036 0.471183
    outer loop
      vertex -12.9017 15.2709 6.46343
      vertex -12.9508 15.2709 6.46343
      vertex -12.9508 15.2306 6.53887
    endloop
  endfacet
  facet normal 0 0.881805 0.471614
    outer loop
      vertex 12.4508 15.2709 6.46343
      vertex -12.4508 15.2246 6.55
      vertex 12.4508 15.2246 6.55
    endloop
  endfacet
  facet normal 0 0.881805 0.471614
    outer loop
      vertex -12.4508 15.2246 6.55
      vertex 12.4508 15.2709 6.46343
      vertex -12.4508 15.2709 6.46343
    endloop
  endfacet
  facet normal 0 -0.812734 -0.582634
    outer loop
      vertex -12.9508 12.7356 4.88686
      vertex 12.9508 12.6784 4.96665
      vertex -12.9508 12.6784 4.96665
    endloop
  endfacet
  facet normal 0 -0.812734 -0.582634
    outer loop
      vertex 12.9508 12.6784 4.96665
      vertex -12.9508 12.7356 4.88686
      vertex 12.9508 12.7356 4.88686
    endloop
  endfacet
  facet normal 0 -0.227294 0.973826
    outer loop
      vertex -12.4927 13.6329 7.27118
      vertex 12.5947 13.5374 7.24889
      vertex 12.4927 13.6329 7.27118
    endloop
  endfacet
  facet normal 0 -0.227294 0.973826
    outer loop
      vertex 12.5947 13.5374 7.24889
      vertex -12.4927 13.6329 7.27118
      vertex -12.5947 13.5374 7.24889
    endloop
  endfacet
  facet normal 0 -0.527711 -0.849424
    outer loop
      vertex -12.9508 13.0922 4.5528
      vertex 12.9508 13.1256 4.53205
      vertex 12.9508 13.0922 4.5528
    endloop
  endfacet
  facet normal -0 -0.527711 -0.849424
    outer loop
      vertex 12.9508 13.1256 4.53205
      vertex -12.9508 13.0922 4.5528
      vertex -12.9508 13.1256 4.53205
    endloop
  endfacet
  facet normal 0 0.683806 -0.729664
    outer loop
      vertex -12.4508 14.9146 4.67224
      vertex 12.4508 14.9862 4.73934
      vertex 12.4508 14.9146 4.67224
    endloop
  endfacet
  facet normal 0 0.683806 -0.729664
    outer loop
      vertex 12.4508 14.9862 4.73934
      vertex -12.4508 14.9146 4.67224
      vertex -12.4508 14.9862 4.73934
    endloop
  endfacet
  facet normal 0 0.986624 -0.163011
    outer loop
      vertex 12.7483 15.3968 5.50737
      vertex 12.9508 15.4128 5.60421
      vertex 12.9508 15.3968 5.50737
    endloop
  endfacet
  facet normal 0 0.986624 -0.163011
    outer loop
      vertex 12.9508 15.4128 5.60421
      vertex 12.7483 15.3968 5.50737
      vertex 12.7288 15.4128 5.60421
    endloop
  endfacet
  facet normal 0 0.986624 -0.163011
    outer loop
      vertex -12.7483 15.3968 5.50737
      vertex -12.9508 15.4128 5.60421
      vertex -12.7288 15.4128 5.60421
    endloop
  endfacet
  facet normal 0 0.986624 -0.163011
    outer loop
      vertex -12.9508 15.4128 5.60421
      vertex -12.7483 15.3968 5.50737
      vertex -12.9508 15.3968 5.50737
    endloop
  endfacet
  facet normal 0 0.986624 -0.163011
    outer loop
      vertex 12.4508 15.3968 5.50737
      vertex -12.4508 15.4128 5.60421
      vertex 12.4508 15.4128 5.60421
    endloop
  endfacet
  facet normal 0 0.986624 -0.163011
    outer loop
      vertex -12.4508 15.4128 5.60421
      vertex 12.4508 15.3968 5.50737
      vertex -12.4508 15.3968 5.50737
    endloop
  endfacet
  facet normal -0 0.0979908 0.995187
    outer loop
      vertex -12.4508 14.1214 7.28717
      vertex 12.4508 14.0237 7.29679
      vertex 12.4508 14.1214 7.28717
    endloop
  endfacet
  facet normal 0 0.0979908 0.995187
    outer loop
      vertex 12.4508 14.0237 7.29679
      vertex -12.4508 14.1214 7.28717
      vertex -12.4508 14.0237 7.29679
    endloop
  endfacet
  facet normal 0 -0.0327042 0.999465
    outer loop
      vertex -12.4508 13.9256 7.3
      vertex 12.4508 13.8275 7.29679
      vertex 12.4508 13.9256 7.3
    endloop
  endfacet
  facet normal 0 -0.0327042 0.999465
    outer loop
      vertex 12.4508 13.8275 7.29679
      vertex -12.4508 13.9256 7.3
      vertex -12.4508 13.8275 7.29679
    endloop
  endfacet
  facet normal 0 -0.935817 -0.352485
    outer loop
      vertex -12.9508 12.5398 5.22598
      vertex 12.9508 12.5052 5.31784
      vertex -12.9508 12.5052 5.31784
    endloop
  endfacet
  facet normal 0 -0.935817 -0.352485
    outer loop
      vertex 12.9508 12.5052 5.31784
      vertex -12.9508 12.5398 5.22598
      vertex 12.9508 12.5398 5.22598
    endloop
  endfacet
  facet normal 0 -0.352508 0.935809
    outer loop
      vertex -12.695 13.4434 7.2204
      vertex 12.7931 13.3516 7.18582
      vertex 12.695 13.4434 7.2204
    endloop
  endfacet
  facet normal 0 -0.352508 0.935809
    outer loop
      vertex 12.7931 13.3516 7.18582
      vertex -12.695 13.4434 7.2204
      vertex -12.7931 13.3516 7.18582
    endloop
  endfacet
  facet normal 0 0.956922 -0.290347
    outer loop
      vertex -12.8102 15.346 5.31784
      vertex -12.9508 15.3745 5.41177
      vertex -12.7755 15.3745 5.41177
    endloop
  endfacet
  facet normal 0 0.956922 -0.290347
    outer loop
      vertex -12.9508 15.3745 5.41177
      vertex -12.8102 15.346 5.31784
      vertex -12.9508 15.346 5.31784
    endloop
  endfacet
  facet normal 0 0.956922 -0.290347
    outer loop
      vertex 12.8102 15.346 5.31784
      vertex 12.9508 15.3745 5.41177
      vertex 12.9508 15.346 5.31784
    endloop
  endfacet
  facet normal 0 0.956922 -0.290347
    outer loop
      vertex 12.9508 15.3745 5.41177
      vertex 12.8102 15.346 5.31784
      vertex 12.7755 15.3745 5.41177
    endloop
  endfacet
  facet normal 0 0.956922 -0.290347
    outer loop
      vertex 12.4508 15.346 5.31784
      vertex -12.4508 15.3745 5.41177
      vertex 12.4508 15.3745 5.41177
    endloop
  endfacet
  facet normal 0 0.956922 -0.290347
    outer loop
      vertex -12.4508 15.3745 5.41177
      vertex 12.4508 15.346 5.31784
      vertex -12.4508 15.346 5.31784
    endloop
  endfacet
  facet normal -0 0.973851 0.227188
    outer loop
      vertex -12.9508 15.3968 6.09264
      vertex -12.7755 15.3745 6.18823
      vertex -12.7483 15.3968 6.09264
    endloop
  endfacet
  facet normal 0 0.973851 0.227188
    outer loop
      vertex -12.7755 15.3745 6.18823
      vertex -12.9508 15.3968 6.09264
      vertex -12.9508 15.3745 6.18823
    endloop
  endfacet
  facet normal 0 0.973851 0.227188
    outer loop
      vertex 12.9508 15.3968 6.09264
      vertex 12.7755 15.3745 6.18823
      vertex 12.9508 15.3745 6.18823
    endloop
  endfacet
  facet normal 0 0.973851 0.227188
    outer loop
      vertex 12.7755 15.3745 6.18823
      vertex 12.9508 15.3968 6.09264
      vertex 12.7483 15.3968 6.09264
    endloop
  endfacet
  facet normal 0 0.973851 0.227188
    outer loop
      vertex 12.4508 15.3968 6.09264
      vertex -12.4508 15.3745 6.18823
      vertex 12.4508 15.3745 6.18823
    endloop
  endfacet
  facet normal 0 0.973851 0.227188
    outer loop
      vertex -12.4508 15.3745 6.18823
      vertex 12.4508 15.3968 6.09264
      vertex -12.4508 15.3968 6.09264
    endloop
  endfacet
  facet normal 0 -0.910906 -0.412613
    outer loop
      vertex -12.9508 12.5803 5.13657
      vertex 12.9508 12.5398 5.22598
      vertex -12.9508 12.5398 5.22598
    endloop
  endfacet
  facet normal 0 -0.910906 -0.412613
    outer loop
      vertex 12.9508 12.5398 5.22598
      vertex -12.9508 12.5803 5.13657
      vertex 12.9508 12.5803 5.13657
    endloop
  endfacet
  facet normal 0 -0.956922 0.290347
    outer loop
      vertex -12.9508 12.4767 6.18823
      vertex 12.9508 12.5052 6.28216
      vertex -12.9508 12.5052 6.28216
    endloop
  endfacet
  facet normal 0 -0.956922 0.290347
    outer loop
      vertex 12.9508 12.5052 6.28216
      vertex -12.9508 12.4767 6.18823
      vertex 12.9508 12.4767 6.18823
    endloop
  endfacet
  facet normal 0 -0.910889 0.412651
    outer loop
      vertex -12.9508 12.5398 6.37403
      vertex 12.9508 12.5803 6.46343
      vertex -12.9508 12.5803 6.46343
    endloop
  endfacet
  facet normal 0 -0.910889 0.412651
    outer loop
      vertex 12.9508 12.5803 6.46343
      vertex -12.9508 12.5398 6.37403
      vertex 12.9508 12.5398 6.37403
    endloop
  endfacet
  facet normal 0 -0.683297 -0.73014
    outer loop
      vertex -12.9508 12.8649 4.73934
      vertex 12.9508 12.9366 4.67224
      vertex 12.9508 12.8649 4.73934
    endloop
  endfacet
  facet normal -0 -0.683297 -0.73014
    outer loop
      vertex 12.9508 12.9366 4.67224
      vertex -12.9508 12.8649 4.73934
      vertex -12.9508 12.9366 4.67224
    endloop
  endfacet
  facet normal -0 0.0327042 0.999465
    outer loop
      vertex -12.4508 14.0237 7.29679
      vertex 12.4508 13.9256 7.3
      vertex 12.4508 14.0237 7.29679
    endloop
  endfacet
  facet normal 0 0.0327042 0.999465
    outer loop
      vertex 12.4508 13.9256 7.3
      vertex -12.4508 14.0237 7.29679
      vertex -12.4508 13.9256 7.3
    endloop
  endfacet
  facet normal 0 -0.290055 0.95701
    outer loop
      vertex -12.5947 13.5374 7.24889
      vertex 12.695 13.4434 7.2204
      vertex 12.5947 13.5374 7.24889
    endloop
  endfacet
  facet normal 0 -0.290055 0.95701
    outer loop
      vertex 12.695 13.4434 7.2204
      vertex -12.5947 13.5374 7.24889
      vertex -12.695 13.4434 7.2204
    endloop
  endfacet
  facet normal 0 -0.8127 0.582683
    outer loop
      vertex -12.9508 12.6784 6.63336
      vertex 12.9508 12.7356 6.71314
      vertex -12.9508 12.7356 6.71314
    endloop
  endfacet
  facet normal 0 -0.8127 0.582683
    outer loop
      vertex 12.9508 12.7356 6.71314
      vertex -12.9508 12.6784 6.63336
      vertex 12.9508 12.6784 6.63336
    endloop
  endfacet
  facet normal 0 -0.52791 0.8493
    outer loop
      vertex -12.9508 13.1756 7.09904
      vertex 12.9508 13.0922 7.0472
      vertex 12.9508 13.1756 7.09904
    endloop
  endfacet
  facet normal 0 -0.52791 0.8493
    outer loop
      vertex 12.9508 13.0922 7.0472
      vertex -12.9508 13.1756 7.09904
      vertex -12.9508 13.0922 7.0472
    endloop
  endfacet
  facet normal 0 -0.773376 0.633948
    outer loop
      vertex -12.9508 12.7356 6.71314
      vertex 12.9508 12.7978 6.78902
      vertex -12.9508 12.7978 6.78902
    endloop
  endfacet
  facet normal 0 -0.773376 0.633948
    outer loop
      vertex 12.9508 12.7978 6.78902
      vertex -12.9508 12.7356 6.71314
      vertex 12.9508 12.7356 6.71314
    endloop
  endfacet
  facet normal 0 -0.999468 -0.0326024
    outer loop
      vertex -12.9508 12.4288 5.7019
      vertex 12.9508 12.4256 5.8
      vertex -12.9508 12.4256 5.8
    endloop
  endfacet
  facet normal 0 -0.999468 -0.0326024
    outer loop
      vertex 12.9508 12.4256 5.8
      vertex -12.9508 12.4288 5.7019
      vertex 12.9508 12.4288 5.7019
    endloop
  endfacet
  facet normal 0 -0.999469 0.0325991
    outer loop
      vertex -12.9508 12.4256 5.8
      vertex 12.9508 12.4288 5.89811
      vertex -12.9508 12.4288 5.89811
    endloop
  endfacet
  facet normal 0 -0.999469 0.0325991
    outer loop
      vertex 12.9508 12.4288 5.89811
      vertex -12.9508 12.4256 5.8
      vertex 12.9508 12.4256 5.8
    endloop
  endfacet
  facet normal 0 0.910889 0.412651
    outer loop
      vertex 12.9508 15.3114 6.37403
      vertex 12.9017 15.2709 6.46343
      vertex 12.9508 15.2709 6.46343
    endloop
  endfacet
  facet normal 0 0.910889 0.412651
    outer loop
      vertex 12.9017 15.2709 6.46343
      vertex 12.9508 15.3114 6.37403
      vertex 12.8523 15.3114 6.37403
    endloop
  endfacet
  facet normal -0 0.910889 0.412651
    outer loop
      vertex -12.9508 15.3114 6.37403
      vertex -12.9017 15.2709 6.46343
      vertex -12.8523 15.3114 6.37403
    endloop
  endfacet
  facet normal 0 0.910889 0.412651
    outer loop
      vertex -12.9017 15.2709 6.46343
      vertex -12.9508 15.3114 6.37403
      vertex -12.9508 15.2709 6.46343
    endloop
  endfacet
  facet normal 0 0.910889 0.412651
    outer loop
      vertex 12.4508 15.3114 6.37403
      vertex -12.4508 15.2709 6.46343
      vertex 12.4508 15.2709 6.46343
    endloop
  endfacet
  facet normal 0 0.910889 0.412651
    outer loop
      vertex -12.4508 15.2709 6.46343
      vertex 12.4508 15.3114 6.37403
      vertex -12.4508 15.3114 6.37403
    endloop
  endfacet
  facet normal 0 -0.582384 0.812914
    outer loop
      vertex -12.9508 13.0922 7.0472
      vertex 12.9508 13.0124 6.99003
      vertex 12.9508 13.0922 7.0472
    endloop
  endfacet
  facet normal 0 -0.582384 0.812914
    outer loop
      vertex 12.9508 13.0124 6.99003
      vertex -12.9508 13.0922 7.0472
      vertex -12.9508 13.0124 6.99003
    endloop
  endfacet
  facet normal 0 -0.848912 0.528534
    outer loop
      vertex -12.9508 12.6265 6.55
      vertex 12.9508 12.6784 6.63336
      vertex -12.9508 12.6784 6.63336
    endloop
  endfacet
  facet normal 0 -0.848912 0.528534
    outer loop
      vertex 12.9508 12.6784 6.63336
      vertex -12.9508 12.6265 6.55
      vertex 12.9508 12.6265 6.55
    endloop
  endfacet
  facet normal 0 -0.882229 0.470821
    outer loop
      vertex -12.9508 12.5803 6.46343
      vertex 12.9508 12.6265 6.55
      vertex -12.9508 12.6265 6.55
    endloop
  endfacet
  facet normal 0 -0.882229 0.470821
    outer loop
      vertex 12.9508 12.6265 6.55
      vertex -12.9508 12.5803 6.46343
      vertex 12.9508 12.5803 6.46343
    endloop
  endfacet
  facet normal 0 -0.848884 -0.528579
    outer loop
      vertex -12.9508 12.6784 4.96665
      vertex 12.9508 12.6265 5.05
      vertex -12.9508 12.6265 5.05
    endloop
  endfacet
  facet normal 0 -0.848884 -0.528579
    outer loop
      vertex 12.9508 12.6265 5.05
      vertex -12.9508 12.6784 4.96665
      vertex 12.9508 12.6784 4.96665
    endloop
  endfacet
  facet normal -0 0.999469 0.0325991
    outer loop
      vertex -12.9508 15.4256 5.8
      vertex -12.7171 15.4224 5.89811
      vertex -12.7132 15.4256 5.8
    endloop
  endfacet
  facet normal 0 0.999469 0.0325991
    outer loop
      vertex -12.7171 15.4224 5.89811
      vertex -12.9508 15.4256 5.8
      vertex -12.9508 15.4224 5.89811
    endloop
  endfacet
  facet normal 0 0.999469 0.0325991
    outer loop
      vertex 12.9508 15.4256 5.8
      vertex 12.7171 15.4224 5.89811
      vertex 12.9508 15.4224 5.89811
    endloop
  endfacet
  facet normal 0 0.999469 0.0325991
    outer loop
      vertex 12.7171 15.4224 5.89811
      vertex 12.9508 15.4256 5.8
      vertex 12.7132 15.4256 5.8
    endloop
  endfacet
  facet normal 0 0.999469 0.0325991
    outer loop
      vertex 12.4508 15.4256 5.8
      vertex -12.4508 15.4224 5.89811
      vertex 12.4508 15.4224 5.89811
    endloop
  endfacet
  facet normal 0 0.999469 0.0325991
    outer loop
      vertex -12.4508 15.4224 5.89811
      vertex 12.4508 15.4256 5.8
      vertex -12.4508 15.4256 5.8
    endloop
  endfacet
  facet normal -0 0.528367 0.849016
    outer loop
      vertex -12.4508 14.7589 7.0472
      vertex 12.4508 14.6756 7.09904
      vertex 12.4508 14.7589 7.0472
    endloop
  endfacet
  facet normal 0 0.528367 0.849016
    outer loop
      vertex 12.4508 14.6756 7.09904
      vertex -12.4508 14.7589 7.0472
      vertex -12.4508 14.6756 7.09904
    endloop
  endfacet
  facet normal -0 0.471249 0.882
    outer loop
      vertex -12.4508 14.6756 7.09904
      vertex 12.4508 14.589 7.14531
      vertex 12.4508 14.6756 7.09904
    endloop
  endfacet
  facet normal 0 0.471249 0.882
    outer loop
      vertex 12.4508 14.589 7.14531
      vertex -12.4508 14.6756 7.09904
      vertex -12.4508 14.589 7.14531
    endloop
  endfacet
  facet normal -0 0.634274 0.773108
    outer loop
      vertex -12.4508 14.9146 6.92776
      vertex 12.4508 14.8387 6.99003
      vertex 12.4508 14.9146 6.92776
    endloop
  endfacet
  facet normal 0 0.634274 0.773108
    outer loop
      vertex 12.4508 14.8387 6.99003
      vertex -12.4508 14.9146 6.92776
      vertex -12.4508 14.8387 6.99003
    endloop
  endfacet
  facet normal 0 0.986627 0.162995
    outer loop
      vertex 12.9508 15.4128 5.99579
      vertex 12.7483 15.3968 6.09264
      vertex 12.9508 15.3968 6.09264
    endloop
  endfacet
  facet normal 0 0.986627 0.162995
    outer loop
      vertex 12.7483 15.3968 6.09264
      vertex 12.9508 15.4128 5.99579
      vertex 12.7288 15.4128 5.99579
    endloop
  endfacet
  facet normal -0 0.986627 0.162995
    outer loop
      vertex -12.9508 15.4128 5.99579
      vertex -12.7483 15.3968 6.09264
      vertex -12.7288 15.4128 5.99579
    endloop
  endfacet
  facet normal 0 0.986627 0.162995
    outer loop
      vertex -12.7483 15.3968 6.09264
      vertex -12.9508 15.4128 5.99579
      vertex -12.9508 15.3968 6.09264
    endloop
  endfacet
  facet normal 0 0.986627 0.162995
    outer loop
      vertex 12.4508 15.4128 5.99579
      vertex -12.4508 15.3968 6.09264
      vertex 12.4508 15.3968 6.09264
    endloop
  endfacet
  facet normal 0 0.986627 0.162995
    outer loop
      vertex -12.4508 15.3968 6.09264
      vertex 12.4508 15.4128 5.99579
      vertex -12.4508 15.4128 5.99579
    endloop
  endfacet
  facet normal 0 -0.729855 0.683602
    outer loop
      vertex -12.9508 12.7978 6.78902
      vertex 12.9508 12.8649 6.86066
      vertex -12.9508 12.8649 6.86066
    endloop
  endfacet
  facet normal 0 -0.729855 0.683602
    outer loop
      vertex 12.9508 12.8649 6.86066
      vertex -12.9508 12.7978 6.78902
      vertex 12.9508 12.7978 6.78902
    endloop
  endfacet
  facet normal 0 -0.0979908 0.995187
    outer loop
      vertex -12.4508 13.8275 7.29679
      vertex 12.4508 13.7298 7.28717
      vertex 12.4508 13.8275 7.29679
    endloop
  endfacet
  facet normal 0 -0.0979908 0.995187
    outer loop
      vertex 12.4508 13.7298 7.28717
      vertex -12.4508 13.8275 7.29679
      vertex -12.4508 13.7298 7.28717
    endloop
  endfacet
  facet normal 0 -0.773376 -0.633948
    outer loop
      vertex -12.9508 12.7978 4.81098
      vertex 12.9508 12.7356 4.88686
      vertex -12.9508 12.7356 4.88686
    endloop
  endfacet
  facet normal 0 -0.773376 -0.633948
    outer loop
      vertex 12.9508 12.7356 4.88686
      vertex -12.9508 12.7978 4.81098
      vertex 12.9508 12.7978 4.81098
    endloop
  endfacet
  facet normal 0 0.882036 -0.471183
    outer loop
      vertex -12.9508 15.2306 5.06113
      vertex -12.9508 15.2709 5.13657
      vertex -12.9017 15.2709 5.13657
    endloop
  endfacet
  facet normal 0 0.882036 -0.471183
    outer loop
      vertex 12.9508 15.2306 5.06113
      vertex 12.9017 15.2709 5.13657
      vertex 12.9508 15.2709 5.13657
    endloop
  endfacet
  facet normal 0 0.881805 -0.471614
    outer loop
      vertex 12.4508 15.2246 5.05
      vertex -12.4508 15.2709 5.13657
      vertex 12.4508 15.2709 5.13657
    endloop
  endfacet
  facet normal 0 0.881805 -0.471614
    outer loop
      vertex -12.4508 15.2709 5.13657
      vertex 12.4508 15.2246 5.05
      vertex -12.4508 15.2246 5.05
    endloop
  endfacet
  facet normal 0 0.999468 -0.0326024
    outer loop
      vertex -12.7171 15.4224 5.7019
      vertex -12.9508 15.4256 5.8
      vertex -12.7132 15.4256 5.8
    endloop
  endfacet
  facet normal 0 0.999468 -0.0326024
    outer loop
      vertex -12.9508 15.4256 5.8
      vertex -12.7171 15.4224 5.7019
      vertex -12.9508 15.4224 5.7019
    endloop
  endfacet
  facet normal 0 0.999468 -0.0326024
    outer loop
      vertex 12.7171 15.4224 5.7019
      vertex 12.9508 15.4256 5.8
      vertex 12.9508 15.4224 5.7019
    endloop
  endfacet
  facet normal 0 0.999468 -0.0326024
    outer loop
      vertex 12.9508 15.4256 5.8
      vertex 12.7171 15.4224 5.7019
      vertex 12.7132 15.4256 5.8
    endloop
  endfacet
  facet normal 0 0.999468 -0.0326024
    outer loop
      vertex 12.4508 15.4224 5.7019
      vertex -12.4508 15.4256 5.8
      vertex 12.4508 15.4256 5.8
    endloop
  endfacet
  facet normal 0 0.999468 -0.0326024
    outer loop
      vertex -12.4508 15.4256 5.8
      vertex 12.4508 15.4224 5.7019
      vertex -12.4508 15.4224 5.7019
    endloop
  endfacet
  facet normal 0 -0.634774 -0.772698
    outer loop
      vertex -12.9508 12.9366 4.67224
      vertex 12.9508 13.0124 4.60997
      vertex 12.9508 12.9366 4.67224
    endloop
  endfacet
  facet normal -0 -0.634774 -0.772698
    outer loop
      vertex 12.9508 13.0124 4.60997
      vertex -12.9508 12.9366 4.67224
      vertex -12.9508 13.0124 4.60997
    endloop
  endfacet
  facet normal -0 0.683806 0.729664
    outer loop
      vertex -12.4508 14.9862 6.86066
      vertex 12.4508 14.9146 6.92776
      vertex 12.4508 14.9862 6.86066
    endloop
  endfacet
  facet normal 0 0.683806 0.729664
    outer loop
      vertex 12.4508 14.9146 6.92776
      vertex -12.4508 14.9862 6.86066
      vertex -12.4508 14.9146 6.92776
    endloop
  endfacet
  facet normal 0 0.995206 -0.097799
    outer loop
      vertex -12.7288 15.4128 5.60421
      vertex -12.9508 15.4224 5.7019
      vertex -12.7171 15.4224 5.7019
    endloop
  endfacet
  facet normal 0 0.995206 -0.097799
    outer loop
      vertex -12.9508 15.4224 5.7019
      vertex -12.7288 15.4128 5.60421
      vertex -12.9508 15.4128 5.60421
    endloop
  endfacet
  facet normal 0 0.995206 -0.097799
    outer loop
      vertex 12.7288 15.4128 5.60421
      vertex 12.9508 15.4224 5.7019
      vertex 12.9508 15.4128 5.60421
    endloop
  endfacet
  facet normal 0 0.995206 -0.097799
    outer loop
      vertex 12.9508 15.4224 5.7019
      vertex 12.7288 15.4128 5.60421
      vertex 12.7171 15.4224 5.7019
    endloop
  endfacet
  facet normal 0 0.995206 -0.097799
    outer loop
      vertex 12.4508 15.4128 5.60421
      vertex -12.4508 15.4224 5.7019
      vertex 12.4508 15.4224 5.7019
    endloop
  endfacet
  facet normal 0 0.995206 -0.097799
    outer loop
      vertex -12.4508 15.4224 5.7019
      vertex 12.4508 15.4128 5.60421
      vertex -12.4508 15.4128 5.60421
    endloop
  endfacet
  facet normal 0 -0.729855 -0.683602
    outer loop
      vertex -12.9508 12.8649 4.73934
      vertex 12.9508 12.7978 4.81098
      vertex -12.9508 12.7978 4.81098
    endloop
  endfacet
  facet normal 0 -0.729855 -0.683602
    outer loop
      vertex 12.9508 12.7978 4.81098
      vertex -12.9508 12.8649 4.73934
      vertex 12.9508 12.8649 4.73934
    endloop
  endfacet
  facet normal -0 0.582384 0.812914
    outer loop
      vertex -12.4508 14.8387 6.99003
      vertex 12.4508 14.7589 7.0472
      vertex 12.4508 14.8387 6.99003
    endloop
  endfacet
  facet normal 0 0.582384 0.812914
    outer loop
      vertex 12.4508 14.7589 7.0472
      vertex -12.4508 14.8387 6.99003
      vertex -12.4508 14.7589 7.0472
    endloop
  endfacet
  facet normal 0 -0.973851 0.227188
    outer loop
      vertex -12.9508 12.4544 6.09264
      vertex 12.9508 12.4767 6.18823
      vertex -12.9508 12.4767 6.18823
    endloop
  endfacet
  facet normal 0 -0.973851 0.227188
    outer loop
      vertex 12.9508 12.4767 6.18823
      vertex -12.9508 12.4544 6.09264
      vertex 12.9508 12.4544 6.09264
    endloop
  endfacet
  facet normal 0 -0.986624 -0.163011
    outer loop
      vertex -12.9508 12.4544 5.50737
      vertex 12.9508 12.4384 5.60421
      vertex -12.9508 12.4384 5.60421
    endloop
  endfacet
  facet normal 0 -0.986624 -0.163011
    outer loop
      vertex 12.9508 12.4384 5.60421
      vertex -12.9508 12.4544 5.50737
      vertex 12.9508 12.4544 5.50737
    endloop
  endfacet
  facet normal 0 0.935817 -0.352485
    outer loop
      vertex -12.8523 15.3114 5.22598
      vertex -12.9508 15.346 5.31784
      vertex -12.8102 15.346 5.31784
    endloop
  endfacet
  facet normal 0 0.935817 -0.352485
    outer loop
      vertex -12.9508 15.346 5.31784
      vertex -12.8523 15.3114 5.22598
      vertex -12.9508 15.3114 5.22598
    endloop
  endfacet
  facet normal 0 0.935817 -0.352485
    outer loop
      vertex 12.8523 15.3114 5.22598
      vertex 12.9508 15.346 5.31784
      vertex 12.9508 15.3114 5.22598
    endloop
  endfacet
  facet normal 0 0.935817 -0.352485
    outer loop
      vertex 12.9508 15.346 5.31784
      vertex 12.8523 15.3114 5.22598
      vertex 12.8102 15.346 5.31784
    endloop
  endfacet
  facet normal 0 0.935817 -0.352485
    outer loop
      vertex 12.4508 15.3114 5.22598
      vertex -12.4508 15.346 5.31784
      vertex 12.4508 15.346 5.31784
    endloop
  endfacet
  facet normal 0 0.935817 -0.352485
    outer loop
      vertex -12.4508 15.346 5.31784
      vertex 12.4508 15.3114 5.22598
      vertex -12.4508 15.3114 5.22598
    endloop
  endfacet
  facet normal 0 -0.582384 -0.812914
    outer loop
      vertex -12.9508 13.0124 4.60997
      vertex 12.9508 13.0922 4.5528
      vertex 12.9508 13.0124 4.60997
    endloop
  endfacet
  facet normal -0 -0.582384 -0.812914
    outer loop
      vertex 12.9508 13.0922 4.5528
      vertex -12.9508 13.0124 4.60997
      vertex -12.9508 13.0922 4.5528
    endloop
  endfacet
  facet normal 0 -0.93583 0.352452
    outer loop
      vertex -12.9508 12.5052 6.28216
      vertex 12.9508 12.5398 6.37403
      vertex -12.9508 12.5398 6.37403
    endloop
  endfacet
  facet normal 0 -0.93583 0.352452
    outer loop
      vertex 12.9508 12.5398 6.37403
      vertex -12.9508 12.5052 6.28216
      vertex 12.9508 12.5052 6.28216
    endloop
  endfacet
  facet normal 0 -0.634774 0.772698
    outer loop
      vertex -12.9508 13.0124 6.99003
      vertex 12.9508 12.9366 6.92776
      vertex 12.9508 13.0124 6.99003
    endloop
  endfacet
  facet normal 0 -0.634774 0.772698
    outer loop
      vertex 12.9508 12.9366 6.92776
      vertex -12.9508 13.0124 6.99003
      vertex -12.9508 12.9366 6.92776
    endloop
  endfacet
  facet normal -0 0.956922 0.290347
    outer loop
      vertex -12.9508 15.3745 6.18823
      vertex -12.8102 15.346 6.28216
      vertex -12.7755 15.3745 6.18823
    endloop
  endfacet
  facet normal 0 0.956922 0.290347
    outer loop
      vertex -12.8102 15.346 6.28216
      vertex -12.9508 15.3745 6.18823
      vertex -12.9508 15.346 6.28216
    endloop
  endfacet
  facet normal 0 0.956922 0.290347
    outer loop
      vertex 12.9508 15.3745 6.18823
      vertex 12.8102 15.346 6.28216
      vertex 12.9508 15.346 6.28216
    endloop
  endfacet
  facet normal 0 0.956922 0.290347
    outer loop
      vertex 12.8102 15.346 6.28216
      vertex 12.9508 15.3745 6.18823
      vertex 12.7755 15.3745 6.18823
    endloop
  endfacet
  facet normal 0 0.956922 0.290347
    outer loop
      vertex 12.4508 15.3745 6.18823
      vertex -12.4508 15.346 6.28216
      vertex 12.4508 15.346 6.28216
    endloop
  endfacet
  facet normal 0 0.956922 0.290347
    outer loop
      vertex -12.4508 15.346 6.28216
      vertex 12.4508 15.3745 6.18823
      vertex -12.4508 15.3745 6.18823
    endloop
  endfacet
  facet normal -0 0.412736 0.910851
    outer loop
      vertex -12.4508 14.589 7.14531
      vertex 12.4508 14.4996 7.18582
      vertex 12.4508 14.589 7.14531
    endloop
  endfacet
  facet normal 0 0.412736 0.910851
    outer loop
      vertex 12.4508 14.4996 7.18582
      vertex -12.4508 14.589 7.14531
      vertex -12.4508 14.4996 7.18582
    endloop
  endfacet
  facet normal 2.45523e-05 -0.471235 0.882008
    outer loop
      vertex 12.8886 13.2622 7.14531
      vertex 12.9508 13.1756 7.09904
      vertex 12.9508 13.2039 7.11416
    endloop
  endfacet
  facet normal 0 -0.471249 0.882
    outer loop
      vertex -12.8886 13.2622 7.14531
      vertex 12.9508 13.1756 7.09904
      vertex 12.8886 13.2622 7.14531
    endloop
  endfacet
  facet normal -2.45523e-05 -0.471235 0.882008
    outer loop
      vertex -12.9508 13.1756 7.09904
      vertex -12.8886 13.2622 7.14531
      vertex -12.9508 13.2039 7.11416
    endloop
  endfacet
  facet normal 0 -0.471249 0.882
    outer loop
      vertex -12.8886 13.2622 7.14531
      vertex -12.9508 13.1756 7.09904
      vertex 12.9508 13.1756 7.09904
    endloop
  endfacet
  facet normal -0 0.93583 0.352452
    outer loop
      vertex -12.9508 15.346 6.28216
      vertex -12.8523 15.3114 6.37403
      vertex -12.8102 15.346 6.28216
    endloop
  endfacet
  facet normal 0 0.93583 0.352452
    outer loop
      vertex -12.8523 15.3114 6.37403
      vertex -12.9508 15.346 6.28216
      vertex -12.9508 15.3114 6.37403
    endloop
  endfacet
  facet normal 0 0.93583 0.352452
    outer loop
      vertex 12.9508 15.346 6.28216
      vertex 12.8523 15.3114 6.37403
      vertex 12.9508 15.3114 6.37403
    endloop
  endfacet
  facet normal 0 0.93583 0.352452
    outer loop
      vertex 12.8523 15.3114 6.37403
      vertex 12.9508 15.346 6.28216
      vertex 12.8102 15.346 6.28216
    endloop
  endfacet
  facet normal 0 0.93583 0.352452
    outer loop
      vertex 12.4508 15.346 6.28216
      vertex -12.4508 15.3114 6.37403
      vertex 12.4508 15.3114 6.37403
    endloop
  endfacet
  facet normal 0 0.93583 0.352452
    outer loop
      vertex -12.4508 15.3114 6.37403
      vertex 12.4508 15.346 6.28216
      vertex -12.4508 15.346 6.28216
    endloop
  endfacet
  facet normal 0 -0.995206 -0.097799
    outer loop
      vertex -12.9508 12.4384 5.60421
      vertex 12.9508 12.4288 5.7019
      vertex -12.9508 12.4288 5.7019
    endloop
  endfacet
  facet normal 0 -0.995206 -0.097799
    outer loop
      vertex 12.9508 12.4288 5.7019
      vertex -12.9508 12.4384 5.60421
      vertex 12.9508 12.4384 5.60421
    endloop
  endfacet
  facet normal 0 -0.412736 0.910851
    outer loop
      vertex -12.7931 13.3516 7.18582
      vertex 12.8886 13.2622 7.14531
      vertex 12.7931 13.3516 7.18582
    endloop
  endfacet
  facet normal 0 -0.412736 0.910851
    outer loop
      vertex 12.8886 13.2622 7.14531
      vertex -12.7931 13.3516 7.18582
      vertex -12.8886 13.2622 7.14531
    endloop
  endfacet
  facet normal 0 -0.956922 -0.290347
    outer loop
      vertex -12.9508 12.5052 5.31784
      vertex 12.9508 12.4767 5.41177
      vertex -12.9508 12.4767 5.41177
    endloop
  endfacet
  facet normal 0 -0.956922 -0.290347
    outer loop
      vertex 12.9508 12.4767 5.41177
      vertex -12.9508 12.5052 5.31784
      vertex 12.9508 12.5052 5.31784
    endloop
  endfacet
  facet normal 0 0.729855 -0.683602
    outer loop
      vertex 12.4508 14.9862 4.73934
      vertex -12.4508 15.0533 4.81098
      vertex 12.4508 15.0533 4.81098
    endloop
  endfacet
  facet normal 0 0.729855 -0.683602
    outer loop
      vertex -12.4508 15.0533 4.81098
      vertex 12.4508 14.9862 4.73934
      vertex -12.4508 14.9862 4.73934
    endloop
  endfacet
  facet normal 0 -0.683297 0.73014
    outer loop
      vertex -12.9508 12.9366 6.92776
      vertex 12.9508 12.8649 6.86066
      vertex 12.9508 12.9366 6.92776
    endloop
  endfacet
  facet normal 0 -0.683297 0.73014
    outer loop
      vertex 12.9508 12.8649 6.86066
      vertex -12.9508 12.9366 6.92776
      vertex -12.9508 12.8649 6.86066
    endloop
  endfacet
  facet normal -0 0.290338 0.956924
    outer loop
      vertex -12.4508 14.4077 7.2204
      vertex 12.4508 14.3138 7.24889
      vertex 12.4508 14.4077 7.2204
    endloop
  endfacet
  facet normal 0 0.290338 0.956924
    outer loop
      vertex 12.4508 14.3138 7.24889
      vertex -12.4508 14.4077 7.2204
      vertex -12.4508 14.3138 7.24889
    endloop
  endfacet
  facet normal 0 0.849369 0.527799
    outer loop
      vertex 12.4508 15.2246 6.55
      vertex -12.4508 15.1728 6.63336
      vertex 12.4508 15.1728 6.63336
    endloop
  endfacet
  facet normal 0 0.849369 0.527799
    outer loop
      vertex -12.4508 15.1728 6.63336
      vertex 12.4508 15.2246 6.55
      vertex -12.4508 15.2246 6.55
    endloop
  endfacet
  facet normal -0 0.227069 0.973879
    outer loop
      vertex -12.4508 14.3138 7.24889
      vertex 12.4508 14.2182 7.27118
      vertex 12.4508 14.3138 7.24889
    endloop
  endfacet
  facet normal 0 0.227069 0.973879
    outer loop
      vertex 12.4508 14.2182 7.27118
      vertex -12.4508 14.3138 7.24889
      vertex -12.4508 14.2182 7.27118
    endloop
  endfacet
  facet normal -0 0.162977 0.98663
    outer loop
      vertex -12.4508 14.2182 7.27118
      vertex 12.4508 14.1214 7.28717
      vertex 12.4508 14.2182 7.27118
    endloop
  endfacet
  facet normal 0 0.162977 0.98663
    outer loop
      vertex 12.4508 14.1214 7.28717
      vertex -12.4508 14.2182 7.27118
      vertex -12.4508 14.1214 7.28717
    endloop
  endfacet
  facet normal 0 0.8127 0.582683
    outer loop
      vertex 12.4508 15.1728 6.63336
      vertex -12.4508 15.1156 6.71314
      vertex 12.4508 15.1156 6.71314
    endloop
  endfacet
  facet normal 0 0.8127 0.582683
    outer loop
      vertex -12.4508 15.1156 6.71314
      vertex 12.4508 15.1728 6.63336
      vertex -12.4508 15.1728 6.63336
    endloop
  endfacet
  facet normal 0 0.634274 -0.773108
    outer loop
      vertex -12.4508 14.8387 4.60997
      vertex 12.4508 14.9146 4.67224
      vertex 12.4508 14.8387 4.60997
    endloop
  endfacet
  facet normal 0 0.634274 -0.773108
    outer loop
      vertex 12.4508 14.9146 4.67224
      vertex -12.4508 14.8387 4.60997
      vertex -12.4508 14.9146 4.67224
    endloop
  endfacet
  facet normal -0 0.352172 0.935935
    outer loop
      vertex -12.4508 14.4996 7.18582
      vertex 12.4508 14.4077 7.2204
      vertex 12.4508 14.4996 7.18582
    endloop
  endfacet
  facet normal 0 0.352172 0.935935
    outer loop
      vertex 12.4508 14.4077 7.2204
      vertex -12.4508 14.4996 7.18582
      vertex -12.4508 14.4077 7.2204
    endloop
  endfacet
  facet normal 0 -0.973856 -0.227165
    outer loop
      vertex -12.9508 12.4767 5.41177
      vertex 12.9508 12.4544 5.50737
      vertex -12.9508 12.4544 5.50737
    endloop
  endfacet
  facet normal 0 -0.973856 -0.227165
    outer loop
      vertex 12.9508 12.4544 5.50737
      vertex -12.9508 12.4767 5.41177
      vertex 12.9508 12.4767 5.41177
    endloop
  endfacet
  facet normal 0 0.729855 0.683602
    outer loop
      vertex 12.4508 15.0533 6.78902
      vertex -12.4508 14.9862 6.86066
      vertex 12.4508 14.9862 6.86066
    endloop
  endfacet
  facet normal 0 0.729855 0.683602
    outer loop
      vertex -12.4508 14.9862 6.86066
      vertex 12.4508 15.0533 6.78902
      vertex -12.4508 15.0533 6.78902
    endloop
  endfacet
  facet normal -0 0.995205 0.0978089
    outer loop
      vertex -12.9508 15.4224 5.89811
      vertex -12.7288 15.4128 5.99579
      vertex -12.7171 15.4224 5.89811
    endloop
  endfacet
  facet normal 0 0.995205 0.0978089
    outer loop
      vertex -12.7288 15.4128 5.99579
      vertex -12.9508 15.4224 5.89811
      vertex -12.9508 15.4128 5.99579
    endloop
  endfacet
  facet normal 0 0.995205 0.0978089
    outer loop
      vertex 12.9508 15.4224 5.89811
      vertex 12.7288 15.4128 5.99579
      vertex 12.9508 15.4128 5.99579
    endloop
  endfacet
  facet normal 0 0.995205 0.0978089
    outer loop
      vertex 12.7288 15.4128 5.99579
      vertex 12.9508 15.4224 5.89811
      vertex 12.7171 15.4224 5.89811
    endloop
  endfacet
  facet normal 0 0.995205 0.0978089
    outer loop
      vertex 12.4508 15.4224 5.89811
      vertex -12.4508 15.4128 5.99579
      vertex 12.4508 15.4128 5.99579
    endloop
  endfacet
  facet normal 0 0.995205 0.0978089
    outer loop
      vertex -12.4508 15.4128 5.99579
      vertex 12.4508 15.4224 5.89811
      vertex -12.4508 15.4224 5.89811
    endloop
  endfacet
  facet normal 0 0.772876 0.634557
    outer loop
      vertex 12.4508 15.1156 6.71314
      vertex -12.4508 15.0533 6.78902
      vertex 12.4508 15.0533 6.78902
    endloop
  endfacet
  facet normal 0 0.772876 0.634557
    outer loop
      vertex -12.4508 15.0533 6.78902
      vertex 12.4508 15.1156 6.71314
      vertex -12.4508 15.1156 6.71314
    endloop
  endfacet
  facet normal 0 -0.986627 0.162995
    outer loop
      vertex -12.9508 12.4384 5.99579
      vertex 12.9508 12.4544 6.09264
      vertex -12.9508 12.4544 6.09264
    endloop
  endfacet
  facet normal 0 -0.986627 0.162995
    outer loop
      vertex 12.9508 12.4544 6.09264
      vertex -12.9508 12.4384 5.99579
      vertex 12.9508 12.4384 5.99579
    endloop
  endfacet
  facet normal 0 -0.995205 0.0978089
    outer loop
      vertex -12.9508 12.4288 5.89811
      vertex 12.9508 12.4384 5.99579
      vertex -12.9508 12.4384 5.99579
    endloop
  endfacet
  facet normal 0 -0.995205 0.0978089
    outer loop
      vertex 12.9508 12.4384 5.99579
      vertex -12.9508 12.4288 5.89811
      vertex 12.9508 12.4288 5.89811
    endloop
  endfacet
  facet normal 0 0.812734 -0.582634
    outer loop
      vertex 12.4508 15.1156 4.88686
      vertex -12.4508 15.1728 4.96665
      vertex 12.4508 15.1728 4.96665
    endloop
  endfacet
  facet normal 0 0.812734 -0.582634
    outer loop
      vertex -12.4508 15.1728 4.96665
      vertex 12.4508 15.1156 4.88686
      vertex -12.4508 15.1156 4.88686
    endloop
  endfacet
  facet normal 0 0.973856 -0.227165
    outer loop
      vertex -12.7755 15.3745 5.41177
      vertex -12.9508 15.3968 5.50737
      vertex -12.7483 15.3968 5.50737
    endloop
  endfacet
  facet normal 0 0.973856 -0.227165
    outer loop
      vertex -12.9508 15.3968 5.50737
      vertex -12.7755 15.3745 5.41177
      vertex -12.9508 15.3745 5.41177
    endloop
  endfacet
  facet normal 0 0.973856 -0.227165
    outer loop
      vertex 12.7755 15.3745 5.41177
      vertex 12.9508 15.3968 5.50737
      vertex 12.9508 15.3745 5.41177
    endloop
  endfacet
  facet normal 0 0.973856 -0.227165
    outer loop
      vertex 12.9508 15.3968 5.50737
      vertex 12.7755 15.3745 5.41177
      vertex 12.7483 15.3968 5.50737
    endloop
  endfacet
  facet normal 0 0.973856 -0.227165
    outer loop
      vertex 12.4508 15.3745 5.41177
      vertex -12.4508 15.3968 5.50737
      vertex 12.4508 15.3968 5.50737
    endloop
  endfacet
  facet normal 0 0.973856 -0.227165
    outer loop
      vertex -12.4508 15.3968 5.50737
      vertex 12.4508 15.3745 5.41177
      vertex -12.4508 15.3745 5.41177
    endloop
  endfacet
  facet normal 0 0.849341 -0.527845
    outer loop
      vertex 12.4508 15.1728 4.96665
      vertex -12.4508 15.2246 5.05
      vertex 12.4508 15.2246 5.05
    endloop
  endfacet
  facet normal 0 0.849341 -0.527845
    outer loop
      vertex -12.4508 15.2246 5.05
      vertex 12.4508 15.1728 4.96665
      vertex -12.4508 15.1728 4.96665
    endloop
  endfacet
  facet normal 0 0.910906 -0.412613
    outer loop
      vertex -12.9017 15.2709 5.13657
      vertex -12.9508 15.3114 5.22598
      vertex -12.8523 15.3114 5.22598
    endloop
  endfacet
  facet normal 0 0.910906 -0.412613
    outer loop
      vertex -12.9508 15.3114 5.22598
      vertex -12.9017 15.2709 5.13657
      vertex -12.9508 15.2709 5.13657
    endloop
  endfacet
  facet normal 0 0.910906 -0.412613
    outer loop
      vertex 12.9017 15.2709 5.13657
      vertex 12.9508 15.3114 5.22598
      vertex 12.9508 15.2709 5.13657
    endloop
  endfacet
  facet normal 0 0.910906 -0.412613
    outer loop
      vertex 12.9508 15.3114 5.22598
      vertex 12.9017 15.2709 5.13657
      vertex 12.8523 15.3114 5.22598
    endloop
  endfacet
  facet normal 0 0.910906 -0.412613
    outer loop
      vertex 12.4508 15.2709 5.13657
      vertex -12.4508 15.3114 5.22598
      vertex 12.4508 15.3114 5.22598
    endloop
  endfacet
  facet normal 0 0.910906 -0.412613
    outer loop
      vertex -12.4508 15.3114 5.22598
      vertex 12.4508 15.2709 5.13657
      vertex -12.4508 15.2709 5.13657
    endloop
  endfacet
  facet normal 0 0.772876 -0.634557
    outer loop
      vertex 12.4508 15.0533 4.81098
      vertex -12.4508 15.1156 4.88686
      vertex 12.4508 15.1156 4.88686
    endloop
  endfacet
  facet normal 0 0.772876 -0.634557
    outer loop
      vertex -12.4508 15.1156 4.88686
      vertex 12.4508 15.0533 4.81098
      vertex -12.4508 15.0533 4.81098
    endloop
  endfacet
  facet normal 0.688803 0.160604 -0.706935
    outer loop
      vertex 19.0272 3.78475 0
      vertex 18.7438 5.0002 0
      vertex 19.6157 3.90181 0.6
    endloop
  endfacet
  facet normal -0.291923 -0.644259 -0.706902
    outer loop
      vertex -7.65367 -18.4776 0.6
      vertex -8.56086 -17.4082 0
      vertex -7.42406 -17.9233 0
    endloop
  endfacet
  facet normal -0.249137 -0.661982 -0.706902
    outer loop
      vertex -6.256 -18.3629 0
      vertex -7.65367 -18.4776 0.6
      vertex -7.42406 -17.9233 0
    endloop
  endfacet
  facet normal 0.706918 -0.0231223 -0.706918
    outer loop
      vertex 20 0 0.6
      vertex 19.3592 -1.24738 0
      vertex 19.4 0 0
    endloop
  endfacet
  facet normal 0.706926 -0.0231308 -0.706909
    outer loop
      vertex 19.9572 -1.30806 0.6
      vertex 19.3592 -1.24738 0
      vertex 20 0 0.6
    endloop
  endfacet
  facet normal 0.70693 -0.0230807 -0.706907
    outer loop
      vertex 19.3592 -1.24738 0
      vertex 19.9572 -1.30806 0.6
      vertex 19.3585 -1.26882 0
    endloop
  endfacet
  facet normal -0.661982 0.249137 -0.706902
    outer loop
      vertex -18.3629 6.256 0
      vertex -18.4776 7.65367 0.6
      vertex -17.9233 7.42406 0
    endloop
  endfacet
  facet normal 0.60061 0.373476 -0.706953
    outer loop
      vertex 16.1418 10.7598 0
      vertex 16.6294 11.1114 0.6
      vertex 17.3205 10 0.6
    endloop
  endfacet
  facet normal 0.601845 0.371631 -0.706875
    outer loop
      vertex 16.6294 11.1114 0.6
      vertex 16.1418 10.7598 0
      vertex 16.1305 10.7781 0
    endloop
  endfacet
  facet normal -0.70693 0.0230807 -0.706907
    outer loop
      vertex -19.3592 1.24738 0
      vertex -19.9572 1.30806 0.6
      vertex -19.3585 1.26882 0
    endloop
  endfacet
  facet normal -0.706926 0.0231308 -0.706909
    outer loop
      vertex -19.9572 1.30806 0.6
      vertex -19.3592 1.24738 0
      vertex -20 0 0.6
    endloop
  endfacet
  facet normal -0.644259 -0.291923 -0.706902
    outer loop
      vertex -17.4082 -8.56086 0
      vertex -18.4776 -7.65367 0.6
      vertex -17.9233 -7.42406 0
    endloop
  endfacet
  facet normal 0.115216 0.697827 -0.706939
    outer loop
      vertex 2.55338 19.2305 0
      vertex 2.61052 19.8289 0.6
      vertex 3.90181 19.6157 0.6
    endloop
  endfacet
  facet normal 0.115367 0.697808 -0.706934
    outer loop
      vertex 2.61052 19.8289 0.6
      vertex 2.55338 19.2305 0
      vertex 2.53221 19.234 0
    endloop
  endfacet
  facet normal 0.0693672 0.703896 -0.706908
    outer loop
      vertex 2.51086 19.2361 0
      vertex 1.26882 19.3585 0
      vertex 1.30806 19.9572 0.6
    endloop
  endfacet
  facet normal -0.623751 -0.333387 -0.706956
    outer loop
      vertex -16.811 -9.68108 0
      vertex -17.9375 -8.84577 0.6
      vertex -17.3993 -8.5804 0
    endloop
  endfacet
  facet normal 0.688803 -0.160604 -0.706935
    outer loop
      vertex 19.6157 -3.90181 0.6
      vertex 18.7438 -5.0002 0
      vertex 19.0272 -3.78475 0
    endloop
  endfacet
  facet normal -0.115213 0.697832 -0.706935
    outer loop
      vertex -3.78475 19.0272 0
      vertex -3.90181 19.6157 0.6
      vertex -2.55338 19.2305 0
    endloop
  endfacet
  facet normal 0.676243 0.207517 -0.706847
    outer loop
      vertex 18.7327 5.04162 0
      vertex 19.3185 5.17638 0.6
      vertex 18.739 5.02109 0
    endloop
  endfacet
  facet normal 0.676833 0.205307 -0.706927
    outer loop
      vertex 19.3185 5.17638 0.6
      vertex 18.7327 5.04162 0
      vertex 18.9386 6.42879 0.6
    endloop
  endfacet
  facet normal -0.697808 0.115367 -0.706934
    outer loop
      vertex -19.8289 2.61052 0.6
      vertex -19.2305 2.55338 0
      vertex -19.234 2.53221 0
    endloop
  endfacet
  facet normal -0.697827 0.115216 -0.706939
    outer loop
      vertex -19.2305 2.55338 0
      vertex -19.8289 2.61052 0.6
      vertex -19.6157 3.90181 0.6
    endloop
  endfacet
  facet normal -0.703896 0.0693672 -0.706908
    outer loop
      vertex -19.3585 1.26882 0
      vertex -19.9572 1.30806 0.6
      vertex -19.2361 2.51086 0
    endloop
  endfacet
  facet normal 0.644244 0.291885 -0.706932
    outer loop
      vertex 17.4082 8.56086 0
      vertex 17.9375 8.84577 0.6
      vertex 18.4776 7.65367 0.6
    endloop
  endfacet
  facet normal 0.643616 0.293152 -0.70698
    outer loop
      vertex 17.9375 8.84577 0.6
      vertex 17.4082 8.56086 0
      vertex 17.3993 8.5804 0
    endloop
  endfacet
  facet normal -0.644259 0.291923 -0.706902
    outer loop
      vertex -17.9233 7.42406 0
      vertex -18.4776 7.65367 0.6
      vertex -17.4082 8.56086 0
    endloop
  endfacet
  facet normal -0.249137 0.661982 -0.706902
    outer loop
      vertex -7.42406 17.9233 0
      vertex -7.65367 18.4776 0.6
      vertex -6.256 18.3629 0
    endloop
  endfacet
  facet normal 0.697832 -0.115213 -0.706935
    outer loop
      vertex 19.6157 -3.90181 0.6
      vertex 19.0272 -3.78475 0
      vertex 19.2305 -2.55338 0
    endloop
  endfacet
  facet normal -0.697827 -0.115216 -0.706939
    outer loop
      vertex -19.8289 -2.61052 0.6
      vertex -19.2305 -2.55338 0
      vertex -19.6157 -3.90181 0.6
    endloop
  endfacet
  facet normal -0.697808 -0.115367 -0.706934
    outer loop
      vertex -19.2305 -2.55338 0
      vertex -19.8289 -2.61052 0.6
      vertex -19.234 -2.53221 0
    endloop
  endfacet
  facet normal -0.448752 -0.546743 -0.70689
    outer loop
      vertex -12.1752 -15.8671 0.6
      vertex -12.7747 -14.5993 0
      vertex -11.81 -15.3911 0
    endloop
  endfacet
  facet normal -0.662501 0.247571 -0.706966
    outer loop
      vertex -18.9386 6.42879 0.6
      vertex -18.3629 6.256 0
      vertex -18.3704 6.23593 0
    endloop
  endfacet
  facet normal -0.661971 0.249142 -0.70691
    outer loop
      vertex -18.3629 6.256 0
      vertex -18.9386 6.42879 0.6
      vertex -18.4776 7.65367 0.6
    endloop
  endfacet
  facet normal -0.373476 -0.60061 -0.706953
    outer loop
      vertex -11.1114 -16.6294 0.6
      vertex -10.7598 -16.1418 0
      vertex -10 -17.3205 0.6
    endloop
  endfacet
  facet normal -0.371631 -0.601845 -0.706875
    outer loop
      vertex -10.7598 -16.1418 0
      vertex -11.1114 -16.6294 0.6
      vertex -10.7781 -16.1305 0
    endloop
  endfacet
  facet normal 0.703868 -0.0693352 -0.706938
    outer loop
      vertex 19.8289 -2.61052 0.6
      vertex 19.2361 -2.51086 0
      vertex 19.9572 -1.30806 0.6
    endloop
  endfacet
  facet normal 0.703882 -0.0692343 -0.706935
    outer loop
      vertex 19.2361 -2.51086 0
      vertex 19.8289 -2.61052 0.6
      vertex 19.234 -2.53221 0
    endloop
  endfacet
  facet normal 0.205307 0.676833 -0.706927
    outer loop
      vertex 5.04162 18.7327 0
      vertex 5.17638 19.3185 0.6
      vertex 6.42879 18.9386 0.6
    endloop
  endfacet
  facet normal 0.207517 0.676243 -0.706847
    outer loop
      vertex 5.17638 19.3185 0.6
      vertex 5.04162 18.7327 0
      vertex 5.02109 18.739 0
    endloop
  endfacet
  facet normal 0.661971 -0.249142 -0.70691
    outer loop
      vertex 18.3629 -6.256 0
      vertex 18.9386 -6.42879 0.6
      vertex 18.4776 -7.65367 0.6
    endloop
  endfacet
  facet normal 0.662501 -0.247571 -0.706966
    outer loop
      vertex 18.9386 -6.42879 0.6
      vertex 18.3629 -6.256 0
      vertex 18.3704 -6.23593 0
    endloop
  endfacet
  facet normal -0.688803 0.160604 -0.706935
    outer loop
      vertex -19.0272 3.78475 0
      vertex -19.6157 3.90181 0.6
      vertex -18.7438 5.0002 0
    endloop
  endfacet
  facet normal 0.528176 0.849135 0
    outer loop
      vertex 10.5 16.3034 9.03702e-07
      vertex 10.7598 16.1418 0
      vertex 10.5 16.3034 0
    endloop
  endfacet
  facet normal 0.373609 0.600645 -0.706854
    outer loop
      vertex 10.5 16.3034 9.03702e-07
      vertex 10 17.3205 0.6
      vertex 10.7598 16.1418 0
    endloop
  endfacet
  facet normal 0.373594 0.600643 -0.706863
    outer loop
      vertex 10.3799 16.3781 0
      vertex 10 17.3205 0.6
      vertex 10.5 16.3034 9.03702e-07
    endloop
  endfacet
  facet normal 0.373511 0.60064 -0.70691
    outer loop
      vertex 10 17.3205 0.6
      vertex 10.3799 16.3781 0
      vertex 9.7 16.8009 0
    endloop
  endfacet
  facet normal 0.371631 0.601845 -0.706875
    outer loop
      vertex 10.7598 16.1418 0
      vertex 11.1114 16.6294 0.6
      vertex 10.7781 16.1305 0
    endloop
  endfacet
  facet normal 0.373476 0.60061 -0.706953
    outer loop
      vertex 11.1114 16.6294 0.6
      vertex 10.7598 16.1418 0
      vertex 10 17.3205 0.6
    endloop
  endfacet
  facet normal -0.448706 -0.546737 -0.706924
    outer loop
      vertex -13.1869 -15.0368 0.6
      vertex -12.7747 -14.5993 0
      vertex -12.1752 -15.8671 0.6
    endloop
  endfacet
  facet normal -0.448255 -0.547134 -0.706903
    outer loop
      vertex -12.7747 -14.5993 0
      vertex -13.1869 -15.0368 0.6
      vertex -12.7913 -14.5857 0
    endloop
  endfacet
  facet normal 0.688809 0.160614 -0.706926
    outer loop
      vertex 18.7438 5.0002 0
      vertex 19.3185 5.17638 0.6
      vertex 19.6157 3.90181 0.6
    endloop
  endfacet
  facet normal 0.689402 0.158407 -0.706846
    outer loop
      vertex 19.3185 5.17638 0.6
      vertex 18.7438 5.0002 0
      vertex 18.739 5.02109 0
    endloop
  endfacet
  facet normal 0.574449 -0.412679 -0.706898
    outer loop
      vertex 16.6294 -11.1114 0.6
      vertex 16.118 -10.7955 0
      vertex 16.1305 -10.7781 0
    endloop
  endfacet
  facet normal 0.574918 -0.411976 -0.706927
    outer loop
      vertex 16.118 -10.7955 0
      vertex 16.6294 -11.1114 0.6
      vertex 15.8671 -12.1752 0.6
    endloop
  endfacet
  facet normal -0.371631 0.601845 -0.706875
    outer loop
      vertex -11.1114 16.6294 0.6
      vertex -10.7598 16.1418 0
      vertex -10.7781 16.1305 0
    endloop
  endfacet
  facet normal -0.373476 0.60061 -0.706953
    outer loop
      vertex -10.7598 16.1418 0
      vertex -11.1114 16.6294 0.6
      vertex -10 17.3205 0.6
    endloop
  endfacet
  facet normal 0.205316 0.676816 -0.706941
    outer loop
      vertex 6.23593 18.3704 0
      vertex 5.04162 18.7327 0
      vertex 6.42879 18.9386 0.6
    endloop
  endfacet
  facet normal 0.411976 -0.574918 -0.706927
    outer loop
      vertex 11.1114 -16.6294 0.6
      vertex 10.7955 -16.118 0
      vertex 12.1752 -15.8671 0.6
    endloop
  endfacet
  facet normal 0.412679 -0.574449 -0.706898
    outer loop
      vertex 10.7955 -16.118 0
      vertex 11.1114 -16.6294 0.6
      vertex 10.7781 -16.1305 0
    endloop
  endfacet
  facet normal 0.697827 -0.115216 -0.706939
    outer loop
      vertex 19.2305 -2.55338 0
      vertex 19.8289 -2.61052 0.6
      vertex 19.6157 -3.90181 0.6
    endloop
  endfacet
  facet normal 0.697808 -0.115367 -0.706934
    outer loop
      vertex 19.8289 -2.61052 0.6
      vertex 19.2305 -2.55338 0
      vertex 19.234 -2.53221 0
    endloop
  endfacet
  facet normal 0.676816 -0.205316 -0.706941
    outer loop
      vertex 18.9386 -6.42879 0.6
      vertex 18.3704 -6.23593 0
      vertex 18.7327 -5.04162 0
    endloop
  endfacet
  facet normal -0.0693672 0.703896 -0.706908
    outer loop
      vertex -1.26882 19.3585 0
      vertex -2.51086 19.2361 0
      vertex -1.30806 19.9572 0.6
    endloop
  endfacet
  facet normal -0.411969 -0.574966 -0.706892
    outer loop
      vertex -10.7955 -16.118 0
      vertex -12.1752 -15.8671 0.6
      vertex -11.81 -15.3911 0
    endloop
  endfacet
  facet normal 0.546737 0.448706 -0.706924
    outer loop
      vertex 14.5993 12.7747 0
      vertex 15.0368 13.1869 0.6
      vertex 15.8671 12.1752 0.6
    endloop
  endfacet
  facet normal 0.547134 0.448255 -0.706903
    outer loop
      vertex 15.0368 13.1869 0.6
      vertex 14.5993 12.7747 0
      vertex 14.5857 12.7913 0
    endloop
  endfacet
  facet normal -0.546743 0.448752 -0.70689
    outer loop
      vertex -15.3911 11.81 0
      vertex -15.8671 12.1752 0.6
      vertex -14.5993 12.7747 0
    endloop
  endfacet
  facet normal 0.546743 0.448752 -0.70689
    outer loop
      vertex 15.3911 11.81 0
      vertex 14.5993 12.7747 0
      vertex 15.8671 12.1752 0.6
    endloop
  endfacet
  facet normal -0.411969 0.574966 -0.706892
    outer loop
      vertex -11.81 15.3911 0
      vertex -12.1752 15.8671 0.6
      vertex -10.7955 16.118 0
    endloop
  endfacet
  facet normal -0.160604 -0.688803 -0.706935
    outer loop
      vertex -3.90181 -19.6157 0.6
      vertex -5.0002 -18.7438 0
      vertex -3.78475 -19.0272 0
    endloop
  endfacet
  facet normal -0.448255 0.547134 -0.706903
    outer loop
      vertex -13.1869 15.0368 0.6
      vertex -12.7747 14.5993 0
      vertex -12.7913 14.5857 0
    endloop
  endfacet
  facet normal -0.448706 0.546737 -0.706924
    outer loop
      vertex -12.7747 14.5993 0
      vertex -13.1869 15.0368 0.6
      vertex -12.1752 15.8671 0.6
    endloop
  endfacet
  facet normal -0.706918 0.0231223 -0.706918
    outer loop
      vertex -19.4 0 0
      vertex -20 0 0.6
      vertex -19.3592 1.24738 0
    endloop
  endfacet
  facet normal 0.516308 -0.483423 -0.706915
    outer loop
      vertex 15.0368 -13.1869 0.6
      vertex 14.571 -12.807 0
      vertex 14.5857 -12.7913 0
    endloop
  endfacet
  facet normal 0.51622 -0.483524 -0.70691
    outer loop
      vertex 14.571 -12.807 0
      vertex 15.0368 -13.1869 0.6
      vertex 14.1421 -14.1421 0.6
    endloop
  endfacet
  facet normal 0.0692343 0.703882 -0.706935
    outer loop
      vertex 2.51086 19.2361 0
      vertex 2.61052 19.8289 0.6
      vertex 2.53221 19.234 0
    endloop
  endfacet
  facet normal 0.0693352 0.703868 -0.706938
    outer loop
      vertex 2.61052 19.8289 0.6
      vertex 2.51086 19.2361 0
      vertex 1.30806 19.9572 0.6
    endloop
  endfacet
  facet normal -0.600626 0.373535 -0.706909
    outer loop
      vertex -16.8009 9.7 0
      vertex -17.3205 10 0.6
      vertex -16.1418 10.7598 0
    endloop
  endfacet
  facet normal -0.247571 -0.662501 -0.706966
    outer loop
      vertex -6.42879 -18.9386 0.6
      vertex -6.256 -18.3629 0
      vertex -6.23593 -18.3704 0
    endloop
  endfacet
  facet normal -0.249142 -0.661971 -0.70691
    outer loop
      vertex -6.256 -18.3629 0
      vertex -6.42879 -18.9386 0.6
      vertex -7.65367 -18.4776 0.6
    endloop
  endfacet
  facet normal 0.574449 0.412679 -0.706898
    outer loop
      vertex 16.118 10.7955 0
      vertex 16.6294 11.1114 0.6
      vertex 16.1305 10.7781 0
    endloop
  endfacet
  facet normal 0.574918 0.411976 -0.706927
    outer loop
      vertex 16.6294 11.1114 0.6
      vertex 16.118 10.7955 0
      vertex 15.8671 12.1752 0.6
    endloop
  endfacet
  facet normal 0.546737 -0.448706 -0.706924
    outer loop
      vertex 15.0368 -13.1869 0.6
      vertex 14.5993 -12.7747 0
      vertex 15.8671 -12.1752 0.6
    endloop
  endfacet
  facet normal 0.547134 -0.448255 -0.706903
    outer loop
      vertex 14.5993 -12.7747 0
      vertex 15.0368 -13.1869 0.6
      vertex 14.5857 -12.7913 0
    endloop
  endfacet
  facet normal -0.0692343 0.703882 -0.706935
    outer loop
      vertex -2.61052 19.8289 0.6
      vertex -2.51086 19.2361 0
      vertex -2.53221 19.234 0
    endloop
  endfacet
  facet normal -0.0693352 0.703868 -0.706938
    outer loop
      vertex -2.51086 19.2361 0
      vertex -2.61052 19.8289 0.6
      vertex -1.30806 19.9572 0.6
    endloop
  endfacet
  facet normal 0.249137 -0.661982 -0.706902
    outer loop
      vertex 7.65367 -18.4776 0.6
      vertex 6.256 -18.3629 0
      vertex 7.42406 -17.9233 0
    endloop
  endfacet
  facet normal 0.291923 0.644259 -0.706902
    outer loop
      vertex 8.56086 17.4082 0
      vertex 7.42406 17.9233 0
      vertex 7.65367 18.4776 0.6
    endloop
  endfacet
  facet normal 0.706926 0.0231308 -0.706909
    outer loop
      vertex 19.3592 1.24738 0
      vertex 19.9572 1.30806 0.6
      vertex 20 0 0.6
    endloop
  endfacet
  facet normal 0.70693 0.0230807 -0.706907
    outer loop
      vertex 19.9572 1.30806 0.6
      vertex 19.3592 1.24738 0
      vertex 19.3585 1.26882 0
    endloop
  endfacet
  facet normal 0.706918 0.0231223 -0.706918
    outer loop
      vertex 19.4 0 0
      vertex 19.3592 1.24738 0
      vertex 20 0 0.6
    endloop
  endfacet
  facet normal 0.644259 -0.291923 -0.706902
    outer loop
      vertex 18.4776 -7.65367 0.6
      vertex 17.4082 -8.56086 0
      vertex 17.9233 -7.42406 0
    endloop
  endfacet
  facet normal 0.661982 0.249137 -0.706902
    outer loop
      vertex 18.3629 6.256 0
      vertex 17.9233 7.42406 0
      vertex 18.4776 7.65367 0.6
    endloop
  endfacet
  facet normal -0.516284 0.483524 -0.706864
    outer loop
      vertex -13.7179 13.7179 0
      vertex -14.571 12.807 0
      vertex -14.1421 14.1421 0.6
    endloop
  endfacet
  facet normal -0.0693352 -0.703868 -0.706938
    outer loop
      vertex -2.61052 -19.8289 0.6
      vertex -2.51086 -19.2361 0
      vertex -1.30806 -19.9572 0.6
    endloop
  endfacet
  facet normal -0.0692343 -0.703882 -0.706935
    outer loop
      vertex -2.51086 -19.2361 0
      vertex -2.61052 -19.8289 0.6
      vertex -2.53221 -19.234 0
    endloop
  endfacet
  facet normal -0.676816 -0.205316 -0.706941
    outer loop
      vertex -18.3704 -6.23593 0
      vertex -18.9386 -6.42879 0.6
      vertex -18.7327 -5.04162 0
    endloop
  endfacet
  facet normal -0.676816 0.205316 -0.706941
    outer loop
      vertex -18.7327 5.04162 0
      vertex -18.9386 6.42879 0.6
      vertex -18.3704 6.23593 0
    endloop
  endfacet
  facet normal -0.0231308 -0.706926 -0.706909
    outer loop
      vertex -1.30806 -19.9572 0.6
      vertex -1.24738 -19.3592 0
      vertex 0 -20 0.6
    endloop
  endfacet
  facet normal -0.0230807 -0.70693 -0.706907
    outer loop
      vertex -1.24738 -19.3592 0
      vertex -1.30806 -19.9572 0.6
      vertex -1.26882 -19.3585 0
    endloop
  endfacet
  facet normal 0.0230807 0.70693 -0.706907
    outer loop
      vertex 1.24738 19.3592 0
      vertex 1.30806 19.9572 0.6
      vertex 1.26882 19.3585 0
    endloop
  endfacet
  facet normal 0.0231308 0.706926 -0.706909
    outer loop
      vertex 1.30806 19.9572 0.6
      vertex 1.24738 19.3592 0
      vertex 0 20 0.6
    endloop
  endfacet
  facet normal 0.483524 -0.51622 -0.70691
    outer loop
      vertex 13.1869 -15.0368 0.6
      vertex 12.807 -14.571 0
      vertex 14.1421 -14.1421 0.6
    endloop
  endfacet
  facet normal 0.483423 -0.516308 -0.706915
    outer loop
      vertex 12.807 -14.571 0
      vertex 13.1869 -15.0368 0.6
      vertex 12.7913 -14.5857 0
    endloop
  endfacet
  facet normal 0.249142 0.661971 -0.70691
    outer loop
      vertex 6.256 18.3629 0
      vertex 6.42879 18.9386 0.6
      vertex 7.65367 18.4776 0.6
    endloop
  endfacet
  facet normal 0.247571 0.662501 -0.706966
    outer loop
      vertex 6.42879 18.9386 0.6
      vertex 6.256 18.3629 0
      vertex 6.23593 18.3704 0
    endloop
  endfacet
  facet normal 0.249137 0.661982 -0.706902
    outer loop
      vertex 7.42406 17.9233 0
      vertex 6.256 18.3629 0
      vertex 7.65367 18.4776 0.6
    endloop
  endfacet
  facet normal 0.623751 0.333387 -0.706956
    outer loop
      vertex 17.3993 8.5804 0
      vertex 16.811 9.68108 0
      vertex 17.9375 8.84577 0.6
    endloop
  endfacet
  facet normal -0.483423 0.516308 -0.706915
    outer loop
      vertex -12.807 14.571 0
      vertex -13.1869 15.0368 0.6
      vertex -12.7913 14.5857 0
    endloop
  endfacet
  facet normal -0.483524 0.51622 -0.70691
    outer loop
      vertex -13.1869 15.0368 0.6
      vertex -12.807 14.571 0
      vertex -14.1421 14.1421 0.6
    endloop
  endfacet
  facet normal 0.0693672 -0.703896 -0.706908
    outer loop
      vertex 1.30806 -19.9572 0.6
      vertex 1.26882 -19.3585 0
      vertex 2.51086 -19.2361 0
    endloop
  endfacet
  facet normal 0.293152 -0.643616 -0.70698
    outer loop
      vertex 8.84577 -17.9375 0.6
      vertex 8.56086 -17.4082 0
      vertex 8.5804 -17.3993 0
    endloop
  endfacet
  facet normal 0.291885 -0.644244 -0.706932
    outer loop
      vertex 8.56086 -17.4082 0
      vertex 8.84577 -17.9375 0.6
      vertex 7.65367 -18.4776 0.6
    endloop
  endfacet
  facet normal 0.516284 0.483524 -0.706864
    outer loop
      vertex 14.571 12.807 0
      vertex 13.7179 13.7179 0
      vertex 14.1421 14.1421 0.6
    endloop
  endfacet
  facet normal -0.333091 0.623969 -0.706903
    outer loop
      vertex -10 17.3205 0.6
      vertex -9.68108 16.811 0
      vertex -9.7 16.8009 0
    endloop
  endfacet
  facet normal -0.333439 0.623768 -0.706917
    outer loop
      vertex -9.68108 16.811 0
      vertex -10 17.3205 0.6
      vertex -8.84577 17.9375 0.6
    endloop
  endfacet
  facet normal -0.160604 0.688803 -0.706935
    outer loop
      vertex -3.78475 19.0272 0
      vertex -5.0002 18.7438 0
      vertex -3.90181 19.6157 0.6
    endloop
  endfacet
  facet normal -0.333439 -0.623768 -0.706917
    outer loop
      vertex -10 -17.3205 0.6
      vertex -9.68108 -16.811 0
      vertex -8.84577 -17.9375 0.6
    endloop
  endfacet
  facet normal -0.333091 -0.623969 -0.706903
    outer loop
      vertex -9.68108 -16.811 0
      vertex -10 -17.3205 0.6
      vertex -9.7 -16.8009 0
    endloop
  endfacet
  facet normal -0.115213 -0.697832 -0.706935
    outer loop
      vertex -2.55338 -19.2305 0
      vertex -3.90181 -19.6157 0.6
      vertex -3.78475 -19.0272 0
    endloop
  endfacet
  facet normal -0.689402 -0.158407 -0.706846
    outer loop
      vertex -19.3185 -5.17638 0.6
      vertex -18.7438 -5.0002 0
      vertex -18.739 -5.02109 0
    endloop
  endfacet
  facet normal -0.688809 -0.160614 -0.706926
    outer loop
      vertex -18.7438 -5.0002 0
      vertex -19.3185 -5.17638 0.6
      vertex -19.6157 -3.90181 0.6
    endloop
  endfacet
  facet normal 0.333091 -0.623969 -0.706903
    outer loop
      vertex 10 -17.3205 0.6
      vertex 9.68108 -16.811 0
      vertex 9.7 -16.8009 0
    endloop
  endfacet
  facet normal 0.333439 -0.623768 -0.706917
    outer loop
      vertex 9.68108 -16.811 0
      vertex 10 -17.3205 0.6
      vertex 8.84577 -17.9375 0.6
    endloop
  endfacet
  facet normal 0.600626 0.373535 -0.706909
    outer loop
      vertex 16.8009 9.7 0
      vertex 16.1418 10.7598 0
      vertex 17.3205 10 0.6
    endloop
  endfacet
  facet normal 0.411969 -0.574966 -0.706892
    outer loop
      vertex 12.1752 -15.8671 0.6
      vertex 10.7955 -16.118 0
      vertex 11.81 -15.3911 0
    endloop
  endfacet
  facet normal -0.528176 0.849135 0
    outer loop
      vertex -10.5 16.3034 0
      vertex -10.7598 16.1418 0
      vertex -10.5 16.3034 9.03702e-07
    endloop
  endfacet
  facet normal -0.373511 0.60064 -0.70691
    outer loop
      vertex -10.3799 16.3781 0
      vertex -10 17.3205 0.6
      vertex -9.7 16.8009 0
    endloop
  endfacet
  facet normal -0.373594 0.600643 -0.706863
    outer loop
      vertex -10.5 16.3034 9.03702e-07
      vertex -10 17.3205 0.6
      vertex -10.3799 16.3781 0
    endloop
  endfacet
  facet normal -0.373609 0.600645 -0.706854
    outer loop
      vertex -10 17.3205 0.6
      vertex -10.5 16.3034 9.03702e-07
      vertex -10.7598 16.1418 0
    endloop
  endfacet
  facet normal -0.703882 0.0692343 -0.706935
    outer loop
      vertex -19.2361 2.51086 0
      vertex -19.8289 2.61052 0.6
      vertex -19.234 2.53221 0
    endloop
  endfacet
  facet normal -0.703868 0.0693352 -0.706938
    outer loop
      vertex -19.8289 2.61052 0.6
      vertex -19.2361 2.51086 0
      vertex -19.9572 1.30806 0.6
    endloop
  endfacet
  facet normal -0.661971 -0.249142 -0.70691
    outer loop
      vertex -18.9386 -6.42879 0.6
      vertex -18.3629 -6.256 0
      vertex -18.4776 -7.65367 0.6
    endloop
  endfacet
  facet normal -0.662501 -0.247571 -0.706966
    outer loop
      vertex -18.3629 -6.256 0
      vertex -18.9386 -6.42879 0.6
      vertex -18.3704 -6.23593 0
    endloop
  endfacet
  facet normal 0.644244 -0.291885 -0.706932
    outer loop
      vertex 17.9375 -8.84577 0.6
      vertex 17.4082 -8.56086 0
      vertex 18.4776 -7.65367 0.6
    endloop
  endfacet
  facet normal 0.643616 -0.293152 -0.70698
    outer loop
      vertex 17.4082 -8.56086 0
      vertex 17.9375 -8.84577 0.6
      vertex 17.3993 -8.5804 0
    endloop
  endfacet
  facet normal 0.448752 0.546743 -0.70689
    outer loop
      vertex 12.7747 14.5993 0
      vertex 11.81 15.3911 0
      vertex 12.1752 15.8671 0.6
    endloop
  endfacet
  facet normal -0.412679 -0.574449 -0.706898
    outer loop
      vertex -11.1114 -16.6294 0.6
      vertex -10.7955 -16.118 0
      vertex -10.7781 -16.1305 0
    endloop
  endfacet
  facet normal -0.411976 -0.574918 -0.706927
    outer loop
      vertex -10.7955 -16.118 0
      vertex -11.1114 -16.6294 0.6
      vertex -12.1752 -15.8671 0.6
    endloop
  endfacet
  facet normal -0.0693672 -0.703896 -0.706908
    outer loop
      vertex -1.30806 -19.9572 0.6
      vertex -2.51086 -19.2361 0
      vertex -1.26882 -19.3585 0
    endloop
  endfacet
  facet normal 0.448752 -0.546743 -0.70689
    outer loop
      vertex 12.1752 -15.8671 0.6
      vertex 11.81 -15.3911 0
      vertex 12.7747 -14.5993 0
    endloop
  endfacet
  facet normal 0.516308 0.483423 -0.706915
    outer loop
      vertex 14.571 12.807 0
      vertex 15.0368 13.1869 0.6
      vertex 14.5857 12.7913 0
    endloop
  endfacet
  facet normal 0.51622 0.483524 -0.70691
    outer loop
      vertex 15.0368 13.1869 0.6
      vertex 14.571 12.807 0
      vertex 14.1421 14.1421 0.6
    endloop
  endfacet
  facet normal -0.483423 -0.516308 -0.706915
    outer loop
      vertex -13.1869 -15.0368 0.6
      vertex -12.807 -14.571 0
      vertex -12.7913 -14.5857 0
    endloop
  endfacet
  facet normal -0.483524 -0.51622 -0.70691
    outer loop
      vertex -12.807 -14.571 0
      vertex -13.1869 -15.0368 0.6
      vertex -14.1421 -14.1421 0.6
    endloop
  endfacet
  facet normal -0.483524 0.516284 -0.706864
    outer loop
      vertex -13.7179 13.7179 0
      vertex -14.1421 14.1421 0.6
      vertex -12.807 14.571 0
    endloop
  endfacet
  facet normal 0.448255 -0.547134 -0.706903
    outer loop
      vertex 13.1869 -15.0368 0.6
      vertex 12.7747 -14.5993 0
      vertex 12.7913 -14.5857 0
    endloop
  endfacet
  facet normal 0.448706 -0.546737 -0.706924
    outer loop
      vertex 12.7747 -14.5993 0
      vertex 13.1869 -15.0368 0.6
      vertex 12.1752 -15.8671 0.6
    endloop
  endfacet
  facet normal 0.411976 0.574918 -0.706927
    outer loop
      vertex 10.7955 16.118 0
      vertex 11.1114 16.6294 0.6
      vertex 12.1752 15.8671 0.6
    endloop
  endfacet
  facet normal 0.412679 0.574449 -0.706898
    outer loop
      vertex 11.1114 16.6294 0.6
      vertex 10.7955 16.118 0
      vertex 10.7781 16.1305 0
    endloop
  endfacet
  facet normal 0.644259 0.291923 -0.706902
    outer loop
      vertex 17.9233 7.42406 0
      vertex 17.4082 8.56086 0
      vertex 18.4776 7.65367 0.6
    endloop
  endfacet
  facet normal 0.0692343 -0.703882 -0.706935
    outer loop
      vertex 2.61052 -19.8289 0.6
      vertex 2.51086 -19.2361 0
      vertex 2.53221 -19.234 0
    endloop
  endfacet
  facet normal 0.0693352 -0.703868 -0.706938
    outer loop
      vertex 2.51086 -19.2361 0
      vertex 2.61052 -19.8289 0.6
      vertex 1.30806 -19.9572 0.6
    endloop
  endfacet
  facet normal 0.158407 0.689402 -0.706846
    outer loop
      vertex 5.0002 18.7438 0
      vertex 5.17638 19.3185 0.6
      vertex 5.02109 18.739 0
    endloop
  endfacet
  facet normal 0.160614 0.688809 -0.706926
    outer loop
      vertex 5.17638 19.3185 0.6
      vertex 5.0002 18.7438 0
      vertex 3.90181 19.6157 0.6
    endloop
  endfacet
  facet normal 0.483524 -0.516284 -0.706864
    outer loop
      vertex 14.1421 -14.1421 0.6
      vertex 12.807 -14.571 0
      vertex 13.7179 -13.7179 0
    endloop
  endfacet
  facet normal 0.516284 -0.483524 -0.706864
    outer loop
      vertex 14.1421 -14.1421 0.6
      vertex 13.7179 -13.7179 0
      vertex 14.571 -12.807 0
    endloop
  endfacet
  facet normal 0.0231223 -0.706918 -0.706918
    outer loop
      vertex 0 -20 0.6
      vertex 0 -19.4 0
      vertex 1.24738 -19.3592 0
    endloop
  endfacet
  facet normal 0.676833 -0.205307 -0.706927
    outer loop
      vertex 18.7327 -5.04162 0
      vertex 19.3185 -5.17638 0.6
      vertex 18.9386 -6.42879 0.6
    endloop
  endfacet
  facet normal 0.676243 -0.207517 -0.706847
    outer loop
      vertex 19.3185 -5.17638 0.6
      vertex 18.7327 -5.04162 0
      vertex 18.739 -5.02109 0
    endloop
  endfacet
  facet normal 0.688809 -0.160614 -0.706926
    outer loop
      vertex 19.3185 -5.17638 0.6
      vertex 18.7438 -5.0002 0
      vertex 19.6157 -3.90181 0.6
    endloop
  endfacet
  facet normal 0.689402 -0.158407 -0.706846
    outer loop
      vertex 18.7438 -5.0002 0
      vertex 19.3185 -5.17638 0.6
      vertex 18.739 -5.02109 0
    endloop
  endfacet
  facet normal 0.60061 -0.373476 -0.706953
    outer loop
      vertex 16.6294 -11.1114 0.6
      vertex 16.1418 -10.7598 0
      vertex 17.3205 -10 0.6
    endloop
  endfacet
  facet normal 0.601845 -0.371631 -0.706875
    outer loop
      vertex 16.1418 -10.7598 0
      vertex 16.6294 -11.1114 0.6
      vertex 16.1305 -10.7781 0
    endloop
  endfacet
  facet normal -0.205316 0.676816 -0.706941
    outer loop
      vertex -6.23593 18.3704 0
      vertex -6.42879 18.9386 0.6
      vertex -5.04162 18.7327 0
    endloop
  endfacet
  facet normal 0.661982 -0.249137 -0.706902
    outer loop
      vertex 18.4776 -7.65367 0.6
      vertex 17.9233 -7.42406 0
      vertex 18.3629 -6.256 0
    endloop
  endfacet
  facet normal 0.483524 0.516284 -0.706864
    outer loop
      vertex 13.7179 13.7179 0
      vertex 12.807 14.571 0
      vertex 14.1421 14.1421 0.6
    endloop
  endfacet
  facet normal 0.703896 -0.0693672 -0.706908
    outer loop
      vertex 19.9572 -1.30806 0.6
      vertex 19.2361 -2.51086 0
      vertex 19.3585 -1.26882 0
    endloop
  endfacet
  facet normal 0.371631 -0.601845 -0.706875
    outer loop
      vertex 11.1114 -16.6294 0.6
      vertex 10.7598 -16.1418 0
      vertex 10.7781 -16.1305 0
    endloop
  endfacet
  facet normal 0.373476 -0.60061 -0.706953
    outer loop
      vertex 10.7598 -16.1418 0
      vertex 11.1114 -16.6294 0.6
      vertex 10 -17.3205 0.6
    endloop
  endfacet
  facet normal -0.689402 0.158407 -0.706846
    outer loop
      vertex -18.7438 5.0002 0
      vertex -19.3185 5.17638 0.6
      vertex -18.739 5.02109 0
    endloop
  endfacet
  facet normal -0.688809 0.160614 -0.706926
    outer loop
      vertex -19.3185 5.17638 0.6
      vertex -18.7438 5.0002 0
      vertex -19.6157 3.90181 0.6
    endloop
  endfacet
  facet normal 0.574966 0.411969 -0.706892
    outer loop
      vertex 16.118 10.7955 0
      vertex 15.3911 11.81 0
      vertex 15.8671 12.1752 0.6
    endloop
  endfacet
  facet normal 0.205316 -0.676816 -0.706941
    outer loop
      vertex 6.42879 -18.9386 0.6
      vertex 5.04162 -18.7327 0
      vertex 6.23593 -18.3704 0
    endloop
  endfacet
  facet normal -0.516308 0.483423 -0.706915
    outer loop
      vertex -15.0368 13.1869 0.6
      vertex -14.571 12.807 0
      vertex -14.5857 12.7913 0
    endloop
  endfacet
  facet normal -0.51622 0.483524 -0.70691
    outer loop
      vertex -14.571 12.807 0
      vertex -15.0368 13.1869 0.6
      vertex -14.1421 14.1421 0.6
    endloop
  endfacet
  facet normal -0.115367 0.697808 -0.706934
    outer loop
      vertex -2.55338 19.2305 0
      vertex -2.61052 19.8289 0.6
      vertex -2.53221 19.234 0
    endloop
  endfacet
  facet normal -0.115216 0.697827 -0.706939
    outer loop
      vertex -2.61052 19.8289 0.6
      vertex -2.55338 19.2305 0
      vertex -3.90181 19.6157 0.6
    endloop
  endfacet
  facet normal 0.697832 0.115213 -0.706935
    outer loop
      vertex 19.2305 2.55338 0
      vertex 19.0272 3.78475 0
      vertex 19.6157 3.90181 0.6
    endloop
  endfacet
  facet normal 0.249142 -0.661971 -0.70691
    outer loop
      vertex 6.42879 -18.9386 0.6
      vertex 6.256 -18.3629 0
      vertex 7.65367 -18.4776 0.6
    endloop
  endfacet
  facet normal 0.247571 -0.662501 -0.706966
    outer loop
      vertex 6.256 -18.3629 0
      vertex 6.42879 -18.9386 0.6
      vertex 6.23593 -18.3704 0
    endloop
  endfacet
  facet normal 0.160604 0.688803 -0.706935
    outer loop
      vertex 5.0002 18.7438 0
      vertex 3.78475 19.0272 0
      vertex 3.90181 19.6157 0.6
    endloop
  endfacet
  facet normal -0.623751 0.333387 -0.706956
    outer loop
      vertex -17.3993 8.5804 0
      vertex -17.9375 8.84577 0.6
      vertex -16.811 9.68108 0
    endloop
  endfacet
  facet normal -0.0231223 -0.706918 -0.706918
    outer loop
      vertex 0 -20 0.6
      vertex -1.24738 -19.3592 0
      vertex 0 -19.4 0
    endloop
  endfacet
  facet normal -0.0230807 0.70693 -0.706907
    outer loop
      vertex -1.30806 19.9572 0.6
      vertex -1.24738 19.3592 0
      vertex -1.26882 19.3585 0
    endloop
  endfacet
  facet normal -0.0231308 0.706926 -0.706909
    outer loop
      vertex -1.24738 19.3592 0
      vertex -1.30806 19.9572 0.6
      vertex 0 20 0.6
    endloop
  endfacet
  facet normal -0.643616 0.293152 -0.70698
    outer loop
      vertex -17.4082 8.56086 0
      vertex -17.9375 8.84577 0.6
      vertex -17.3993 8.5804 0
    endloop
  endfacet
  facet normal -0.644244 0.291885 -0.706932
    outer loop
      vertex -17.9375 8.84577 0.6
      vertex -17.4082 8.56086 0
      vertex -18.4776 7.65367 0.6
    endloop
  endfacet
  facet normal -0.205316 -0.676816 -0.706941
    outer loop
      vertex -5.04162 -18.7327 0
      vertex -6.42879 -18.9386 0.6
      vertex -6.23593 -18.3704 0
    endloop
  endfacet
  facet normal -0.676243 0.207517 -0.706847
    outer loop
      vertex -19.3185 5.17638 0.6
      vertex -18.7327 5.04162 0
      vertex -18.739 5.02109 0
    endloop
  endfacet
  facet normal -0.676833 0.205307 -0.706927
    outer loop
      vertex -18.7327 5.04162 0
      vertex -19.3185 5.17638 0.6
      vertex -18.9386 6.42879 0.6
    endloop
  endfacet
  facet normal -0.547134 0.448255 -0.706903
    outer loop
      vertex -14.5993 12.7747 0
      vertex -15.0368 13.1869 0.6
      vertex -14.5857 12.7913 0
    endloop
  endfacet
  facet normal -0.546737 0.448706 -0.706924
    outer loop
      vertex -15.0368 13.1869 0.6
      vertex -14.5993 12.7747 0
      vertex -15.8671 12.1752 0.6
    endloop
  endfacet
  facet normal 0.623768 0.333439 -0.706917
    outer loop
      vertex 16.811 9.68108 0
      vertex 17.3205 10 0.6
      vertex 17.9375 8.84577 0.6
    endloop
  endfacet
  facet normal 0.623969 0.333091 -0.706903
    outer loop
      vertex 17.3205 10 0.6
      vertex 16.811 9.68108 0
      vertex 16.8009 9.7 0
    endloop
  endfacet
  facet normal -0.412679 0.574449 -0.706898
    outer loop
      vertex -10.7955 16.118 0
      vertex -11.1114 16.6294 0.6
      vertex -10.7781 16.1305 0
    endloop
  endfacet
  facet normal -0.411976 0.574918 -0.706927
    outer loop
      vertex -11.1114 16.6294 0.6
      vertex -10.7955 16.118 0
      vertex -12.1752 15.8671 0.6
    endloop
  endfacet
  facet normal -0.623969 0.333091 -0.706903
    outer loop
      vertex -16.811 9.68108 0
      vertex -17.3205 10 0.6
      vertex -16.8009 9.7 0
    endloop
  endfacet
  facet normal -0.623768 0.333439 -0.706917
    outer loop
      vertex -17.3205 10 0.6
      vertex -16.811 9.68108 0
      vertex -17.9375 8.84577 0.6
    endloop
  endfacet
  facet normal -0.697832 0.115213 -0.706935
    outer loop
      vertex -19.2305 2.55338 0
      vertex -19.6157 3.90181 0.6
      vertex -19.0272 3.78475 0
    endloop
  endfacet
  facet normal -0.0231223 0.706918 -0.706918
    outer loop
      vertex 0 19.4 0
      vertex -1.24738 19.3592 0
      vertex 0 20 0.6
    endloop
  endfacet
  facet normal 0.411969 0.574966 -0.706892
    outer loop
      vertex 11.81 15.3911 0
      vertex 10.7955 16.118 0
      vertex 12.1752 15.8671 0.6
    endloop
  endfacet
  facet normal -0.706918 -0.0231223 -0.706918
    outer loop
      vertex -19.3592 -1.24738 0
      vertex -20 0 0.6
      vertex -19.4 0 0
    endloop
  endfacet
  facet normal -0.688803 -0.160604 -0.706935
    outer loop
      vertex -18.7438 -5.0002 0
      vertex -19.6157 -3.90181 0.6
      vertex -19.0272 -3.78475 0
    endloop
  endfacet
  facet normal -0.291923 0.644259 -0.706902
    outer loop
      vertex -7.42406 17.9233 0
      vertex -8.56086 17.4082 0
      vertex -7.65367 18.4776 0.6
    endloop
  endfacet
  facet normal -0.574449 0.412679 -0.706898
    outer loop
      vertex -16.6294 11.1114 0.6
      vertex -16.118 10.7955 0
      vertex -16.1305 10.7781 0
    endloop
  endfacet
  facet normal -0.574918 0.411976 -0.706927
    outer loop
      vertex -16.118 10.7955 0
      vertex -16.6294 11.1114 0.6
      vertex -15.8671 12.1752 0.6
    endloop
  endfacet
  facet normal 0.205307 -0.676833 -0.706927
    outer loop
      vertex 5.17638 -19.3185 0.6
      vertex 5.04162 -18.7327 0
      vertex 6.42879 -18.9386 0.6
    endloop
  endfacet
  facet normal 0.207517 -0.676243 -0.706847
    outer loop
      vertex 5.04162 -18.7327 0
      vertex 5.17638 -19.3185 0.6
      vertex 5.02109 -18.739 0
    endloop
  endfacet
  facet normal 0.448255 0.547134 -0.706903
    outer loop
      vertex 12.7747 14.5993 0
      vertex 13.1869 15.0368 0.6
      vertex 12.7913 14.5857 0
    endloop
  endfacet
  facet normal 0.448706 0.546737 -0.706924
    outer loop
      vertex 13.1869 15.0368 0.6
      vertex 12.7747 14.5993 0
      vertex 12.1752 15.8671 0.6
    endloop
  endfacet
  facet normal -0.333387 0.623751 -0.706956
    outer loop
      vertex -8.5804 17.3993 0
      vertex -9.68108 16.811 0
      vertex -8.84577 17.9375 0.6
    endloop
  endfacet
  facet normal -0.448752 0.546743 -0.70689
    outer loop
      vertex -11.81 15.3911 0
      vertex -12.7747 14.5993 0
      vertex -12.1752 15.8671 0.6
    endloop
  endfacet
  facet normal 0.158407 -0.689402 -0.706846
    outer loop
      vertex 5.17638 -19.3185 0.6
      vertex 5.0002 -18.7438 0
      vertex 5.02109 -18.739 0
    endloop
  endfacet
  facet normal 0.160614 -0.688809 -0.706926
    outer loop
      vertex 5.0002 -18.7438 0
      vertex 5.17638 -19.3185 0.6
      vertex 3.90181 -19.6157 0.6
    endloop
  endfacet
  facet normal 0.697808 0.115367 -0.706934
    outer loop
      vertex 19.2305 2.55338 0
      vertex 19.8289 2.61052 0.6
      vertex 19.234 2.53221 0
    endloop
  endfacet
  facet normal 0.697827 0.115216 -0.706939
    outer loop
      vertex 19.8289 2.61052 0.6
      vertex 19.2305 2.55338 0
      vertex 19.6157 3.90181 0.6
    endloop
  endfacet
  facet normal 0.662501 0.247571 -0.706966
    outer loop
      vertex 18.3629 6.256 0
      vertex 18.9386 6.42879 0.6
      vertex 18.3704 6.23593 0
    endloop
  endfacet
  facet normal 0.661971 0.249142 -0.70691
    outer loop
      vertex 18.9386 6.42879 0.6
      vertex 18.3629 6.256 0
      vertex 18.4776 7.65367 0.6
    endloop
  endfacet
  facet normal 0.676816 0.205316 -0.706941
    outer loop
      vertex 18.7327 5.04162 0
      vertex 18.3704 6.23593 0
      vertex 18.9386 6.42879 0.6
    endloop
  endfacet
  facet normal -0.293152 0.643616 -0.70698
    outer loop
      vertex -8.84577 17.9375 0.6
      vertex -8.56086 17.4082 0
      vertex -8.5804 17.3993 0
    endloop
  endfacet
  facet normal -0.291885 0.644244 -0.706932
    outer loop
      vertex -8.56086 17.4082 0
      vertex -8.84577 17.9375 0.6
      vertex -7.65367 18.4776 0.6
    endloop
  endfacet
  facet normal 0.623768 -0.333439 -0.706917
    outer loop
      vertex 17.3205 -10 0.6
      vertex 16.811 -9.68108 0
      vertex 17.9375 -8.84577 0.6
    endloop
  endfacet
  facet normal 0.623969 -0.333091 -0.706903
    outer loop
      vertex 16.811 -9.68108 0
      vertex 17.3205 -10 0.6
      vertex 16.8009 -9.7 0
    endloop
  endfacet
  facet normal -0.160614 -0.688809 -0.706926
    outer loop
      vertex -5.17638 -19.3185 0.6
      vertex -5.0002 -18.7438 0
      vertex -3.90181 -19.6157 0.6
    endloop
  endfacet
  facet normal -0.158407 -0.689402 -0.706846
    outer loop
      vertex -5.0002 -18.7438 0
      vertex -5.17638 -19.3185 0.6
      vertex -5.02109 -18.739 0
    endloop
  endfacet
  facet normal -0.546743 -0.448752 -0.70689
    outer loop
      vertex -14.5993 -12.7747 0
      vertex -15.8671 -12.1752 0.6
      vertex -15.3911 -11.81 0
    endloop
  endfacet
  facet normal -0.601845 0.371631 -0.706875
    outer loop
      vertex -16.1418 10.7598 0
      vertex -16.6294 11.1114 0.6
      vertex -16.1305 10.7781 0
    endloop
  endfacet
  facet normal -0.60061 0.373476 -0.706953
    outer loop
      vertex -16.6294 11.1114 0.6
      vertex -16.1418 10.7598 0
      vertex -17.3205 10 0.6
    endloop
  endfacet
  facet normal 0.546743 -0.448752 -0.70689
    outer loop
      vertex 15.8671 -12.1752 0.6
      vertex 14.5993 -12.7747 0
      vertex 15.3911 -11.81 0
    endloop
  endfacet
  facet normal -0.676833 -0.205307 -0.706927
    outer loop
      vertex -19.3185 -5.17638 0.6
      vertex -18.7327 -5.04162 0
      vertex -18.9386 -6.42879 0.6
    endloop
  endfacet
  facet normal -0.676243 -0.207517 -0.706847
    outer loop
      vertex -18.7327 -5.04162 0
      vertex -19.3185 -5.17638 0.6
      vertex -18.739 -5.02109 0
    endloop
  endfacet
  facet normal 0.373609 -0.600645 -0.706854
    outer loop
      vertex 10 -17.3205 0.6
      vertex 10.5 -16.3034 9.03702e-07
      vertex 10.7598 -16.1418 0
    endloop
  endfacet
  facet normal 0.373594 -0.600643 -0.706863
    outer loop
      vertex 10 -17.3205 0.6
      vertex 10.3799 -16.3781 0
      vertex 10.5 -16.3034 9.03702e-07
    endloop
  endfacet
  facet normal 0.373511 -0.60064 -0.70691
    outer loop
      vertex 10.3799 -16.3781 0
      vertex 10 -17.3205 0.6
      vertex 9.7 -16.8009 0
    endloop
  endfacet
  facet normal 0.528176 -0.849135 0
    outer loop
      vertex 10.7598 -16.1418 0
      vertex 10.5 -16.3034 9.03702e-07
      vertex 10.5 -16.3034 0
    endloop
  endfacet
  facet normal 0.0230807 -0.70693 -0.706907
    outer loop
      vertex 1.30806 -19.9572 0.6
      vertex 1.24738 -19.3592 0
      vertex 1.26882 -19.3585 0
    endloop
  endfacet
  facet normal 0.0231308 -0.706926 -0.706909
    outer loop
      vertex 1.24738 -19.3592 0
      vertex 1.30806 -19.9572 0.6
      vertex 0 -20 0.6
    endloop
  endfacet
  facet normal 0.333387 -0.623751 -0.706956
    outer loop
      vertex 8.84577 -17.9375 0.6
      vertex 8.5804 -17.3993 0
      vertex 9.68108 -16.811 0
    endloop
  endfacet
  facet normal 0.0231223 0.706918 -0.706918
    outer loop
      vertex 0 19.4 0
      vertex 0 20 0.6
      vertex 1.24738 19.3592 0
    endloop
  endfacet
  facet normal -0.483524 -0.516284 -0.706864
    outer loop
      vertex -12.807 -14.571 0
      vertex -14.1421 -14.1421 0.6
      vertex -13.7179 -13.7179 0
    endloop
  endfacet
  facet normal -0.516284 -0.483524 -0.706864
    outer loop
      vertex -14.1421 -14.1421 0.6
      vertex -14.571 -12.807 0
      vertex -13.7179 -13.7179 0
    endloop
  endfacet
  facet normal 0.623751 -0.333387 -0.706956
    outer loop
      vertex 17.9375 -8.84577 0.6
      vertex 16.811 -9.68108 0
      vertex 17.3993 -8.5804 0
    endloop
  endfacet
  facet normal 0.600626 -0.373535 -0.706909
    outer loop
      vertex 17.3205 -10 0.6
      vertex 16.1418 -10.7598 0
      vertex 16.8009 -9.7 0
    endloop
  endfacet
  facet normal -0.247571 0.662501 -0.706966
    outer loop
      vertex -6.256 18.3629 0
      vertex -6.42879 18.9386 0.6
      vertex -6.23593 18.3704 0
    endloop
  endfacet
  facet normal -0.249142 0.661971 -0.70691
    outer loop
      vertex -6.42879 18.9386 0.6
      vertex -6.256 18.3629 0
      vertex -7.65367 18.4776 0.6
    endloop
  endfacet
  facet normal 0.574966 -0.411969 -0.706892
    outer loop
      vertex 15.8671 -12.1752 0.6
      vertex 15.3911 -11.81 0
      vertex 16.118 -10.7955 0
    endloop
  endfacet
  facet normal 0.483524 0.51622 -0.70691
    outer loop
      vertex 12.807 14.571 0
      vertex 13.1869 15.0368 0.6
      vertex 14.1421 14.1421 0.6
    endloop
  endfacet
  facet normal 0.483423 0.516308 -0.706915
    outer loop
      vertex 13.1869 15.0368 0.6
      vertex 12.807 14.571 0
      vertex 12.7913 14.5857 0
    endloop
  endfacet
  facet normal 0.291923 -0.644259 -0.706902
    outer loop
      vertex 7.65367 -18.4776 0.6
      vertex 7.42406 -17.9233 0
      vertex 8.56086 -17.4082 0
    endloop
  endfacet
  facet normal 0.333091 0.623969 -0.706903
    outer loop
      vertex 9.68108 16.811 0
      vertex 10 17.3205 0.6
      vertex 9.7 16.8009 0
    endloop
  endfacet
  facet normal 0.333439 0.623768 -0.706917
    outer loop
      vertex 10 17.3205 0.6
      vertex 9.68108 16.811 0
      vertex 8.84577 17.9375 0.6
    endloop
  endfacet
  facet normal -0.51622 -0.483524 -0.70691
    outer loop
      vertex -15.0368 -13.1869 0.6
      vertex -14.571 -12.807 0
      vertex -14.1421 -14.1421 0.6
    endloop
  endfacet
  facet normal -0.516308 -0.483423 -0.706915
    outer loop
      vertex -14.571 -12.807 0
      vertex -15.0368 -13.1869 0.6
      vertex -14.5857 -12.7913 0
    endloop
  endfacet
  facet normal -0.703896 -0.0693672 -0.706908
    outer loop
      vertex -19.2361 -2.51086 0
      vertex -19.9572 -1.30806 0.6
      vertex -19.3585 -1.26882 0
    endloop
  endfacet
  facet normal 0.115213 -0.697832 -0.706935
    outer loop
      vertex 3.90181 -19.6157 0.6
      vertex 2.55338 -19.2305 0
      vertex 3.78475 -19.0272 0
    endloop
  endfacet
  facet normal 0.115216 -0.697827 -0.706939
    outer loop
      vertex 2.61052 -19.8289 0.6
      vertex 2.55338 -19.2305 0
      vertex 3.90181 -19.6157 0.6
    endloop
  endfacet
  facet normal 0.115367 -0.697808 -0.706934
    outer loop
      vertex 2.55338 -19.2305 0
      vertex 2.61052 -19.8289 0.6
      vertex 2.53221 -19.234 0
    endloop
  endfacet
  facet normal -0.574966 -0.411969 -0.706892
    outer loop
      vertex -15.8671 -12.1752 0.6
      vertex -16.118 -10.7955 0
      vertex -15.3911 -11.81 0
    endloop
  endfacet
  facet normal 0.293152 0.643616 -0.70698
    outer loop
      vertex 8.56086 17.4082 0
      vertex 8.84577 17.9375 0.6
      vertex 8.5804 17.3993 0
    endloop
  endfacet
  facet normal 0.291885 0.644244 -0.706932
    outer loop
      vertex 8.84577 17.9375 0.6
      vertex 8.56086 17.4082 0
      vertex 7.65367 18.4776 0.6
    endloop
  endfacet
  facet normal -0.661982 -0.249137 -0.706902
    outer loop
      vertex -17.9233 -7.42406 0
      vertex -18.4776 -7.65367 0.6
      vertex -18.3629 -6.256 0
    endloop
  endfacet
  facet normal -0.207517 0.676243 -0.706847
    outer loop
      vertex -5.04162 18.7327 0
      vertex -5.17638 19.3185 0.6
      vertex -5.02109 18.739 0
    endloop
  endfacet
  facet normal -0.205307 0.676833 -0.706927
    outer loop
      vertex -5.17638 19.3185 0.6
      vertex -5.04162 18.7327 0
      vertex -6.42879 18.9386 0.6
    endloop
  endfacet
  facet normal -0.158407 0.689402 -0.706846
    outer loop
      vertex -5.17638 19.3185 0.6
      vertex -5.0002 18.7438 0
      vertex -5.02109 18.739 0
    endloop
  endfacet
  facet normal -0.160614 0.688809 -0.706926
    outer loop
      vertex -5.0002 18.7438 0
      vertex -5.17638 19.3185 0.6
      vertex -3.90181 19.6157 0.6
    endloop
  endfacet
  facet normal -0.70693 -0.0230807 -0.706907
    outer loop
      vertex -19.9572 -1.30806 0.6
      vertex -19.3592 -1.24738 0
      vertex -19.3585 -1.26882 0
    endloop
  endfacet
  facet normal -0.706926 -0.0231308 -0.706909
    outer loop
      vertex -19.3592 -1.24738 0
      vertex -19.9572 -1.30806 0.6
      vertex -20 0 0.6
    endloop
  endfacet
  facet normal -0.643616 -0.293152 -0.70698
    outer loop
      vertex -17.9375 -8.84577 0.6
      vertex -17.4082 -8.56086 0
      vertex -17.3993 -8.5804 0
    endloop
  endfacet
  facet normal -0.644244 -0.291885 -0.706932
    outer loop
      vertex -17.4082 -8.56086 0
      vertex -17.9375 -8.84577 0.6
      vertex -18.4776 -7.65367 0.6
    endloop
  endfacet
  facet normal -0.574918 -0.411976 -0.706927
    outer loop
      vertex -16.6294 -11.1114 0.6
      vertex -16.118 -10.7955 0
      vertex -15.8671 -12.1752 0.6
    endloop
  endfacet
  facet normal -0.574449 -0.412679 -0.706898
    outer loop
      vertex -16.118 -10.7955 0
      vertex -16.6294 -11.1114 0.6
      vertex -16.1305 -10.7781 0
    endloop
  endfacet
  facet normal -0.333387 -0.623751 -0.706956
    outer loop
      vertex -8.84577 -17.9375 0.6
      vertex -9.68108 -16.811 0
      vertex -8.5804 -17.3993 0
    endloop
  endfacet
  facet normal -0.291885 -0.644244 -0.706932
    outer loop
      vertex -8.84577 -17.9375 0.6
      vertex -8.56086 -17.4082 0
      vertex -7.65367 -18.4776 0.6
    endloop
  endfacet
  facet normal -0.293152 -0.643616 -0.70698
    outer loop
      vertex -8.56086 -17.4082 0
      vertex -8.84577 -17.9375 0.6
      vertex -8.5804 -17.3993 0
    endloop
  endfacet
  facet normal 0.703868 0.0693352 -0.706938
    outer loop
      vertex 19.2361 2.51086 0
      vertex 19.8289 2.61052 0.6
      vertex 19.9572 1.30806 0.6
    endloop
  endfacet
  facet normal 0.703882 0.0692343 -0.706935
    outer loop
      vertex 19.8289 2.61052 0.6
      vertex 19.2361 2.51086 0
      vertex 19.234 2.53221 0
    endloop
  endfacet
  facet normal 0.115213 0.697832 -0.706935
    outer loop
      vertex 3.78475 19.0272 0
      vertex 2.55338 19.2305 0
      vertex 3.90181 19.6157 0.6
    endloop
  endfacet
  facet normal 0.333387 0.623751 -0.706956
    outer loop
      vertex 9.68108 16.811 0
      vertex 8.5804 17.3993 0
      vertex 8.84577 17.9375 0.6
    endloop
  endfacet
  facet normal -0.115367 -0.697808 -0.706934
    outer loop
      vertex -2.61052 -19.8289 0.6
      vertex -2.55338 -19.2305 0
      vertex -2.53221 -19.234 0
    endloop
  endfacet
  facet normal -0.115216 -0.697827 -0.706939
    outer loop
      vertex -2.55338 -19.2305 0
      vertex -2.61052 -19.8289 0.6
      vertex -3.90181 -19.6157 0.6
    endloop
  endfacet
  facet normal -0.547134 -0.448255 -0.706903
    outer loop
      vertex -15.0368 -13.1869 0.6
      vertex -14.5993 -12.7747 0
      vertex -14.5857 -12.7913 0
    endloop
  endfacet
  facet normal -0.546737 -0.448706 -0.706924
    outer loop
      vertex -14.5993 -12.7747 0
      vertex -15.0368 -13.1869 0.6
      vertex -15.8671 -12.1752 0.6
    endloop
  endfacet
  facet normal -0.574966 0.411969 -0.706892
    outer loop
      vertex -15.3911 11.81 0
      vertex -16.118 10.7955 0
      vertex -15.8671 12.1752 0.6
    endloop
  endfacet
  facet normal -0.600626 -0.373535 -0.706909
    outer loop
      vertex -16.1418 -10.7598 0
      vertex -17.3205 -10 0.6
      vertex -16.8009 -9.7 0
    endloop
  endfacet
  facet normal -0.601845 -0.371631 -0.706875
    outer loop
      vertex -16.6294 -11.1114 0.6
      vertex -16.1418 -10.7598 0
      vertex -16.1305 -10.7781 0
    endloop
  endfacet
  facet normal -0.60061 -0.373476 -0.706953
    outer loop
      vertex -16.1418 -10.7598 0
      vertex -16.6294 -11.1114 0.6
      vertex -17.3205 -10 0.6
    endloop
  endfacet
  facet normal 0.703896 0.0693672 -0.706908
    outer loop
      vertex 19.3585 1.26882 0
      vertex 19.2361 2.51086 0
      vertex 19.9572 1.30806 0.6
    endloop
  endfacet
  facet normal -0.207517 -0.676243 -0.706847
    outer loop
      vertex -5.17638 -19.3185 0.6
      vertex -5.04162 -18.7327 0
      vertex -5.02109 -18.739 0
    endloop
  endfacet
  facet normal -0.205307 -0.676833 -0.706927
    outer loop
      vertex -5.04162 -18.7327 0
      vertex -5.17638 -19.3185 0.6
      vertex -6.42879 -18.9386 0.6
    endloop
  endfacet
  facet normal -0.373511 -0.60064 -0.70691
    outer loop
      vertex -10 -17.3205 0.6
      vertex -10.3799 -16.3781 0
      vertex -9.7 -16.8009 0
    endloop
  endfacet
  facet normal -0.373594 -0.600643 -0.706863
    outer loop
      vertex -10 -17.3205 0.6
      vertex -10.5 -16.3034 9.03702e-07
      vertex -10.3799 -16.3781 0
    endloop
  endfacet
  facet normal -0.528176 -0.849135 -0
    outer loop
      vertex -10.5 -16.3034 9.03702e-07
      vertex -10.7598 -16.1418 0
      vertex -10.5 -16.3034 0
    endloop
  endfacet
  facet normal -0.373609 -0.600645 -0.706854
    outer loop
      vertex -10.7598 -16.1418 0
      vertex -10.5 -16.3034 9.03702e-07
      vertex -10 -17.3205 0.6
    endloop
  endfacet
  facet normal -0.697832 -0.115213 -0.706935
    outer loop
      vertex -19.0272 -3.78475 0
      vertex -19.6157 -3.90181 0.6
      vertex -19.2305 -2.55338 0
    endloop
  endfacet
  facet normal -0.703882 -0.0692343 -0.706935
    outer loop
      vertex -19.8289 -2.61052 0.6
      vertex -19.2361 -2.51086 0
      vertex -19.234 -2.53221 0
    endloop
  endfacet
  facet normal -0.703868 -0.0693352 -0.706938
    outer loop
      vertex -19.2361 -2.51086 0
      vertex -19.8289 -2.61052 0.6
      vertex -19.9572 -1.30806 0.6
    endloop
  endfacet
  facet normal 0.160604 -0.688803 -0.706935
    outer loop
      vertex 3.90181 -19.6157 0.6
      vertex 3.78475 -19.0272 0
      vertex 5.0002 -18.7438 0
    endloop
  endfacet
  facet normal -0.623969 -0.333091 -0.706903
    outer loop
      vertex -17.3205 -10 0.6
      vertex -16.811 -9.68108 0
      vertex -16.8009 -9.7 0
    endloop
  endfacet
  facet normal -0.623768 -0.333439 -0.706917
    outer loop
      vertex -16.811 -9.68108 0
      vertex -17.3205 -10 0.6
      vertex -17.9375 -8.84577 0.6
    endloop
  endfacet
  facet normal 0 0 -1
    outer loop
      vertex 0.5 -19.3836 -0.11
      vertex 0.440002 -19.2856 -0.11
      vertex 0.5 19.3836 -0.11
    endloop
  endfacet
  facet normal 0 0 -1
    outer loop
      vertex 0 -19.4 -0.11
      vertex 0.440002 -19.2856 -0.11
      vertex 0.5 -19.3836 -0.11
    endloop
  endfacet
  facet normal 0 0 -1
    outer loop
      vertex 0 -19.4 -0.11
      vertex 0 -19.3 -0.11
      vertex 0.440002 -19.2856 -0.11
    endloop
  endfacet
  facet normal 0 0 -1
    outer loop
      vertex 0 -19.4 -0.11
      vertex -0.440002 -19.2856 -0.11
      vertex 0 -19.3 -0.11
    endloop
  endfacet
  facet normal -0 0 -1
    outer loop
      vertex -0.440002 -19.2856 -0.11
      vertex -0.5 -19.3836 -0.11
      vertex -0.440002 19.2856 -0.11
    endloop
  endfacet
  facet normal 0 0 -1
    outer loop
      vertex -0.5 -19.3836 -0.11
      vertex -0.440002 -19.2856 -0.11
      vertex 0 -19.4 -0.11
    endloop
  endfacet
  facet normal 0 0 -1
    outer loop
      vertex 0.440002 19.2856 -0.11
      vertex 0.5 19.3836 -0.11
      vertex 0.440002 -19.2856 -0.11
    endloop
  endfacet
  facet normal 0 0 -1
    outer loop
      vertex 0 19.4 -0.11
      vertex 0.440002 19.2856 -0.11
      vertex 0 19.3 -0.11
    endloop
  endfacet
  facet normal 0 0 -1
    outer loop
      vertex 0.440002 19.2856 -0.11
      vertex 0 19.4 -0.11
      vertex 0.5 19.3836 -0.11
    endloop
  endfacet
  facet normal 0 0 -1
    outer loop
      vertex -0.440002 19.2856 -0.11
      vertex 0 19.4 -0.11
      vertex 0 19.3 -0.11
    endloop
  endfacet
  facet normal 0 0 -1
    outer loop
      vertex -0.440002 19.2856 -0.11
      vertex -0.5 19.3836 -0.11
      vertex 0 19.4 -0.11
    endloop
  endfacet
  facet normal 0 0 -1
    outer loop
      vertex -0.5 19.3836 -0.11
      vertex -0.440002 19.2856 -0.11
      vertex -0.5 -19.3836 -0.11
    endloop
  endfacet
  facet normal 0 0 -1
    outer loop
      vertex -2 -19.2864 -0.11
      vertex -2.06 -19.1801 -0.11
      vertex -2 19.2864 -0.11
    endloop
  endfacet
  facet normal 0 0 -1
    outer loop
      vertex -2.5322 -19.234 -0.11
      vertex -2.06 -19.1801 -0.11
      vertex -2 -19.2864 -0.11
    endloop
  endfacet
  facet normal -0 0 -1
    outer loop
      vertex -2.06 -19.1801 -0.11
      vertex -2.5322 -19.234 -0.11
      vertex -2.51915 -19.1349 -0.11
    endloop
  endfacet
  facet normal 0 0 -1
    outer loop
      vertex -2.5322 -19.234 -0.11
      vertex -2.94 -19.0654 -0.11
      vertex -2.51915 -19.1349 -0.11
    endloop
  endfacet
  facet normal -0 0 -1
    outer loop
      vertex -2.94 -19.0654 -0.11
      vertex -3 -19.1568 -0.11
      vertex -2.94 19.0654 -0.11
    endloop
  endfacet
  facet normal 0 0 -1
    outer loop
      vertex -3 -19.1568 -0.11
      vertex -2.94 -19.0654 -0.11
      vertex -2.5322 -19.234 -0.11
    endloop
  endfacet
  facet normal 0 0 -1
    outer loop
      vertex -2.06 19.1801 -0.11
      vertex -2 19.2864 -0.11
      vertex -2.06 -19.1801 -0.11
    endloop
  endfacet
  facet normal 0 0 -1
    outer loop
      vertex -2.5322 19.234 -0.11
      vertex -2.06 19.1801 -0.11
      vertex -2.51915 19.1349 -0.11
    endloop
  endfacet
  facet normal 0 0 -1
    outer loop
      vertex -2.06 19.1801 -0.11
      vertex -2.5322 19.234 -0.11
      vertex -2 19.2864 -0.11
    endloop
  endfacet
  facet normal 0 0 -1
    outer loop
      vertex -2.94 19.0654 -0.11
      vertex -2.5322 19.234 -0.11
      vertex -2.51915 19.1349 -0.11
    endloop
  endfacet
  facet normal 0 0 -1
    outer loop
      vertex -2.94 19.0654 -0.11
      vertex -3 19.1568 -0.11
      vertex -2.5322 19.234 -0.11
    endloop
  endfacet
  facet normal 0 0 -1
    outer loop
      vertex -3 19.1568 -0.11
      vertex -2.94 19.0654 -0.11
      vertex -3 -19.1568 -0.11
    endloop
  endfacet
  facet normal 0 0 -1
    outer loop
      vertex 3 -19.1568 -0.11
      vertex 2.94 -19.0654 -0.11
      vertex 3 19.1568 -0.11
    endloop
  endfacet
  facet normal 0 0 -1
    outer loop
      vertex 2.5322 -19.234 -0.11
      vertex 2.94 -19.0654 -0.11
      vertex 3 -19.1568 -0.11
    endloop
  endfacet
  facet normal 0 0 -1
    outer loop
      vertex 2.5322 -19.234 -0.11
      vertex 2.51915 -19.1349 -0.11
      vertex 2.94 -19.0654 -0.11
    endloop
  endfacet
  facet normal 0 0 -1
    outer loop
      vertex 2.5322 -19.234 -0.11
      vertex 2.06 -19.1801 -0.11
      vertex 2.51915 -19.1349 -0.11
    endloop
  endfacet
  facet normal -0 0 -1
    outer loop
      vertex 2.06 -19.1801 -0.11
      vertex 2 -19.2864 -0.11
      vertex 2.06 19.1801 -0.11
    endloop
  endfacet
  facet normal 0 0 -1
    outer loop
      vertex 2 -19.2864 -0.11
      vertex 2.06 -19.1801 -0.11
      vertex 2.5322 -19.234 -0.11
    endloop
  endfacet
  facet normal 0 0 -1
    outer loop
      vertex 2.94 19.0654 -0.11
      vertex 3 19.1568 -0.11
      vertex 2.94 -19.0654 -0.11
    endloop
  endfacet
  facet normal 0 0 -1
    outer loop
      vertex 2.94 19.0654 -0.11
      vertex 2.5322 19.234 -0.11
      vertex 3 19.1568 -0.11
    endloop
  endfacet
  facet normal 0 0 -1
    outer loop
      vertex 2.51915 19.1349 -0.11
      vertex 2.5322 19.234 -0.11
      vertex 2.94 19.0654 -0.11
    endloop
  endfacet
  facet normal 0 0 -1
    outer loop
      vertex 2.06 19.1801 -0.11
      vertex 2.5322 19.234 -0.11
      vertex 2.51915 19.1349 -0.11
    endloop
  endfacet
  facet normal 0 0 -1
    outer loop
      vertex 2.06 19.1801 -0.11
      vertex 2 19.2864 -0.11
      vertex 2.5322 19.234 -0.11
    endloop
  endfacet
  facet normal 0 0 -1
    outer loop
      vertex 2 19.2864 -0.11
      vertex 2.06 19.1801 -0.11
      vertex 2 -19.2864 -0.11
    endloop
  endfacet
  facet normal 0 0 -1
    outer loop
      vertex -4.5 -18.8605 -0.11
      vertex -4.56 -18.7438 -0.11
      vertex -4.5 18.8605 -0.11
    endloop
  endfacet
  facet normal 0 0 -1
    outer loop
      vertex -5.02109 -18.739 -0.11
      vertex -4.56 -18.7438 -0.11
      vertex -4.5 -18.8605 -0.11
    endloop
  endfacet
  facet normal 0 0 -1
    outer loop
      vertex -4.56 -18.7438 -0.11
      vertex -5.02109 -18.739 -0.11
      vertex -4.99519 -18.6424 -0.11
    endloop
  endfacet
  facet normal 0 0 -1
    outer loop
      vertex -5.02109 -18.739 -0.11
      vertex -5.44 -18.5074 -0.11
      vertex -4.99519 -18.6424 -0.11
    endloop
  endfacet
  facet normal -0 0 -1
    outer loop
      vertex -5.44 -18.5074 -0.11
      vertex -5.5 -18.5937 -0.11
      vertex -5.44 18.5074 -0.11
    endloop
  endfacet
  facet normal 0 0 -1
    outer loop
      vertex -5.5 -18.5937 -0.11
      vertex -5.44 -18.5074 -0.11
      vertex -5.02109 -18.739 -0.11
    endloop
  endfacet
  facet normal 0 0 -1
    outer loop
      vertex -4.56 18.7438 -0.11
      vertex -4.5 18.8605 -0.11
      vertex -4.56 -18.7438 -0.11
    endloop
  endfacet
  facet normal 0 0 -1
    outer loop
      vertex -5.02109 18.739 -0.11
      vertex -4.56 18.7438 -0.11
      vertex -4.99519 18.6424 -0.11
    endloop
  endfacet
  facet normal -0 0 -1
    outer loop
      vertex -4.56 18.7438 -0.11
      vertex -5.02109 18.739 -0.11
      vertex -4.5 18.8605 -0.11
    endloop
  endfacet
  facet normal 0 0 -1
    outer loop
      vertex -5.44 18.5074 -0.11
      vertex -5.02109 18.739 -0.11
      vertex -4.99519 18.6424 -0.11
    endloop
  endfacet
  facet normal 0 0 -1
    outer loop
      vertex -5.44 18.5074 -0.11
      vertex -5.5 18.5937 -0.11
      vertex -5.02109 18.739 -0.11
    endloop
  endfacet
  facet normal 0 0 -1
    outer loop
      vertex -5.5 18.5937 -0.11
      vertex -5.44 18.5074 -0.11
      vertex -5.5 -18.5937 -0.11
    endloop
  endfacet
  facet normal 0 0 -1
    outer loop
      vertex 5.5 -18.5937 -0.11
      vertex 5.44 -18.5074 -0.11
      vertex 5.5 18.5937 -0.11
    endloop
  endfacet
  facet normal 0 0 -1
    outer loop
      vertex 5.02109 -18.739 -0.11
      vertex 5.44 -18.5074 -0.11
      vertex 5.5 -18.5937 -0.11
    endloop
  endfacet
  facet normal 0 0 -1
    outer loop
      vertex 5.02109 -18.739 -0.11
      vertex 4.99519 -18.6424 -0.11
      vertex 5.44 -18.5074 -0.11
    endloop
  endfacet
  facet normal -0 0 -1
    outer loop
      vertex 5.02109 -18.739 -0.11
      vertex 4.56 -18.7438 -0.11
      vertex 4.99519 -18.6424 -0.11
    endloop
  endfacet
  facet normal -0 0 -1
    outer loop
      vertex 4.56 -18.7438 -0.11
      vertex 4.5 -18.8605 -0.11
      vertex 4.56 18.7438 -0.11
    endloop
  endfacet
  facet normal 0 0 -1
    outer loop
      vertex 4.5 -18.8605 -0.11
      vertex 4.56 -18.7438 -0.11
      vertex 5.02109 -18.739 -0.11
    endloop
  endfacet
  facet normal 0 0 -1
    outer loop
      vertex 5.44 18.5074 -0.11
      vertex 5.5 18.5937 -0.11
      vertex 5.44 -18.5074 -0.11
    endloop
  endfacet
  facet normal 0 0 -1
    outer loop
      vertex 5.44 18.5074 -0.11
      vertex 5.02109 18.739 -0.11
      vertex 5.5 18.5937 -0.11
    endloop
  endfacet
  facet normal 0 0 -1
    outer loop
      vertex 4.99519 18.6424 -0.11
      vertex 5.02109 18.739 -0.11
      vertex 5.44 18.5074 -0.11
    endloop
  endfacet
  facet normal 0 0 -1
    outer loop
      vertex 4.56 18.7438 -0.11
      vertex 5.02109 18.739 -0.11
      vertex 4.99519 18.6424 -0.11
    endloop
  endfacet
  facet normal 0 0 -1
    outer loop
      vertex 4.56 18.7438 -0.11
      vertex 4.5 18.8605 -0.11
      vertex 5.02109 18.739 -0.11
    endloop
  endfacet
  facet normal 0 0 -1
    outer loop
      vertex 4.5 18.8605 -0.11
      vertex 4.56 18.7438 -0.11
      vertex 4.5 -18.8605 -0.11
    endloop
  endfacet
  facet normal 0 0 -1
    outer loop
      vertex -7 -18.0829 -0.11
      vertex -7.06 -17.9535 -0.11
      vertex -7 18.0829 -0.11
    endloop
  endfacet
  facet normal 0 0 -1
    outer loop
      vertex -7.42406 -17.9232 -0.11
      vertex -7.06 -17.9535 -0.11
      vertex -7 -18.0829 -0.11
    endloop
  endfacet
  facet normal 0 0 -1
    outer loop
      vertex -7.06 -17.9535 -0.11
      vertex -7.42406 -17.9232 -0.11
      vertex -7.38579 -17.8309 -0.11
    endloop
  endfacet
  facet normal 0 0 -1
    outer loop
      vertex -7.42406 -17.9232 -0.11
      vertex -7.94 -17.5798 -0.11
      vertex -7.38579 -17.8309 -0.11
    endloop
  endfacet
  facet normal -0 0 -1
    outer loop
      vertex -7.94 -17.5798 -0.11
      vertex -8 -17.6623 -0.11
      vertex -7.94 17.5798 -0.11
    endloop
  endfacet
  facet normal 0 0 -1
    outer loop
      vertex -8 -17.6623 -0.11
      vertex -7.94 -17.5798 -0.11
      vertex -7.42406 -17.9232 -0.11
    endloop
  endfacet
  facet normal 0 0 -1
    outer loop
      vertex -7.06 17.9535 -0.11
      vertex -7 18.0829 -0.11
      vertex -7.06 -17.9535 -0.11
    endloop
  endfacet
  facet normal 0 0 -1
    outer loop
      vertex -7.42406 17.9232 -0.11
      vertex -7.06 17.9535 -0.11
      vertex -7.38579 17.8309 -0.11
    endloop
  endfacet
  facet normal -0 0 -1
    outer loop
      vertex -7.06 17.9535 -0.11
      vertex -7.42406 17.9232 -0.11
      vertex -7 18.0829 -0.11
    endloop
  endfacet
  facet normal 0 0 -1
    outer loop
      vertex -7.94 17.5798 -0.11
      vertex -7.42406 17.9232 -0.11
      vertex -7.38579 17.8309 -0.11
    endloop
  endfacet
  facet normal 0 0 -1
    outer loop
      vertex -7.94 17.5798 -0.11
      vertex -8 17.6623 -0.11
      vertex -7.42406 17.9232 -0.11
    endloop
  endfacet
  facet normal 0 0 -1
    outer loop
      vertex -8 17.6623 -0.11
      vertex -7.94 17.5798 -0.11
      vertex -8 -17.6623 -0.11
    endloop
  endfacet
  facet normal 0 0 -1
    outer loop
      vertex 8 -17.6623 -0.11
      vertex 7.94 -17.5798 -0.11
      vertex 8 17.6623 -0.11
    endloop
  endfacet
  facet normal 0 0 -1
    outer loop
      vertex 7.42406 -17.9232 -0.11
      vertex 7.94 -17.5798 -0.11
      vertex 8 -17.6623 -0.11
    endloop
  endfacet
  facet normal 0 0 -1
    outer loop
      vertex 7.42406 -17.9232 -0.11
      vertex 7.38579 -17.8309 -0.11
      vertex 7.94 -17.5798 -0.11
    endloop
  endfacet
  facet normal -0 0 -1
    outer loop
      vertex 7.42406 -17.9232 -0.11
      vertex 7.06 -17.9535 -0.11
      vertex 7.38579 -17.8309 -0.11
    endloop
  endfacet
  facet normal -0 0 -1
    outer loop
      vertex 7.06 -17.9535 -0.11
      vertex 7 -18.0829 -0.11
      vertex 7.06 17.9535 -0.11
    endloop
  endfacet
  facet normal 0 0 -1
    outer loop
      vertex 7 -18.0829 -0.11
      vertex 7.06 -17.9535 -0.11
      vertex 7.42406 -17.9232 -0.11
    endloop
  endfacet
  facet normal 0 0 -1
    outer loop
      vertex 7.94 17.5798 -0.11
      vertex 8 17.6623 -0.11
      vertex 7.94 -17.5798 -0.11
    endloop
  endfacet
  facet normal 0 0 -1
    outer loop
      vertex 7.94 17.5798 -0.11
      vertex 7.42406 17.9232 -0.11
      vertex 8 17.6623 -0.11
    endloop
  endfacet
  facet normal 0 0 -1
    outer loop
      vertex 7.38579 17.8309 -0.11
      vertex 7.42406 17.9232 -0.11
      vertex 7.94 17.5798 -0.11
    endloop
  endfacet
  facet normal 0 0 -1
    outer loop
      vertex 7.06 17.9535 -0.11
      vertex 7.42406 17.9232 -0.11
      vertex 7.38579 17.8309 -0.11
    endloop
  endfacet
  facet normal 0 0 -1
    outer loop
      vertex 7.06 17.9535 -0.11
      vertex 7 18.0829 -0.11
      vertex 7.42406 17.9232 -0.11
    endloop
  endfacet
  facet normal 0 0 -1
    outer loop
      vertex 7 18.0829 -0.11
      vertex 7.06 17.9535 -0.11
      vertex 7 -18.0829 -0.11
    endloop
  endfacet
  facet normal 0 0 -1
    outer loop
      vertex -9.5 -16.9078 -0.11
      vertex -9.56 -16.7624 -0.11
      vertex -9.5 16.9078 -0.11
    endloop
  endfacet
  facet normal 0 0 -1
    outer loop
      vertex -9.7 -16.8009 -0.11
      vertex -9.56 -16.7624 -0.11
      vertex -9.5 -16.9078 -0.11
    endloop
  endfacet
  facet normal -0 0 -1
    outer loop
      vertex -9.56 -16.7624 -0.11
      vertex -9.7 -16.8009 -0.11
      vertex -9.64999 -16.7143 -0.11
    endloop
  endfacet
  facet normal 0 0 -1
    outer loop
      vertex -9.7 -16.8009 -0.11
      vertex -10.44 -16.223 -0.11
      vertex -9.64999 -16.7143 -0.11
    endloop
  endfacet
  facet normal -0 0 -1
    outer loop
      vertex -10.44 -16.223 -0.11
      vertex -10.5 -16.3034 -0.11
      vertex -10.44 16.223 -0.11
    endloop
  endfacet
  facet normal 0 0 -1
    outer loop
      vertex -10.5 -16.3034 -0.11
      vertex -10.44 -16.223 -0.11
      vertex -9.7 -16.8009 -0.11
    endloop
  endfacet
  facet normal 0 0 -1
    outer loop
      vertex -9.56 16.7624 -0.11
      vertex -9.5 16.9078 -0.11
      vertex -9.56 -16.7624 -0.11
    endloop
  endfacet
  facet normal 0 0 -1
    outer loop
      vertex -9.7 16.8009 -0.11
      vertex -9.56 16.7624 -0.11
      vertex -9.64999 16.7143 -0.11
    endloop
  endfacet
  facet normal 0 0 -1
    outer loop
      vertex -9.56 16.7624 -0.11
      vertex -9.7 16.8009 -0.11
      vertex -9.5 16.9078 -0.11
    endloop
  endfacet
  facet normal 0 0 -1
    outer loop
      vertex -10.44 16.223 -0.11
      vertex -9.7 16.8009 -0.11
      vertex -9.64999 16.7143 -0.11
    endloop
  endfacet
  facet normal 0 0 -1
    outer loop
      vertex -10.44 16.223 -0.11
      vertex -10.5 16.3034 -0.11
      vertex -9.7 16.8009 -0.11
    endloop
  endfacet
  facet normal 0 0 -1
    outer loop
      vertex -10.5 16.3034 -0.11
      vertex -10.44 16.223 -0.11
      vertex -10.5 -16.3034 -0.11
    endloop
  endfacet
  facet normal 0 0 -1
    outer loop
      vertex 10.5 -16.3034 -0.11
      vertex 10.44 -16.223 -0.11
      vertex 10.5 16.3034 -0.11
    endloop
  endfacet
  facet normal 0 0 -1
    outer loop
      vertex 9.7 -16.8009 -0.11
      vertex 10.44 -16.223 -0.11
      vertex 10.5 -16.3034 -0.11
    endloop
  endfacet
  facet normal 0 0 -1
    outer loop
      vertex 9.7 -16.8009 -0.11
      vertex 9.64999 -16.7143 -0.11
      vertex 10.44 -16.223 -0.11
    endloop
  endfacet
  facet normal 0 0 -1
    outer loop
      vertex 9.7 -16.8009 -0.11
      vertex 9.56 -16.7624 -0.11
      vertex 9.64999 -16.7143 -0.11
    endloop
  endfacet
  facet normal -0 0 -1
    outer loop
      vertex 9.56 -16.7624 -0.11
      vertex 9.5 -16.9078 -0.11
      vertex 9.56 16.7624 -0.11
    endloop
  endfacet
  facet normal 0 0 -1
    outer loop
      vertex 9.5 -16.9078 -0.11
      vertex 9.56 -16.7624 -0.11
      vertex 9.7 -16.8009 -0.11
    endloop
  endfacet
  facet normal 0 0 -1
    outer loop
      vertex 10.44 16.223 -0.11
      vertex 10.5 16.3034 -0.11
      vertex 10.44 -16.223 -0.11
    endloop
  endfacet
  facet normal 0 0 -1
    outer loop
      vertex 10.44 16.223 -0.11
      vertex 9.7 16.8009 -0.11
      vertex 10.5 16.3034 -0.11
    endloop
  endfacet
  facet normal 0 0 -1
    outer loop
      vertex 9.64999 16.7143 -0.11
      vertex 9.7 16.8009 -0.11
      vertex 10.44 16.223 -0.11
    endloop
  endfacet
  facet normal 0 0 -1
    outer loop
      vertex 9.56 16.7624 -0.11
      vertex 9.7 16.8009 -0.11
      vertex 9.64999 16.7143 -0.11
    endloop
  endfacet
  facet normal 0 0 -1
    outer loop
      vertex 9.56 16.7624 -0.11
      vertex 9.5 16.9078 -0.11
      vertex 9.7 16.8009 -0.11
    endloop
  endfacet
  facet normal 0 0 -1
    outer loop
      vertex 9.5 16.9078 -0.11
      vertex 9.56 16.7624 -0.11
      vertex 9.5 -16.9078 -0.11
    endloop
  endfacet
  facet normal 0 0 -1
    outer loop
      vertex -12 -15.2351 -0.11
      vertex -12.06 -15.0565 -0.11
      vertex -12 15.2351 -0.11
    endloop
  endfacet
  facet normal 0 0 -1
    outer loop
      vertex -12.7913 -14.5857 -0.11
      vertex -12.06 -15.0565 -0.11
      vertex -12 -15.2351 -0.11
    endloop
  endfacet
  facet normal 0 0 -1
    outer loop
      vertex -12.06 -15.0565 -0.11
      vertex -12.7913 -14.5857 -0.11
      vertex -12.7254 -14.5105 -0.11
    endloop
  endfacet
  facet normal 0 0 -1
    outer loop
      vertex -13 -14.3902 -0.11
      vertex -12.7254 -14.5105 -0.11
      vertex -12.7913 -14.5857 -0.11
    endloop
  endfacet
  facet normal -0 0 -1
    outer loop
      vertex -12.94 -14.3095 -0.11
      vertex -13 -14.3902 -0.11
      vertex -12.94 14.3095 -0.11
    endloop
  endfacet
  facet normal 0 0 -1
    outer loop
      vertex -12.7254 -14.5105 -0.11
      vertex -13 -14.3902 -0.11
      vertex -12.94 -14.3095 -0.11
    endloop
  endfacet
  facet normal 0 0 -1
    outer loop
      vertex -12.06 15.0565 -0.11
      vertex -12 15.2351 -0.11
      vertex -12.06 -15.0565 -0.11
    endloop
  endfacet
  facet normal 0 0 -1
    outer loop
      vertex -12.7913 14.5857 -0.11
      vertex -12.06 15.0565 -0.11
      vertex -12.7254 14.5105 -0.11
    endloop
  endfacet
  facet normal -0 0 -1
    outer loop
      vertex -12.06 15.0565 -0.11
      vertex -12.7913 14.5857 -0.11
      vertex -12 15.2351 -0.11
    endloop
  endfacet
  facet normal 0 0 -1
    outer loop
      vertex -13 14.3902 -0.11
      vertex -12.7254 14.5105 -0.11
      vertex -12.94 14.3095 -0.11
    endloop
  endfacet
  facet normal -0 0 -1
    outer loop
      vertex -12.7254 14.5105 -0.11
      vertex -13 14.3902 -0.11
      vertex -12.7913 14.5857 -0.11
    endloop
  endfacet
  facet normal 0 0 -1
    outer loop
      vertex -13 14.3902 -0.11
      vertex -12.94 14.3095 -0.11
      vertex -13 -14.3902 -0.11
    endloop
  endfacet
  facet normal 0 0 -1
    outer loop
      vertex 13 -14.3902 -0.11
      vertex 12.94 -14.3095 -0.11
      vertex 13 14.3902 -0.11
    endloop
  endfacet
  facet normal 0 0 -1
    outer loop
      vertex 12.7254 -14.5105 -0.11
      vertex 13 -14.3902 -0.11
      vertex 12.7913 -14.5857 -0.11
    endloop
  endfacet
  facet normal -0 0 -1
    outer loop
      vertex 13 -14.3902 -0.11
      vertex 12.7254 -14.5105 -0.11
      vertex 12.94 -14.3095 -0.11
    endloop
  endfacet
  facet normal -0 0 -1
    outer loop
      vertex 12.7913 -14.5857 -0.11
      vertex 12.06 -15.0565 -0.11
      vertex 12.7254 -14.5105 -0.11
    endloop
  endfacet
  facet normal -0 0 -1
    outer loop
      vertex 12.06 -15.0565 -0.11
      vertex 12 -15.2351 -0.11
      vertex 12.06 15.0565 -0.11
    endloop
  endfacet
  facet normal 0 0 -1
    outer loop
      vertex 12 -15.2351 -0.11
      vertex 12.06 -15.0565 -0.11
      vertex 12.7913 -14.5857 -0.11
    endloop
  endfacet
  facet normal 0 0 -1
    outer loop
      vertex 12.94 14.3095 -0.11
      vertex 13 14.3902 -0.11
      vertex 12.94 -14.3095 -0.11
    endloop
  endfacet
  facet normal 0 0 -1
    outer loop
      vertex 12.7254 14.5105 -0.11
      vertex 13 14.3902 -0.11
      vertex 12.94 14.3095 -0.11
    endloop
  endfacet
  facet normal 0 0 -1
    outer loop
      vertex 13 14.3902 -0.11
      vertex 12.7254 14.5105 -0.11
      vertex 12.7913 14.5857 -0.11
    endloop
  endfacet
  facet normal 0 0 -1
    outer loop
      vertex 12.06 15.0565 -0.11
      vertex 12.7913 14.5857 -0.11
      vertex 12.7254 14.5105 -0.11
    endloop
  endfacet
  facet normal 0 0 -1
    outer loop
      vertex 12.06 15.0565 -0.11
      vertex 12 15.2351 -0.11
      vertex 12.7913 14.5857 -0.11
    endloop
  endfacet
  facet normal 0 0 -1
    outer loop
      vertex 12 15.2351 -0.11
      vertex 12.06 15.0565 -0.11
      vertex 12 -15.2351 -0.11
    endloop
  endfacet
  facet normal 0 0 -1
    outer loop
      vertex -14.5 -12.8828 -0.11
      vertex -14.56 -12.6651 -0.11
      vertex -14.5 12.8828 -0.11
    endloop
  endfacet
  facet normal 0 0 -1
    outer loop
      vertex -14.5857 -12.7913 -0.11
      vertex -14.56 -12.6651 -0.11
      vertex -14.5 -12.8828 -0.11
    endloop
  endfacet
  facet normal 0 0 -1
    outer loop
      vertex -15.3911 -11.81 -0.11
      vertex -14.56 -12.6651 -0.11
      vertex -14.5857 -12.7913 -0.11
    endloop
  endfacet
  facet normal 0 0 -1
    outer loop
      vertex -14.56 -12.6651 -0.11
      vertex -15.3911 -11.81 -0.11
      vertex -15.3117 -11.7491 -0.11
    endloop
  endfacet
  facet normal 0 0 -1
    outer loop
      vertex -15.5 -11.6579 -0.11
      vertex -15.3117 -11.7491 -0.11
      vertex -15.3911 -11.81 -0.11
    endloop
  endfacet
  facet normal -0 0 -1
    outer loop
      vertex -15.44 -11.5701 -0.11
      vertex -15.5 -11.6579 -0.11
      vertex -15.44 11.5701 -0.11
    endloop
  endfacet
  facet normal 0 0 -1
    outer loop
      vertex -15.3117 -11.7491 -0.11
      vertex -15.5 -11.6579 -0.11
      vertex -15.44 -11.5701 -0.11
    endloop
  endfacet
  facet normal 0 0 -1
    outer loop
      vertex -14.56 12.6651 -0.11
      vertex -14.5 12.8828 -0.11
      vertex -14.56 -12.6651 -0.11
    endloop
  endfacet
  facet normal 0 0 -1
    outer loop
      vertex -14.56 12.6651 -0.11
      vertex -14.5857 12.7913 -0.11
      vertex -14.5 12.8828 -0.11
    endloop
  endfacet
  facet normal 0 0 -1
    outer loop
      vertex -15.3911 11.81 -0.11
      vertex -14.56 12.6651 -0.11
      vertex -15.3117 11.7491 -0.11
    endloop
  endfacet
  facet normal -0 0 -1
    outer loop
      vertex -14.56 12.6651 -0.11
      vertex -15.3911 11.81 -0.11
      vertex -14.5857 12.7913 -0.11
    endloop
  endfacet
  facet normal 0 0 -1
    outer loop
      vertex -15.5 11.6579 -0.11
      vertex -15.3117 11.7491 -0.11
      vertex -15.44 11.5701 -0.11
    endloop
  endfacet
  facet normal -0 0 -1
    outer loop
      vertex -15.3117 11.7491 -0.11
      vertex -15.5 11.6579 -0.11
      vertex -15.3911 11.81 -0.11
    endloop
  endfacet
  facet normal 0 0 -1
    outer loop
      vertex -15.5 11.6579 -0.11
      vertex -15.44 11.5701 -0.11
      vertex -15.5 -11.6579 -0.11
    endloop
  endfacet
  facet normal 0 0 -1
    outer loop
      vertex 15.5 -11.6579 -0.11
      vertex 15.44 -11.5701 -0.11
      vertex 15.5 11.6579 -0.11
    endloop
  endfacet
  facet normal 0 0 -1
    outer loop
      vertex 15.3117 -11.7491 -0.11
      vertex 15.5 -11.6579 -0.11
      vertex 15.3911 -11.81 -0.11
    endloop
  endfacet
  facet normal -0 0 -1
    outer loop
      vertex 15.5 -11.6579 -0.11
      vertex 15.3117 -11.7491 -0.11
      vertex 15.44 -11.5701 -0.11
    endloop
  endfacet
  facet normal 0 0 -1
    outer loop
      vertex 14.56 -12.6651 -0.11
      vertex 15.3911 -11.81 -0.11
      vertex 14.5857 -12.7913 -0.11
    endloop
  endfacet
  facet normal -0 0 -1
    outer loop
      vertex 15.3911 -11.81 -0.11
      vertex 14.56 -12.6651 -0.11
      vertex 15.3117 -11.7491 -0.11
    endloop
  endfacet
  facet normal -0 0 -1
    outer loop
      vertex 14.56 -12.6651 -0.11
      vertex 14.5 -12.8828 -0.11
      vertex 14.56 12.6651 -0.11
    endloop
  endfacet
  facet normal 0 0 -1
    outer loop
      vertex 14.5 -12.8828 -0.11
      vertex 14.56 -12.6651 -0.11
      vertex 14.5857 -12.7913 -0.11
    endloop
  endfacet
  facet normal 0 0 -1
    outer loop
      vertex 15.44 11.5701 -0.11
      vertex 15.5 11.6579 -0.11
      vertex 15.44 -11.5701 -0.11
    endloop
  endfacet
  facet normal 0 0 -1
    outer loop
      vertex 15.3117 11.7491 -0.11
      vertex 15.5 11.6579 -0.11
      vertex 15.44 11.5701 -0.11
    endloop
  endfacet
  facet normal 0 0 -1
    outer loop
      vertex 15.5 11.6579 -0.11
      vertex 15.3117 11.7491 -0.11
      vertex 15.3911 11.81 -0.11
    endloop
  endfacet
  facet normal 0 0 -1
    outer loop
      vertex 14.56 12.6651 -0.11
      vertex 15.3911 11.81 -0.11
      vertex 15.3117 11.7491 -0.11
    endloop
  endfacet
  facet normal 0 0 -1
    outer loop
      vertex 15.3911 11.81 -0.11
      vertex 14.56 12.6651 -0.11
      vertex 14.5857 12.7913 -0.11
    endloop
  endfacet
  facet normal 0 0 -1
    outer loop
      vertex 14.56 12.6651 -0.11
      vertex 14.5 12.8828 -0.11
      vertex 14.5857 12.7913 -0.11
    endloop
  endfacet
  facet normal 0 0 -1
    outer loop
      vertex 14.5 12.8828 -0.11
      vertex 14.56 12.6651 -0.11
      vertex 14.5 -12.8828 -0.11
    endloop
  endfacet
  facet normal 0 0 -1
    outer loop
      vertex -17 -9.32748 -0.11
      vertex -17.06 -9.0032 -0.11
      vertex -17 9.32748 -0.11
    endloop
  endfacet
  facet normal 0 0 -1
    outer loop
      vertex -17.3993 -8.5804 -0.11
      vertex -17.06 -9.0032 -0.11
      vertex -17 -9.32748 -0.11
    endloop
  endfacet
  facet normal 0 0 -1
    outer loop
      vertex -17.06 -9.0032 -0.11
      vertex -17.3993 -8.5804 -0.11
      vertex -17.3096 -8.53616 -0.11
    endloop
  endfacet
  facet normal 0 0 -1
    outer loop
      vertex -17.3993 -8.5804 -0.11
      vertex -17.8309 -7.38579 -0.11
      vertex -17.3096 -8.53616 -0.11
    endloop
  endfacet
  facet normal 0 0 -1
    outer loop
      vertex -17.9232 -7.42406 -0.11
      vertex -17.8309 -7.38579 -0.11
      vertex -17.3993 -8.5804 -0.11
    endloop
  endfacet
  facet normal 0 0 -1
    outer loop
      vertex -18 -7.22014 -0.11
      vertex -17.8309 -7.38579 -0.11
      vertex -17.9232 -7.42406 -0.11
    endloop
  endfacet
  facet normal -0 0 -1
    outer loop
      vertex -17.94 -7.09583 -0.11
      vertex -18 -7.22014 -0.11
      vertex -17.94 7.09583 -0.11
    endloop
  endfacet
  facet normal 0 0 -1
    outer loop
      vertex -17.8309 -7.38579 -0.11
      vertex -18 -7.22014 -0.11
      vertex -17.94 -7.09583 -0.11
    endloop
  endfacet
  facet normal 0 0 -1
    outer loop
      vertex -17.06 9.0032 -0.11
      vertex -17 9.32748 -0.11
      vertex -17.06 -9.0032 -0.11
    endloop
  endfacet
  facet normal 0 0 -1
    outer loop
      vertex -17.3993 8.5804 -0.11
      vertex -17.06 9.0032 -0.11
      vertex -17.3096 8.53616 -0.11
    endloop
  endfacet
  facet normal -0 0 -1
    outer loop
      vertex -17.06 9.0032 -0.11
      vertex -17.3993 8.5804 -0.11
      vertex -17 9.32748 -0.11
    endloop
  endfacet
  facet normal 0 0 -1
    outer loop
      vertex -17.8309 7.38579 -0.11
      vertex -17.3993 8.5804 -0.11
      vertex -17.3096 8.53616 -0.11
    endloop
  endfacet
  facet normal 0 0 -1
    outer loop
      vertex -17.8309 7.38579 -0.11
      vertex -17.9232 7.42406 -0.11
      vertex -17.3993 8.5804 -0.11
    endloop
  endfacet
  facet normal 0 0 -1
    outer loop
      vertex -18 7.22014 -0.11
      vertex -17.8309 7.38579 -0.11
      vertex -17.94 7.09583 -0.11
    endloop
  endfacet
  facet normal -0 0 -1
    outer loop
      vertex -17.8309 7.38579 -0.11
      vertex -18 7.22014 -0.11
      vertex -17.9232 7.42406 -0.11
    endloop
  endfacet
  facet normal 0 0 -1
    outer loop
      vertex -18 7.22014 -0.11
      vertex -17.94 7.09583 -0.11
      vertex -18 -7.22014 -0.11
    endloop
  endfacet
  facet normal 0 0 -1
    outer loop
      vertex 18 -7.22014 -0.11
      vertex 17.94 -7.09583 -0.11
      vertex 18 7.22014 -0.11
    endloop
  endfacet
  facet normal 0 0 -1
    outer loop
      vertex 17.8309 -7.38579 -0.11
      vertex 18 -7.22014 -0.11
      vertex 17.9232 -7.42406 -0.11
    endloop
  endfacet
  facet normal -0 0 -1
    outer loop
      vertex 18 -7.22014 -0.11
      vertex 17.8309 -7.38579 -0.11
      vertex 17.94 -7.09583 -0.11
    endloop
  endfacet
  facet normal 0 0 -1
    outer loop
      vertex 17.3993 -8.5804 -0.11
      vertex 17.8309 -7.38579 -0.11
      vertex 17.9232 -7.42406 -0.11
    endloop
  endfacet
  facet normal 0 0 -1
    outer loop
      vertex 17.3993 -8.5804 -0.11
      vertex 17.3096 -8.53616 -0.11
      vertex 17.8309 -7.38579 -0.11
    endloop
  endfacet
  facet normal -0 0 -1
    outer loop
      vertex 17.3993 -8.5804 -0.11
      vertex 17.06 -9.0032 -0.11
      vertex 17.3096 -8.53616 -0.11
    endloop
  endfacet
  facet normal -0 0 -1
    outer loop
      vertex 17.06 -9.0032 -0.11
      vertex 17 -9.32748 -0.11
      vertex 17.06 9.0032 -0.11
    endloop
  endfacet
  facet normal 0 0 -1
    outer loop
      vertex 17 -9.32748 -0.11
      vertex 17.06 -9.0032 -0.11
      vertex 17.3993 -8.5804 -0.11
    endloop
  endfacet
  facet normal 0 0 -1
    outer loop
      vertex 17.94 7.09583 -0.11
      vertex 18 7.22014 -0.11
      vertex 17.94 -7.09583 -0.11
    endloop
  endfacet
  facet normal 0 0 -1
    outer loop
      vertex 17.8309 7.38579 -0.11
      vertex 18 7.22014 -0.11
      vertex 17.94 7.09583 -0.11
    endloop
  endfacet
  facet normal 0 0 -1
    outer loop
      vertex 18 7.22014 -0.11
      vertex 17.8309 7.38579 -0.11
      vertex 17.9232 7.42406 -0.11
    endloop
  endfacet
  facet normal 0 0 -1
    outer loop
      vertex 17.8309 7.38579 -0.11
      vertex 17.3993 8.5804 -0.11
      vertex 17.9232 7.42406 -0.11
    endloop
  endfacet
  facet normal 0 0 -1
    outer loop
      vertex 17.3096 8.53616 -0.11
      vertex 17.3993 8.5804 -0.11
      vertex 17.8309 7.38579 -0.11
    endloop
  endfacet
  facet normal 0 0 -1
    outer loop
      vertex 17.06 9.0032 -0.11
      vertex 17.3993 8.5804 -0.11
      vertex 17.3096 8.53616 -0.11
    endloop
  endfacet
  facet normal 0 0 -1
    outer loop
      vertex 17.06 9.0032 -0.11
      vertex 17 9.32748 -0.11
      vertex 17.3993 8.5804 -0.11
    endloop
  endfacet
  facet normal 0 0 -1
    outer loop
      vertex 17 9.32748 -0.11
      vertex 17.06 9.0032 -0.11
      vertex 17 -9.32748 -0.11
    endloop
  endfacet
  facet normal 1 -0 0
    outer loop
      vertex 0.5 -19.3836 0
      vertex 0.5 19.3836 -0.11
      vertex 0.5 19.3836 0
    endloop
  endfacet
  facet normal 1 0 0
    outer loop
      vertex 0.5 19.3836 -0.11
      vertex 0.5 -19.3836 0
      vertex 0.5 -19.3836 -0.11
    endloop
  endfacet
  facet normal 0.0327824 -0.999463 0
    outer loop
      vertex 0 -19.4 -0.11
      vertex 0.5 -19.3836 0
      vertex 0 -19.4 0
    endloop
  endfacet
  facet normal 0.0327824 -0.999463 0
    outer loop
      vertex 0.5 -19.3836 0
      vertex 0 -19.4 -0.11
      vertex 0.5 -19.3836 -0.11
    endloop
  endfacet
  facet normal -0.0327824 -0.999463 0
    outer loop
      vertex -0.5 -19.3836 -0.11
      vertex 0 -19.4 0
      vertex -0.5 -19.3836 0
    endloop
  endfacet
  facet normal -0.0327824 -0.999463 -0
    outer loop
      vertex 0 -19.4 0
      vertex -0.5 -19.3836 -0.11
      vertex 0 -19.4 -0.11
    endloop
  endfacet
  facet normal -1 0 0
    outer loop
      vertex -0.5 -19.3836 -0.11
      vertex -0.5 19.3836 0
      vertex -0.5 19.3836 -0.11
    endloop
  endfacet
  facet normal -1 -0 0
    outer loop
      vertex -0.5 19.3836 0
      vertex -0.5 -19.3836 -0.11
      vertex -0.5 -19.3836 0
    endloop
  endfacet
  facet normal -0.0327824 0.999463 0
    outer loop
      vertex 0 19.4 -0.11
      vertex -0.5 19.3836 0
      vertex 0 19.4 0
    endloop
  endfacet
  facet normal -0.0327824 0.999463 0
    outer loop
      vertex -0.5 19.3836 0
      vertex 0 19.4 -0.11
      vertex -0.5 19.3836 -0.11
    endloop
  endfacet
  facet normal 0.0327824 0.999463 -0
    outer loop
      vertex 0.5 19.3836 -0.11
      vertex 0 19.4 0
      vertex 0.5 19.3836 0
    endloop
  endfacet
  facet normal 0.0327824 0.999463 0
    outer loop
      vertex 0 19.4 0
      vertex 0.5 19.3836 -0.11
      vertex 0 19.4 -0.11
    endloop
  endfacet
  facet normal -0.0979854 -0.995188 0
    outer loop
      vertex -2.5322 -19.234 -0.11
      vertex -2 -19.2864 0
      vertex -2.5322 -19.234 0
    endloop
  endfacet
  facet normal -0.0979854 -0.995188 -0
    outer loop
      vertex -2 -19.2864 0
      vertex -2.5322 -19.234 -0.11
      vertex -2 -19.2864 -0.11
    endloop
  endfacet
  facet normal -0.162825 -0.986655 0
    outer loop
      vertex -3 -19.1568 -0.11
      vertex -2.5322 -19.234 0
      vertex -3 -19.1568 0
    endloop
  endfacet
  facet normal -0.162825 -0.986655 -0
    outer loop
      vertex -2.5322 -19.234 0
      vertex -3 -19.1568 -0.11
      vertex -2.5322 -19.234 -0.11
    endloop
  endfacet
  facet normal -1 0 0
    outer loop
      vertex -3 -19.1568 -0.11
      vertex -3 19.1568 0
      vertex -3 19.1568 -0.11
    endloop
  endfacet
  facet normal -1 -0 0
    outer loop
      vertex -3 19.1568 0
      vertex -3 -19.1568 -0.11
      vertex -3 -19.1568 0
    endloop
  endfacet
  facet normal -0.162825 0.986655 0
    outer loop
      vertex -2.5322 19.234 -0.11
      vertex -3 19.1568 0
      vertex -2.5322 19.234 0
    endloop
  endfacet
  facet normal -0.162825 0.986655 0
    outer loop
      vertex -3 19.1568 0
      vertex -2.5322 19.234 -0.11
      vertex -3 19.1568 -0.11
    endloop
  endfacet
  facet normal -0.0979854 0.995188 0
    outer loop
      vertex -2 19.2864 -0.11
      vertex -2.5322 19.234 0
      vertex -2 19.2864 0
    endloop
  endfacet
  facet normal -0.0979854 0.995188 0
    outer loop
      vertex -2.5322 19.234 0
      vertex -2 19.2864 -0.11
      vertex -2.5322 19.234 -0.11
    endloop
  endfacet
  facet normal 1 -0 0
    outer loop
      vertex -2 -19.2864 0
      vertex -2 19.2864 -0.11
      vertex -2 19.2864 0
    endloop
  endfacet
  facet normal 1 0 0
    outer loop
      vertex -2 19.2864 -0.11
      vertex -2 -19.2864 0
      vertex -2 -19.2864 -0.11
    endloop
  endfacet
  facet normal 0.162825 0.986655 -0
    outer loop
      vertex 3 19.1568 -0.11
      vertex 2.5322 19.234 0
      vertex 3 19.1568 0
    endloop
  endfacet
  facet normal 0.162825 0.986655 0
    outer loop
      vertex 2.5322 19.234 0
      vertex 3 19.1568 -0.11
      vertex 2.5322 19.234 -0.11
    endloop
  endfacet
  facet normal 1 -0 0
    outer loop
      vertex 3 -19.1568 0
      vertex 3 19.1568 -0.11
      vertex 3 19.1568 0
    endloop
  endfacet
  facet normal 1 0 0
    outer loop
      vertex 3 19.1568 -0.11
      vertex 3 -19.1568 0
      vertex 3 -19.1568 -0.11
    endloop
  endfacet
  facet normal 0.162825 -0.986655 0
    outer loop
      vertex 2.5322 -19.234 -0.11
      vertex 3 -19.1568 0
      vertex 2.5322 -19.234 0
    endloop
  endfacet
  facet normal 0.162825 -0.986655 0
    outer loop
      vertex 3 -19.1568 0
      vertex 2.5322 -19.234 -0.11
      vertex 3 -19.1568 -0.11
    endloop
  endfacet
  facet normal 0.0979854 -0.995188 0
    outer loop
      vertex 2 -19.2864 -0.11
      vertex 2.5322 -19.234 0
      vertex 2 -19.2864 0
    endloop
  endfacet
  facet normal 0.0979854 -0.995188 0
    outer loop
      vertex 2.5322 -19.234 0
      vertex 2 -19.2864 -0.11
      vertex 2.5322 -19.234 -0.11
    endloop
  endfacet
  facet normal -1 0 0
    outer loop
      vertex 2 -19.2864 -0.11
      vertex 2 19.2864 0
      vertex 2 19.2864 -0.11
    endloop
  endfacet
  facet normal -1 -0 0
    outer loop
      vertex 2 19.2864 0
      vertex 2 -19.2864 -0.11
      vertex 2 -19.2864 0
    endloop
  endfacet
  facet normal 0.0979854 0.995188 -0
    outer loop
      vertex 2.5322 19.234 -0.11
      vertex 2 19.2864 0
      vertex 2.5322 19.234 0
    endloop
  endfacet
  facet normal 0.0979854 0.995188 0
    outer loop
      vertex 2 19.2864 0
      vertex 2.5322 19.234 -0.11
      vertex 2 19.2864 -0.11
    endloop
  endfacet
  facet normal -0.227074 -0.973877 0
    outer loop
      vertex -5.02109 -18.739 -0.11
      vertex -4.5 -18.8605 0
      vertex -5.02109 -18.739 0
    endloop
  endfacet
  facet normal -0.227074 -0.973877 -0
    outer loop
      vertex -4.5 -18.8605 0
      vertex -5.02109 -18.739 -0.11
      vertex -4.5 -18.8605 -0.11
    endloop
  endfacet
  facet normal -0.290329 -0.956927 0
    outer loop
      vertex -5.5 -18.5937 -0.11
      vertex -5.02109 -18.739 0
      vertex -5.5 -18.5937 0
    endloop
  endfacet
  facet normal -0.290329 -0.956927 -0
    outer loop
      vertex -5.02109 -18.739 0
      vertex -5.5 -18.5937 -0.11
      vertex -5.02109 -18.739 -0.11
    endloop
  endfacet
  facet normal -1 0 0
    outer loop
      vertex -5.5 -18.5937 -0.11
      vertex -5.5 18.5937 0
      vertex -5.5 18.5937 -0.11
    endloop
  endfacet
  facet normal -1 -0 0
    outer loop
      vertex -5.5 18.5937 0
      vertex -5.5 -18.5937 -0.11
      vertex -5.5 -18.5937 0
    endloop
  endfacet
  facet normal -0.290329 0.956927 0
    outer loop
      vertex -5.02109 18.739 -0.11
      vertex -5.5 18.5937 0
      vertex -5.02109 18.739 0
    endloop
  endfacet
  facet normal -0.290329 0.956927 0
    outer loop
      vertex -5.5 18.5937 0
      vertex -5.02109 18.739 -0.11
      vertex -5.5 18.5937 -0.11
    endloop
  endfacet
  facet normal -0.227074 0.973877 0
    outer loop
      vertex -4.5 18.8605 -0.11
      vertex -5.02109 18.739 0
      vertex -4.5 18.8605 0
    endloop
  endfacet
  facet normal -0.227074 0.973877 0
    outer loop
      vertex -5.02109 18.739 0
      vertex -4.5 18.8605 -0.11
      vertex -5.02109 18.739 -0.11
    endloop
  endfacet
  facet normal 1 -0 0
    outer loop
      vertex -4.5 -18.8605 0
      vertex -4.5 18.8605 -0.11
      vertex -4.5 18.8605 0
    endloop
  endfacet
  facet normal 1 0 0
    outer loop
      vertex -4.5 18.8605 -0.11
      vertex -4.5 -18.8605 0
      vertex -4.5 -18.8605 -0.11
    endloop
  endfacet
  facet normal 0.290329 0.956927 -0
    outer loop
      vertex 5.5 18.5937 -0.11
      vertex 5.02109 18.739 0
      vertex 5.5 18.5937 0
    endloop
  endfacet
  facet normal 0.290329 0.956927 0
    outer loop
      vertex 5.02109 18.739 0
      vertex 5.5 18.5937 -0.11
      vertex 5.02109 18.739 -0.11
    endloop
  endfacet
  facet normal 1 -0 0
    outer loop
      vertex 5.5 -18.5937 0
      vertex 5.5 18.5937 -0.11
      vertex 5.5 18.5937 0
    endloop
  endfacet
  facet normal 1 0 0
    outer loop
      vertex 5.5 18.5937 -0.11
      vertex 5.5 -18.5937 0
      vertex 5.5 -18.5937 -0.11
    endloop
  endfacet
  facet normal 0.290329 -0.956927 0
    outer loop
      vertex 5.02109 -18.739 -0.11
      vertex 5.5 -18.5937 0
      vertex 5.02109 -18.739 0
    endloop
  endfacet
  facet normal 0.290329 -0.956927 0
    outer loop
      vertex 5.5 -18.5937 0
      vertex 5.02109 -18.739 -0.11
      vertex 5.5 -18.5937 -0.11
    endloop
  endfacet
  facet normal 0.227074 -0.973877 0
    outer loop
      vertex 4.5 -18.8605 -0.11
      vertex 5.02109 -18.739 0
      vertex 4.5 -18.8605 0
    endloop
  endfacet
  facet normal 0.227074 -0.973877 0
    outer loop
      vertex 5.02109 -18.739 0
      vertex 4.5 -18.8605 -0.11
      vertex 5.02109 -18.739 -0.11
    endloop
  endfacet
  facet normal -1 0 0
    outer loop
      vertex 4.5 -18.8605 -0.11
      vertex 4.5 18.8605 0
      vertex 4.5 18.8605 -0.11
    endloop
  endfacet
  facet normal -1 -0 0
    outer loop
      vertex 4.5 18.8605 0
      vertex 4.5 -18.8605 -0.11
      vertex 4.5 -18.8605 0
    endloop
  endfacet
  facet normal 0.227074 0.973877 -0
    outer loop
      vertex 5.02109 18.739 -0.11
      vertex 4.5 18.8605 0
      vertex 5.02109 18.739 0
    endloop
  endfacet
  facet normal 0.227074 0.973877 0
    outer loop
      vertex 4.5 18.8605 0
      vertex 5.02109 18.739 -0.11
      vertex 4.5 18.8605 -0.11
    endloop
  endfacet
  facet normal -0.352434 -0.935837 0
    outer loop
      vertex -7.42406 -17.9232 -0.11
      vertex -7 -18.0829 0
      vertex -7.42406 -17.9232 0
    endloop
  endfacet
  facet normal -0.352434 -0.935837 -0
    outer loop
      vertex -7 -18.0829 0
      vertex -7.42406 -17.9232 -0.11
      vertex -7 -18.0829 -0.11
    endloop
  endfacet
  facet normal -0.412635 -0.910897 0
    outer loop
      vertex -8 -17.6623 -0.11
      vertex -7.42406 -17.9232 0
      vertex -8 -17.6623 0
    endloop
  endfacet
  facet normal -0.412635 -0.910897 -0
    outer loop
      vertex -7.42406 -17.9232 0
      vertex -8 -17.6623 -0.11
      vertex -7.42406 -17.9232 -0.11
    endloop
  endfacet
  facet normal -1 0 0
    outer loop
      vertex -8 -17.6623 -0.11
      vertex -8 17.6623 0
      vertex -8 17.6623 -0.11
    endloop
  endfacet
  facet normal -1 -0 0
    outer loop
      vertex -8 17.6623 0
      vertex -8 -17.6623 -0.11
      vertex -8 -17.6623 0
    endloop
  endfacet
  facet normal -0.412635 0.910897 0
    outer loop
      vertex -7.42406 17.9232 -0.11
      vertex -8 17.6623 0
      vertex -7.42406 17.9232 0
    endloop
  endfacet
  facet normal -0.412635 0.910897 0
    outer loop
      vertex -8 17.6623 0
      vertex -7.42406 17.9232 -0.11
      vertex -8 17.6623 -0.11
    endloop
  endfacet
  facet normal -0.352434 0.935837 0
    outer loop
      vertex -7 18.0829 -0.11
      vertex -7.42406 17.9232 0
      vertex -7 18.0829 0
    endloop
  endfacet
  facet normal -0.352434 0.935837 0
    outer loop
      vertex -7.42406 17.9232 0
      vertex -7 18.0829 -0.11
      vertex -7.42406 17.9232 -0.11
    endloop
  endfacet
  facet normal 1 -0 0
    outer loop
      vertex -7 -18.0829 0
      vertex -7 18.0829 -0.11
      vertex -7 18.0829 0
    endloop
  endfacet
  facet normal 1 0 0
    outer loop
      vertex -7 18.0829 -0.11
      vertex -7 -18.0829 0
      vertex -7 -18.0829 -0.11
    endloop
  endfacet
  facet normal 0.412635 0.910897 -0
    outer loop
      vertex 8 17.6623 -0.11
      vertex 7.42406 17.9232 0
      vertex 8 17.6623 0
    endloop
  endfacet
  facet normal 0.412635 0.910897 0
    outer loop
      vertex 7.42406 17.9232 0
      vertex 8 17.6623 -0.11
      vertex 7.42406 17.9232 -0.11
    endloop
  endfacet
  facet normal 1 -0 0
    outer loop
      vertex 8 -17.6623 0
      vertex 8 17.6623 -0.11
      vertex 8 17.6623 0
    endloop
  endfacet
  facet normal 1 0 0
    outer loop
      vertex 8 17.6623 -0.11
      vertex 8 -17.6623 0
      vertex 8 -17.6623 -0.11
    endloop
  endfacet
  facet normal 0.412635 -0.910897 0
    outer loop
      vertex 7.42406 -17.9232 -0.11
      vertex 8 -17.6623 0
      vertex 7.42406 -17.9232 0
    endloop
  endfacet
  facet normal 0.412635 -0.910897 0
    outer loop
      vertex 8 -17.6623 0
      vertex 7.42406 -17.9232 -0.11
      vertex 8 -17.6623 -0.11
    endloop
  endfacet
  facet normal 0.352434 -0.935837 0
    outer loop
      vertex 7 -18.0829 -0.11
      vertex 7.42406 -17.9232 0
      vertex 7 -18.0829 0
    endloop
  endfacet
  facet normal 0.352434 -0.935837 0
    outer loop
      vertex 7.42406 -17.9232 0
      vertex 7 -18.0829 -0.11
      vertex 7.42406 -17.9232 -0.11
    endloop
  endfacet
  facet normal -1 0 0
    outer loop
      vertex 7 -18.0829 -0.11
      vertex 7 18.0829 0
      vertex 7 18.0829 -0.11
    endloop
  endfacet
  facet normal -1 -0 0
    outer loop
      vertex 7 18.0829 0
      vertex 7 -18.0829 -0.11
      vertex 7 -18.0829 0
    endloop
  endfacet
  facet normal 0.352434 0.935837 -0
    outer loop
      vertex 7.42406 17.9232 -0.11
      vertex 7 18.0829 0
      vertex 7.42406 17.9232 0
    endloop
  endfacet
  facet normal 0.352434 0.935837 0
    outer loop
      vertex 7 18.0829 0
      vertex 7.42406 17.9232 -0.11
      vertex 7 18.0829 -0.11
    endloop
  endfacet
  facet normal -0.471389 -0.881925 0
    outer loop
      vertex -9.7 -16.8009 -0.11
      vertex -9.5 -16.9078 0
      vertex -9.7 -16.8009 0
    endloop
  endfacet
  facet normal -0.471389 -0.881925 -0
    outer loop
      vertex -9.5 -16.9078 0
      vertex -9.7 -16.8009 -0.11
      vertex -9.5 -16.9078 -0.11
    endloop
  endfacet
  facet normal -0.528155 -0.849148 0
    outer loop
      vertex -10.5 -16.3034 -0.11
      vertex -10.3799 -16.3781 0
      vertex -10.5 -16.3034 9.03702e-07
    endloop
  endfacet
  facet normal -0.528089 -0.849189 -9.89112e-05
    outer loop
      vertex -9.7 -16.8009 -0.11
      vertex -10.3799 -16.3781 0
      vertex -10.5 -16.3034 -0.11
    endloop
  endfacet
  facet normal -0.528078 -0.849196 0
    outer loop
      vertex -10.3799 -16.3781 0
      vertex -9.7 -16.8009 -0.11
      vertex -9.7 -16.8009 0
    endloop
  endfacet
  facet normal 0 0 0
    outer loop
      vertex -10.5 16.3034 -0.11
      vertex -10.5 16.3034 0
      vertex -10.5 16.3034 9.03702e-07
    endloop
  endfacet
  facet normal -1 0 0
    outer loop
      vertex -10.5 16.3034 -0.11
      vertex -10.5 -16.3034 0
      vertex -10.5 16.3034 0
    endloop
  endfacet
  facet normal -1 0 0
    outer loop
      vertex -10.5 -16.3034 -0.11
      vertex -10.5 -16.3034 0
      vertex -10.5 16.3034 -0.11
    endloop
  endfacet
  facet normal 0 -0 0
    outer loop
      vertex -10.5 -16.3034 0
      vertex -10.5 -16.3034 -0.11
      vertex -10.5 -16.3034 9.03702e-07
    endloop
  endfacet
  facet normal -0.528089 0.849189 -9.89112e-05
    outer loop
      vertex -10.5 16.3034 -0.11
      vertex -10.3799 16.3781 0
      vertex -9.7 16.8009 -0.11
    endloop
  endfacet
  facet normal -0.528155 0.849148 0
    outer loop
      vertex -10.3799 16.3781 0
      vertex -10.5 16.3034 -0.11
      vertex -10.5 16.3034 9.03702e-07
    endloop
  endfacet
  facet normal -0.528078 0.849196 0
    outer loop
      vertex -9.7 16.8009 0
      vertex -9.7 16.8009 -0.11
      vertex -10.3799 16.3781 0
    endloop
  endfacet
  facet normal -0.471389 0.881925 0
    outer loop
      vertex -9.5 16.9078 -0.11
      vertex -9.7 16.8009 0
      vertex -9.5 16.9078 0
    endloop
  endfacet
  facet normal -0.471389 0.881925 0
    outer loop
      vertex -9.7 16.8009 0
      vertex -9.5 16.9078 -0.11
      vertex -9.7 16.8009 -0.11
    endloop
  endfacet
  facet normal 1 -0 0
    outer loop
      vertex -9.5 -16.9078 0
      vertex -9.5 16.9078 -0.11
      vertex -9.5 16.9078 0
    endloop
  endfacet
  facet normal 1 0 0
    outer loop
      vertex -9.5 16.9078 -0.11
      vertex -9.5 -16.9078 0
      vertex -9.5 -16.9078 -0.11
    endloop
  endfacet
  facet normal 0.528155 0.849148 -0
    outer loop
      vertex 10.5 16.3034 -0.11
      vertex 10.3799 16.3781 0
      vertex 10.5 16.3034 9.03702e-07
    endloop
  endfacet
  facet normal 0.528089 0.849189 -9.89112e-05
    outer loop
      vertex 9.7 16.8009 -0.11
      vertex 10.3799 16.3781 0
      vertex 10.5 16.3034 -0.11
    endloop
  endfacet
  facet normal 0.528078 0.849196 0
    outer loop
      vertex 10.3799 16.3781 0
      vertex 9.7 16.8009 -0.11
      vertex 9.7 16.8009 0
    endloop
  endfacet
  facet normal 0 -0 0
    outer loop
      vertex 10.5 16.3034 0
      vertex 10.5 16.3034 -0.11
      vertex 10.5 16.3034 9.03702e-07
    endloop
  endfacet
  facet normal 1 -0 0
    outer loop
      vertex 10.5 -16.3034 0
      vertex 10.5 16.3034 -0.11
      vertex 10.5 16.3034 0
    endloop
  endfacet
  facet normal 1 0 0
    outer loop
      vertex 10.5 -16.3034 0
      vertex 10.5 -16.3034 -0.11
      vertex 10.5 16.3034 -0.11
    endloop
  endfacet
  facet normal 0 0 0
    outer loop
      vertex 10.5 -16.3034 -0.11
      vertex 10.5 -16.3034 0
      vertex 10.5 -16.3034 9.03702e-07
    endloop
  endfacet
  facet normal 0.528078 -0.849196 0
    outer loop
      vertex 9.7 -16.8009 0
      vertex 9.7 -16.8009 -0.11
      vertex 10.3799 -16.3781 0
    endloop
  endfacet
  facet normal 0.528089 -0.849189 -9.89112e-05
    outer loop
      vertex 10.5 -16.3034 -0.11
      vertex 10.3799 -16.3781 0
      vertex 9.7 -16.8009 -0.11
    endloop
  endfacet
  facet normal 0.528155 -0.849148 0
    outer loop
      vertex 10.3799 -16.3781 0
      vertex 10.5 -16.3034 -0.11
      vertex 10.5 -16.3034 9.03702e-07
    endloop
  endfacet
  facet normal 0.471389 -0.881925 0
    outer loop
      vertex 9.5 -16.9078 -0.11
      vertex 9.7 -16.8009 0
      vertex 9.5 -16.9078 0
    endloop
  endfacet
  facet normal 0.471389 -0.881925 0
    outer loop
      vertex 9.7 -16.8009 0
      vertex 9.5 -16.9078 -0.11
      vertex 9.7 -16.8009 -0.11
    endloop
  endfacet
  facet normal -1 0 0
    outer loop
      vertex 9.5 -16.9078 -0.11
      vertex 9.5 16.9078 0
      vertex 9.5 16.9078 -0.11
    endloop
  endfacet
  facet normal -1 -0 0
    outer loop
      vertex 9.5 16.9078 0
      vertex 9.5 -16.9078 -0.11
      vertex 9.5 -16.9078 0
    endloop
  endfacet
  facet normal 0.471389 0.881925 -0
    outer loop
      vertex 9.7 16.8009 -0.11
      vertex 9.5 16.9078 0
      vertex 9.7 16.8009 0
    endloop
  endfacet
  facet normal 0.471389 0.881925 0
    outer loop
      vertex 9.5 16.9078 0
      vertex 9.7 16.8009 -0.11
      vertex 9.5 16.9078 -0.11
    endloop
  endfacet
  facet normal -0.634391 -0.773012 0
    outer loop
      vertex -12.7913 -14.5857 -0.11
      vertex -12 -15.2351 0
      vertex -12.7913 -14.5857 0
    endloop
  endfacet
  facet normal -0.634391 -0.773012 -0
    outer loop
      vertex -12 -15.2351 0
      vertex -12.7913 -14.5857 -0.11
      vertex -12 -15.2351 -0.11
    endloop
  endfacet
  facet normal -0.68365 -0.72981 0
    outer loop
      vertex -13 -14.3902 -0.11
      vertex -12.7913 -14.5857 0
      vertex -13 -14.3902 0
    endloop
  endfacet
  facet normal -0.68365 -0.72981 -0
    outer loop
      vertex -12.7913 -14.5857 0
      vertex -13 -14.3902 -0.11
      vertex -12.7913 -14.5857 -0.11
    endloop
  endfacet
  facet normal -1 0 0
    outer loop
      vertex -13 -14.3902 -0.11
      vertex -13 14.3902 0
      vertex -13 14.3902 -0.11
    endloop
  endfacet
  facet normal -1 -0 0
    outer loop
      vertex -13 14.3902 0
      vertex -13 -14.3902 -0.11
      vertex -13 -14.3902 0
    endloop
  endfacet
  facet normal -0.68365 0.72981 0
    outer loop
      vertex -12.7913 14.5857 -0.11
      vertex -13 14.3902 0
      vertex -12.7913 14.5857 0
    endloop
  endfacet
  facet normal -0.68365 0.72981 0
    outer loop
      vertex -13 14.3902 0
      vertex -12.7913 14.5857 -0.11
      vertex -13 14.3902 -0.11
    endloop
  endfacet
  facet normal -0.634391 0.773012 0
    outer loop
      vertex -12 15.2351 -0.11
      vertex -12.7913 14.5857 0
      vertex -12 15.2351 0
    endloop
  endfacet
  facet normal -0.634391 0.773012 0
    outer loop
      vertex -12.7913 14.5857 0
      vertex -12 15.2351 -0.11
      vertex -12.7913 14.5857 -0.11
    endloop
  endfacet
  facet normal 1 -0 0
    outer loop
      vertex -12 -15.2351 0
      vertex -12 15.2351 -0.11
      vertex -12 15.2351 0
    endloop
  endfacet
  facet normal 1 0 0
    outer loop
      vertex -12 15.2351 -0.11
      vertex -12 -15.2351 0
      vertex -12 -15.2351 -0.11
    endloop
  endfacet
  facet normal 0.68365 0.72981 -0
    outer loop
      vertex 13 14.3902 -0.11
      vertex 12.7913 14.5857 0
      vertex 13 14.3902 0
    endloop
  endfacet
  facet normal 0.68365 0.72981 0
    outer loop
      vertex 12.7913 14.5857 0
      vertex 13 14.3902 -0.11
      vertex 12.7913 14.5857 -0.11
    endloop
  endfacet
  facet normal 1 -0 0
    outer loop
      vertex 13 -14.3902 0
      vertex 13 14.3902 -0.11
      vertex 13 14.3902 0
    endloop
  endfacet
  facet normal 1 0 0
    outer loop
      vertex 13 14.3902 -0.11
      vertex 13 -14.3902 0
      vertex 13 -14.3902 -0.11
    endloop
  endfacet
  facet normal 0.68365 -0.72981 0
    outer loop
      vertex 12.7913 -14.5857 -0.11
      vertex 13 -14.3902 0
      vertex 12.7913 -14.5857 0
    endloop
  endfacet
  facet normal 0.68365 -0.72981 0
    outer loop
      vertex 13 -14.3902 0
      vertex 12.7913 -14.5857 -0.11
      vertex 13 -14.3902 -0.11
    endloop
  endfacet
  facet normal 0.634391 -0.773012 0
    outer loop
      vertex 12 -15.2351 -0.11
      vertex 12.7913 -14.5857 0
      vertex 12 -15.2351 0
    endloop
  endfacet
  facet normal 0.634391 -0.773012 0
    outer loop
      vertex 12.7913 -14.5857 0
      vertex 12 -15.2351 -0.11
      vertex 12.7913 -14.5857 -0.11
    endloop
  endfacet
  facet normal -1 0 0
    outer loop
      vertex 12 -15.2351 -0.11
      vertex 12 15.2351 0
      vertex 12 15.2351 -0.11
    endloop
  endfacet
  facet normal -1 -0 0
    outer loop
      vertex 12 15.2351 0
      vertex 12 -15.2351 -0.11
      vertex 12 -15.2351 0
    endloop
  endfacet
  facet normal 0.634391 0.773012 -0
    outer loop
      vertex 12.7913 14.5857 -0.11
      vertex 12 15.2351 0
      vertex 12.7913 14.5857 0
    endloop
  endfacet
  facet normal 0.634391 0.773012 0
    outer loop
      vertex 12 15.2351 0
      vertex 12.7913 14.5857 -0.11
      vertex 12 15.2351 -0.11
    endloop
  endfacet
  facet normal -0.72986 -0.683596 0
    outer loop
      vertex -14.5 -12.8828 -0.11
      vertex -14.5857 -12.7913 0
      vertex -14.5857 -12.7913 -0.11
    endloop
  endfacet
  facet normal -0.72986 -0.683596 0
    outer loop
      vertex -14.5857 -12.7913 0
      vertex -14.5 -12.8828 -0.11
      vertex -14.5 -12.8828 0
    endloop
  endfacet
  facet normal -0.772984 -0.634425 0
    outer loop
      vertex -14.5857 -12.7913 -0.11
      vertex -15.3911 -11.81 0
      vertex -15.3911 -11.81 -0.11
    endloop
  endfacet
  facet normal -0.772984 -0.634425 0
    outer loop
      vertex -15.3911 -11.81 0
      vertex -14.5857 -12.7913 -0.11
      vertex -14.5857 -12.7913 0
    endloop
  endfacet
  facet normal -0.813083 -0.582148 0
    outer loop
      vertex -15.3911 -11.81 -0.11
      vertex -15.5 -11.6579 0
      vertex -15.5 -11.6579 -0.11
    endloop
  endfacet
  facet normal -0.813083 -0.582148 0
    outer loop
      vertex -15.5 -11.6579 0
      vertex -15.3911 -11.81 -0.11
      vertex -15.3911 -11.81 0
    endloop
  endfacet
  facet normal -1 0 0
    outer loop
      vertex -15.5 -11.6579 -0.11
      vertex -15.5 11.6579 0
      vertex -15.5 11.6579 -0.11
    endloop
  endfacet
  facet normal -1 -0 0
    outer loop
      vertex -15.5 11.6579 0
      vertex -15.5 -11.6579 -0.11
      vertex -15.5 -11.6579 0
    endloop
  endfacet
  facet normal -0.813083 0.582148 0
    outer loop
      vertex -15.5 11.6579 -0.11
      vertex -15.3911 11.81 0
      vertex -15.3911 11.81 -0.11
    endloop
  endfacet
  facet normal -0.813083 0.582148 0
    outer loop
      vertex -15.3911 11.81 0
      vertex -15.5 11.6579 -0.11
      vertex -15.5 11.6579 0
    endloop
  endfacet
  facet normal -0.772984 0.634425 0
    outer loop
      vertex -15.3911 11.81 -0.11
      vertex -14.5857 12.7913 0
      vertex -14.5857 12.7913 -0.11
    endloop
  endfacet
  facet normal -0.772984 0.634425 0
    outer loop
      vertex -14.5857 12.7913 0
      vertex -15.3911 11.81 -0.11
      vertex -15.3911 11.81 0
    endloop
  endfacet
  facet normal -0.72986 0.683596 0
    outer loop
      vertex -14.5857 12.7913 -0.11
      vertex -14.5 12.8828 0
      vertex -14.5 12.8828 -0.11
    endloop
  endfacet
  facet normal -0.72986 0.683596 0
    outer loop
      vertex -14.5 12.8828 0
      vertex -14.5857 12.7913 -0.11
      vertex -14.5857 12.7913 0
    endloop
  endfacet
  facet normal 1 -0 0
    outer loop
      vertex -14.5 -12.8828 0
      vertex -14.5 12.8828 -0.11
      vertex -14.5 12.8828 0
    endloop
  endfacet
  facet normal 1 0 0
    outer loop
      vertex -14.5 12.8828 -0.11
      vertex -14.5 -12.8828 0
      vertex -14.5 -12.8828 -0.11
    endloop
  endfacet
  facet normal 0.772984 0.634425 0
    outer loop
      vertex 15.3911 11.81 0
      vertex 14.5857 12.7913 -0.11
      vertex 14.5857 12.7913 0
    endloop
  endfacet
  facet normal 0.772984 0.634425 0
    outer loop
      vertex 14.5857 12.7913 -0.11
      vertex 15.3911 11.81 0
      vertex 15.3911 11.81 -0.11
    endloop
  endfacet
  facet normal 0.813083 0.582148 0
    outer loop
      vertex 15.5 11.6579 0
      vertex 15.3911 11.81 -0.11
      vertex 15.3911 11.81 0
    endloop
  endfacet
  facet normal 0.813083 0.582148 0
    outer loop
      vertex 15.3911 11.81 -0.11
      vertex 15.5 11.6579 0
      vertex 15.5 11.6579 -0.11
    endloop
  endfacet
  facet normal 1 -0 0
    outer loop
      vertex 15.5 -11.6579 0
      vertex 15.5 11.6579 -0.11
      vertex 15.5 11.6579 0
    endloop
  endfacet
  facet normal 1 0 0
    outer loop
      vertex 15.5 11.6579 -0.11
      vertex 15.5 -11.6579 0
      vertex 15.5 -11.6579 -0.11
    endloop
  endfacet
  facet normal 0.813083 -0.582148 0
    outer loop
      vertex 15.3911 -11.81 0
      vertex 15.5 -11.6579 -0.11
      vertex 15.5 -11.6579 0
    endloop
  endfacet
  facet normal 0.813083 -0.582148 0
    outer loop
      vertex 15.5 -11.6579 -0.11
      vertex 15.3911 -11.81 0
      vertex 15.3911 -11.81 -0.11
    endloop
  endfacet
  facet normal 0.772984 -0.634425 0
    outer loop
      vertex 14.5857 -12.7913 0
      vertex 15.3911 -11.81 -0.11
      vertex 15.3911 -11.81 0
    endloop
  endfacet
  facet normal 0.772984 -0.634425 0
    outer loop
      vertex 15.3911 -11.81 -0.11
      vertex 14.5857 -12.7913 0
      vertex 14.5857 -12.7913 -0.11
    endloop
  endfacet
  facet normal 0.72986 -0.683596 0
    outer loop
      vertex 14.5 -12.8828 0
      vertex 14.5857 -12.7913 -0.11
      vertex 14.5857 -12.7913 0
    endloop
  endfacet
  facet normal 0.72986 -0.683596 0
    outer loop
      vertex 14.5857 -12.7913 -0.11
      vertex 14.5 -12.8828 0
      vertex 14.5 -12.8828 -0.11
    endloop
  endfacet
  facet normal -1 0 0
    outer loop
      vertex 14.5 -12.8828 -0.11
      vertex 14.5 12.8828 0
      vertex 14.5 12.8828 -0.11
    endloop
  endfacet
  facet normal -1 -0 0
    outer loop
      vertex 14.5 12.8828 0
      vertex 14.5 -12.8828 -0.11
      vertex 14.5 -12.8828 0
    endloop
  endfacet
  facet normal 0.72986 0.683596 0
    outer loop
      vertex 14.5857 12.7913 0
      vertex 14.5 12.8828 -0.11
      vertex 14.5 12.8828 0
    endloop
  endfacet
  facet normal 0.72986 0.683596 0
    outer loop
      vertex 14.5 12.8828 -0.11
      vertex 14.5857 12.7913 0
      vertex 14.5857 12.7913 -0.11
    endloop
  endfacet
  facet normal -0.881932 -0.471376 0
    outer loop
      vertex -17 -9.32748 -0.11
      vertex -17.3993 -8.5804 0
      vertex -17.3993 -8.5804 -0.11
    endloop
  endfacet
  facet normal -0.881932 -0.471376 0
    outer loop
      vertex -17.3993 -8.5804 0
      vertex -17 -9.32748 -0.11
      vertex -17 -9.32748 0
    endloop
  endfacet
  facet normal -0.910873 -0.412687 0
    outer loop
      vertex -17.3993 -8.5804 -0.11
      vertex -17.9232 -7.42406 0
      vertex -17.9232 -7.42406 -0.11
    endloop
  endfacet
  facet normal -0.910873 -0.412687 0
    outer loop
      vertex -17.9232 -7.42406 0
      vertex -17.3993 -8.5804 -0.11
      vertex -17.3993 -8.5804 0
    endloop
  endfacet
  facet normal -0.93583 -0.352451 0
    outer loop
      vertex -17.9232 -7.42406 -0.11
      vertex -18 -7.22014 0
      vertex -18 -7.22014 -0.11
    endloop
  endfacet
  facet normal -0.93583 -0.352451 0
    outer loop
      vertex -18 -7.22014 0
      vertex -17.9232 -7.42406 -0.11
      vertex -17.9232 -7.42406 0
    endloop
  endfacet
  facet normal -1 0 0
    outer loop
      vertex -18 -7.22014 -0.11
      vertex -18 7.22014 0
      vertex -18 7.22014 -0.11
    endloop
  endfacet
  facet normal -1 -0 0
    outer loop
      vertex -18 7.22014 0
      vertex -18 -7.22014 -0.11
      vertex -18 -7.22014 0
    endloop
  endfacet
  facet normal -0.93583 0.352451 0
    outer loop
      vertex -18 7.22014 -0.11
      vertex -17.9232 7.42406 0
      vertex -17.9232 7.42406 -0.11
    endloop
  endfacet
  facet normal -0.93583 0.352451 0
    outer loop
      vertex -17.9232 7.42406 0
      vertex -18 7.22014 -0.11
      vertex -18 7.22014 0
    endloop
  endfacet
  facet normal -0.910873 0.412687 0
    outer loop
      vertex -17.9232 7.42406 -0.11
      vertex -17.3993 8.5804 0
      vertex -17.3993 8.5804 -0.11
    endloop
  endfacet
  facet normal -0.910873 0.412687 0
    outer loop
      vertex -17.3993 8.5804 0
      vertex -17.9232 7.42406 -0.11
      vertex -17.9232 7.42406 0
    endloop
  endfacet
  facet normal -0.881932 0.471376 0
    outer loop
      vertex -17.3993 8.5804 -0.11
      vertex -17 9.32748 0
      vertex -17 9.32748 -0.11
    endloop
  endfacet
  facet normal -0.881932 0.471376 0
    outer loop
      vertex -17 9.32748 0
      vertex -17.3993 8.5804 -0.11
      vertex -17.3993 8.5804 0
    endloop
  endfacet
  facet normal 1 -0 0
    outer loop
      vertex -17 -9.32748 0
      vertex -17 9.32748 -0.11
      vertex -17 9.32748 0
    endloop
  endfacet
  facet normal 1 0 0
    outer loop
      vertex -17 9.32748 -0.11
      vertex -17 -9.32748 0
      vertex -17 -9.32748 -0.11
    endloop
  endfacet
  facet normal 0.910873 0.412687 0
    outer loop
      vertex 17.9232 7.42406 0
      vertex 17.3993 8.5804 -0.11
      vertex 17.3993 8.5804 0
    endloop
  endfacet
  facet normal 0.910873 0.412687 0
    outer loop
      vertex 17.3993 8.5804 -0.11
      vertex 17.9232 7.42406 0
      vertex 17.9232 7.42406 -0.11
    endloop
  endfacet
  facet normal 0.93583 0.352451 0
    outer loop
      vertex 18 7.22014 0
      vertex 17.9232 7.42406 -0.11
      vertex 17.9232 7.42406 0
    endloop
  endfacet
  facet normal 0.93583 0.352451 0
    outer loop
      vertex 17.9232 7.42406 -0.11
      vertex 18 7.22014 0
      vertex 18 7.22014 -0.11
    endloop
  endfacet
  facet normal 1 -0 0
    outer loop
      vertex 18 -7.22014 0
      vertex 18 7.22014 -0.11
      vertex 18 7.22014 0
    endloop
  endfacet
  facet normal 1 0 0
    outer loop
      vertex 18 7.22014 -0.11
      vertex 18 -7.22014 0
      vertex 18 -7.22014 -0.11
    endloop
  endfacet
  facet normal 0.93583 -0.352451 0
    outer loop
      vertex 17.9232 -7.42406 0
      vertex 18 -7.22014 -0.11
      vertex 18 -7.22014 0
    endloop
  endfacet
  facet normal 0.93583 -0.352451 0
    outer loop
      vertex 18 -7.22014 -0.11
      vertex 17.9232 -7.42406 0
      vertex 17.9232 -7.42406 -0.11
    endloop
  endfacet
  facet normal 0.910873 -0.412687 0
    outer loop
      vertex 17.3993 -8.5804 0
      vertex 17.9232 -7.42406 -0.11
      vertex 17.9232 -7.42406 0
    endloop
  endfacet
  facet normal 0.910873 -0.412687 0
    outer loop
      vertex 17.9232 -7.42406 -0.11
      vertex 17.3993 -8.5804 0
      vertex 17.3993 -8.5804 -0.11
    endloop
  endfacet
  facet normal 0.881932 -0.471376 0
    outer loop
      vertex 17 -9.32748 0
      vertex 17.3993 -8.5804 -0.11
      vertex 17.3993 -8.5804 0
    endloop
  endfacet
  facet normal 0.881932 -0.471376 0
    outer loop
      vertex 17.3993 -8.5804 -0.11
      vertex 17 -9.32748 0
      vertex 17 -9.32748 -0.11
    endloop
  endfacet
  facet normal -1 0 0
    outer loop
      vertex 17 -9.32748 -0.11
      vertex 17 9.32748 0
      vertex 17 9.32748 -0.11
    endloop
  endfacet
  facet normal -1 -0 0
    outer loop
      vertex 17 9.32748 0
      vertex 17 -9.32748 -0.11
      vertex 17 -9.32748 0
    endloop
  endfacet
  facet normal 0.881932 0.471376 0
    outer loop
      vertex 17.3993 8.5804 0
      vertex 17 9.32748 -0.11
      vertex 17 9.32748 0
    endloop
  endfacet
  facet normal 0.881932 0.471376 0
    outer loop
      vertex 17 9.32748 -0.11
      vertex 17.3993 8.5804 0
      vertex 17.3993 8.5804 -0.11
    endloop
  endfacet
  facet normal 0 0 -1
    outer loop
      vertex 0.440002 -19.2856 -0.209999
      vertex 0.380005 -19.1876 -0.209999
      vertex 0.440002 19.2856 -0.209999
    endloop
  endfacet
  facet normal 0 0 -1
    outer loop
      vertex 0 -19.3 -0.209999
      vertex 0.380005 -19.1876 -0.209999
      vertex 0.440002 -19.2856 -0.209999
    endloop
  endfacet
  facet normal 0 0 -1
    outer loop
      vertex 0 -19.3 -0.209999
      vertex 0 -19.2 -0.209999
      vertex 0.380005 -19.1876 -0.209999
    endloop
  endfacet
  facet normal 0 0 -1
    outer loop
      vertex 0 -19.3 -0.209999
      vertex -0.380005 -19.1876 -0.209999
      vertex 0 -19.2 -0.209999
    endloop
  endfacet
  facet normal -0 0 -1
    outer loop
      vertex -0.380005 -19.1876 -0.209999
      vertex -0.440002 -19.2856 -0.209999
      vertex -0.380005 19.1876 -0.209999
    endloop
  endfacet
  facet normal 0 0 -1
    outer loop
      vertex -0.440002 -19.2856 -0.209999
      vertex -0.380005 -19.1876 -0.209999
      vertex 0 -19.3 -0.209999
    endloop
  endfacet
  facet normal 0 0 -1
    outer loop
      vertex 0.380005 19.1876 -0.209999
      vertex 0.440002 19.2856 -0.209999
      vertex 0.380005 -19.1876 -0.209999
    endloop
  endfacet
  facet normal 0 0 -1
    outer loop
      vertex 0 19.3 -0.209999
      vertex 0.380005 19.1876 -0.209999
      vertex 0 19.2 -0.209999
    endloop
  endfacet
  facet normal 0 0 -1
    outer loop
      vertex 0.380005 19.1876 -0.209999
      vertex 0 19.3 -0.209999
      vertex 0.440002 19.2856 -0.209999
    endloop
  endfacet
  facet normal 0 0 -1
    outer loop
      vertex -0.380005 19.1876 -0.209999
      vertex 0 19.3 -0.209999
      vertex 0 19.2 -0.209999
    endloop
  endfacet
  facet normal 0 0 -1
    outer loop
      vertex -0.380005 19.1876 -0.209999
      vertex -0.440002 19.2856 -0.209999
      vertex 0 19.3 -0.209999
    endloop
  endfacet
  facet normal 0 0 -1
    outer loop
      vertex -0.440002 19.2856 -0.209999
      vertex -0.380005 19.1876 -0.209999
      vertex -0.440002 -19.2856 -0.209999
    endloop
  endfacet
  facet normal 0 0 -1
    outer loop
      vertex -2.06 -19.1801 -0.209999
      vertex -2.12 -19.0738 -0.209999
      vertex -2.06 19.1801 -0.209999
    endloop
  endfacet
  facet normal 0 0 -1
    outer loop
      vertex -2.51915 -19.1349 -0.209999
      vertex -2.12 -19.0738 -0.209999
      vertex -2.06 -19.1801 -0.209999
    endloop
  endfacet
  facet normal -0 0 -1
    outer loop
      vertex -2.12 -19.0738 -0.209999
      vertex -2.51915 -19.1349 -0.209999
      vertex -2.50609 -19.0357 -0.209999
    endloop
  endfacet
  facet normal 0 0 -1
    outer loop
      vertex -2.51915 -19.1349 -0.209999
      vertex -2.88 -18.974 -0.209999
      vertex -2.50609 -19.0357 -0.209999
    endloop
  endfacet
  facet normal -0 0 -1
    outer loop
      vertex -2.88 -18.974 -0.209999
      vertex -2.94 -19.0654 -0.209999
      vertex -2.88 18.974 -0.209999
    endloop
  endfacet
  facet normal 0 0 -1
    outer loop
      vertex -2.94 -19.0654 -0.209999
      vertex -2.88 -18.974 -0.209999
      vertex -2.51915 -19.1349 -0.209999
    endloop
  endfacet
  facet normal 0 0 -1
    outer loop
      vertex -2.12 19.0738 -0.209999
      vertex -2.06 19.1801 -0.209999
      vertex -2.12 -19.0738 -0.209999
    endloop
  endfacet
  facet normal 0 0 -1
    outer loop
      vertex -2.51915 19.1349 -0.209999
      vertex -2.12 19.0738 -0.209999
      vertex -2.50609 19.0357 -0.209999
    endloop
  endfacet
  facet normal 0 0 -1
    outer loop
      vertex -2.12 19.0738 -0.209999
      vertex -2.51915 19.1349 -0.209999
      vertex -2.06 19.1801 -0.209999
    endloop
  endfacet
  facet normal 0 0 -1
    outer loop
      vertex -2.88 18.974 -0.209999
      vertex -2.51915 19.1349 -0.209999
      vertex -2.50609 19.0357 -0.209999
    endloop
  endfacet
  facet normal 0 0 -1
    outer loop
      vertex -2.88 18.974 -0.209999
      vertex -2.94 19.0654 -0.209999
      vertex -2.51915 19.1349 -0.209999
    endloop
  endfacet
  facet normal 0 0 -1
    outer loop
      vertex -2.94 19.0654 -0.209999
      vertex -2.88 18.974 -0.209999
      vertex -2.94 -19.0654 -0.209999
    endloop
  endfacet
  facet normal 0 0 -1
    outer loop
      vertex 2.94 -19.0654 -0.209999
      vertex 2.88 -18.974 -0.209999
      vertex 2.94 19.0654 -0.209999
    endloop
  endfacet
  facet normal 0 0 -1
    outer loop
      vertex 2.51915 -19.1349 -0.209999
      vertex 2.88 -18.974 -0.209999
      vertex 2.94 -19.0654 -0.209999
    endloop
  endfacet
  facet normal 0 0 -1
    outer loop
      vertex 2.51915 -19.1349 -0.209999
      vertex 2.50609 -19.0357 -0.209999
      vertex 2.88 -18.974 -0.209999
    endloop
  endfacet
  facet normal 0 0 -1
    outer loop
      vertex 2.51915 -19.1349 -0.209999
      vertex 2.12 -19.0738 -0.209999
      vertex 2.50609 -19.0357 -0.209999
    endloop
  endfacet
  facet normal -0 0 -1
    outer loop
      vertex 2.12 -19.0738 -0.209999
      vertex 2.06 -19.1801 -0.209999
      vertex 2.12 19.0738 -0.209999
    endloop
  endfacet
  facet normal 0 0 -1
    outer loop
      vertex 2.06 -19.1801 -0.209999
      vertex 2.12 -19.0738 -0.209999
      vertex 2.51915 -19.1349 -0.209999
    endloop
  endfacet
  facet normal 0 0 -1
    outer loop
      vertex 2.88 18.974 -0.209999
      vertex 2.94 19.0654 -0.209999
      vertex 2.88 -18.974 -0.209999
    endloop
  endfacet
  facet normal 0 0 -1
    outer loop
      vertex 2.88 18.974 -0.209999
      vertex 2.51915 19.1349 -0.209999
      vertex 2.94 19.0654 -0.209999
    endloop
  endfacet
  facet normal 0 0 -1
    outer loop
      vertex 2.50609 19.0357 -0.209999
      vertex 2.51915 19.1349 -0.209999
      vertex 2.88 18.974 -0.209999
    endloop
  endfacet
  facet normal 0 0 -1
    outer loop
      vertex 2.12 19.0738 -0.209999
      vertex 2.51915 19.1349 -0.209999
      vertex 2.50609 19.0357 -0.209999
    endloop
  endfacet
  facet normal 0 0 -1
    outer loop
      vertex 2.12 19.0738 -0.209999
      vertex 2.06 19.1801 -0.209999
      vertex 2.51915 19.1349 -0.209999
    endloop
  endfacet
  facet normal 0 0 -1
    outer loop
      vertex 2.06 19.1801 -0.209999
      vertex 2.12 19.0738 -0.209999
      vertex 2.06 -19.1801 -0.209999
    endloop
  endfacet
  facet normal 0 0 -1
    outer loop
      vertex -4.56 -18.7438 -0.209999
      vertex -4.62 -18.6272 -0.209999
      vertex -4.56 18.7438 -0.209999
    endloop
  endfacet
  facet normal 0 0 -1
    outer loop
      vertex -4.99519 -18.6424 -0.209999
      vertex -4.62 -18.6272 -0.209999
      vertex -4.56 -18.7438 -0.209999
    endloop
  endfacet
  facet normal -0 0 -1
    outer loop
      vertex -4.62 -18.6272 -0.209999
      vertex -4.99519 -18.6424 -0.209999
      vertex -4.96931 -18.5458 -0.209999
    endloop
  endfacet
  facet normal 0 0 -1
    outer loop
      vertex -4.99519 -18.6424 -0.209999
      vertex -5.38 -18.4212 -0.209999
      vertex -4.96931 -18.5458 -0.209999
    endloop
  endfacet
  facet normal -0 0 -1
    outer loop
      vertex -5.38 -18.4212 -0.209999
      vertex -5.44 -18.5074 -0.209999
      vertex -5.38 18.4212 -0.209999
    endloop
  endfacet
  facet normal 0 0 -1
    outer loop
      vertex -5.44 -18.5074 -0.209999
      vertex -5.38 -18.4212 -0.209999
      vertex -4.99519 -18.6424 -0.209999
    endloop
  endfacet
  facet normal 0 0 -1
    outer loop
      vertex -4.62 18.6272 -0.209999
      vertex -4.56 18.7438 -0.209999
      vertex -4.62 -18.6272 -0.209999
    endloop
  endfacet
  facet normal 0 0 -1
    outer loop
      vertex -4.99519 18.6424 -0.209999
      vertex -4.62 18.6272 -0.209999
      vertex -4.96931 18.5458 -0.209999
    endloop
  endfacet
  facet normal 0 0 -1
    outer loop
      vertex -4.62 18.6272 -0.209999
      vertex -4.99519 18.6424 -0.209999
      vertex -4.56 18.7438 -0.209999
    endloop
  endfacet
  facet normal 0 0 -1
    outer loop
      vertex -5.38 18.4212 -0.209999
      vertex -4.99519 18.6424 -0.209999
      vertex -4.96931 18.5458 -0.209999
    endloop
  endfacet
  facet normal 0 0 -1
    outer loop
      vertex -5.38 18.4212 -0.209999
      vertex -5.44 18.5074 -0.209999
      vertex -4.99519 18.6424 -0.209999
    endloop
  endfacet
  facet normal 0 0 -1
    outer loop
      vertex -5.44 18.5074 -0.209999
      vertex -5.38 18.4212 -0.209999
      vertex -5.44 -18.5074 -0.209999
    endloop
  endfacet
  facet normal 0 0 -1
    outer loop
      vertex 5.44 -18.5074 -0.209999
      vertex 5.38 -18.4212 -0.209999
      vertex 5.44 18.5074 -0.209999
    endloop
  endfacet
  facet normal 0 0 -1
    outer loop
      vertex 4.99519 -18.6424 -0.209999
      vertex 5.38 -18.4212 -0.209999
      vertex 5.44 -18.5074 -0.209999
    endloop
  endfacet
  facet normal 0 0 -1
    outer loop
      vertex 4.99519 -18.6424 -0.209999
      vertex 4.96931 -18.5458 -0.209999
      vertex 5.38 -18.4212 -0.209999
    endloop
  endfacet
  facet normal 0 0 -1
    outer loop
      vertex 4.99519 -18.6424 -0.209999
      vertex 4.62 -18.6272 -0.209999
      vertex 4.96931 -18.5458 -0.209999
    endloop
  endfacet
  facet normal -0 0 -1
    outer loop
      vertex 4.62 -18.6272 -0.209999
      vertex 4.56 -18.7438 -0.209999
      vertex 4.62 18.6272 -0.209999
    endloop
  endfacet
  facet normal 0 0 -1
    outer loop
      vertex 4.56 -18.7438 -0.209999
      vertex 4.62 -18.6272 -0.209999
      vertex 4.99519 -18.6424 -0.209999
    endloop
  endfacet
  facet normal 0 0 -1
    outer loop
      vertex 5.38 18.4212 -0.209999
      vertex 5.44 18.5074 -0.209999
      vertex 5.38 -18.4212 -0.209999
    endloop
  endfacet
  facet normal 0 0 -1
    outer loop
      vertex 5.38 18.4212 -0.209999
      vertex 4.99519 18.6424 -0.209999
      vertex 5.44 18.5074 -0.209999
    endloop
  endfacet
  facet normal 0 0 -1
    outer loop
      vertex 4.96931 18.5458 -0.209999
      vertex 4.99519 18.6424 -0.209999
      vertex 5.38 18.4212 -0.209999
    endloop
  endfacet
  facet normal 0 0 -1
    outer loop
      vertex 4.62 18.6272 -0.209999
      vertex 4.99519 18.6424 -0.209999
      vertex 4.96931 18.5458 -0.209999
    endloop
  endfacet
  facet normal 0 0 -1
    outer loop
      vertex 4.62 18.6272 -0.209999
      vertex 4.56 18.7438 -0.209999
      vertex 4.99519 18.6424 -0.209999
    endloop
  endfacet
  facet normal 0 0 -1
    outer loop
      vertex 4.56 18.7438 -0.209999
      vertex 4.62 18.6272 -0.209999
      vertex 4.56 -18.7438 -0.209999
    endloop
  endfacet
  facet normal 0 0 -1
    outer loop
      vertex -7.06 -17.9535 -0.209999
      vertex -7.12 -17.8241 -0.209999
      vertex -7.06 17.9535 -0.209999
    endloop
  endfacet
  facet normal 0 0 -1
    outer loop
      vertex -7.38579 -17.8309 -0.209999
      vertex -7.12 -17.8241 -0.209999
      vertex -7.06 -17.9535 -0.209999
    endloop
  endfacet
  facet normal -0 0 -1
    outer loop
      vertex -7.12 -17.8241 -0.209999
      vertex -7.38579 -17.8309 -0.209999
      vertex -7.34752 -17.7385 -0.209999
    endloop
  endfacet
  facet normal 0 0 -1
    outer loop
      vertex -7.38579 -17.8309 -0.209999
      vertex -7.88 -17.4972 -0.209999
      vertex -7.34752 -17.7385 -0.209999
    endloop
  endfacet
  facet normal -0 0 -1
    outer loop
      vertex -7.88 -17.4972 -0.209999
      vertex -7.94 -17.5798 -0.209999
      vertex -7.88 17.4972 -0.209999
    endloop
  endfacet
  facet normal 0 0 -1
    outer loop
      vertex -7.94 -17.5798 -0.209999
      vertex -7.88 -17.4972 -0.209999
      vertex -7.38579 -17.8309 -0.209999
    endloop
  endfacet
  facet normal 0 0 -1
    outer loop
      vertex -7.12 17.8241 -0.209999
      vertex -7.06 17.9535 -0.209999
      vertex -7.12 -17.8241 -0.209999
    endloop
  endfacet
  facet normal 0 0 -1
    outer loop
      vertex -7.38579 17.8309 -0.209999
      vertex -7.12 17.8241 -0.209999
      vertex -7.34752 17.7385 -0.209999
    endloop
  endfacet
  facet normal 0 0 -1
    outer loop
      vertex -7.12 17.8241 -0.209999
      vertex -7.38579 17.8309 -0.209999
      vertex -7.06 17.9535 -0.209999
    endloop
  endfacet
  facet normal 0 0 -1
    outer loop
      vertex -7.88 17.4972 -0.209999
      vertex -7.38579 17.8309 -0.209999
      vertex -7.34752 17.7385 -0.209999
    endloop
  endfacet
  facet normal 0 0 -1
    outer loop
      vertex -7.88 17.4972 -0.209999
      vertex -7.94 17.5798 -0.209999
      vertex -7.38579 17.8309 -0.209999
    endloop
  endfacet
  facet normal 0 0 -1
    outer loop
      vertex -7.94 17.5798 -0.209999
      vertex -7.88 17.4972 -0.209999
      vertex -7.94 -17.5798 -0.209999
    endloop
  endfacet
  facet normal 0 0 -1
    outer loop
      vertex 7.94 -17.5798 -0.209999
      vertex 7.88 -17.4972 -0.209999
      vertex 7.94 17.5798 -0.209999
    endloop
  endfacet
  facet normal 0 0 -1
    outer loop
      vertex 7.38579 -17.8309 -0.209999
      vertex 7.88 -17.4972 -0.209999
      vertex 7.94 -17.5798 -0.209999
    endloop
  endfacet
  facet normal 0 0 -1
    outer loop
      vertex 7.38579 -17.8309 -0.209999
      vertex 7.34752 -17.7385 -0.209999
      vertex 7.88 -17.4972 -0.209999
    endloop
  endfacet
  facet normal 0 0 -1
    outer loop
      vertex 7.38579 -17.8309 -0.209999
      vertex 7.12 -17.8241 -0.209999
      vertex 7.34752 -17.7385 -0.209999
    endloop
  endfacet
  facet normal -0 0 -1
    outer loop
      vertex 7.12 -17.8241 -0.209999
      vertex 7.06 -17.9535 -0.209999
      vertex 7.12 17.8241 -0.209999
    endloop
  endfacet
  facet normal 0 0 -1
    outer loop
      vertex 7.06 -17.9535 -0.209999
      vertex 7.12 -17.8241 -0.209999
      vertex 7.38579 -17.8309 -0.209999
    endloop
  endfacet
  facet normal 0 0 -1
    outer loop
      vertex 7.88 17.4972 -0.209999
      vertex 7.94 17.5798 -0.209999
      vertex 7.88 -17.4972 -0.209999
    endloop
  endfacet
  facet normal 0 0 -1
    outer loop
      vertex 7.88 17.4972 -0.209999
      vertex 7.38579 17.8309 -0.209999
      vertex 7.94 17.5798 -0.209999
    endloop
  endfacet
  facet normal 0 0 -1
    outer loop
      vertex 7.34752 17.7385 -0.209999
      vertex 7.38579 17.8309 -0.209999
      vertex 7.88 17.4972 -0.209999
    endloop
  endfacet
  facet normal 0 0 -1
    outer loop
      vertex 7.12 17.8241 -0.209999
      vertex 7.38579 17.8309 -0.209999
      vertex 7.34752 17.7385 -0.209999
    endloop
  endfacet
  facet normal 0 0 -1
    outer loop
      vertex 7.12 17.8241 -0.209999
      vertex 7.06 17.9535 -0.209999
      vertex 7.38579 17.8309 -0.209999
    endloop
  endfacet
  facet normal 0 0 -1
    outer loop
      vertex 7.06 17.9535 -0.209999
      vertex 7.12 17.8241 -0.209999
      vertex 7.06 -17.9535 -0.209999
    endloop
  endfacet
  facet normal 0 0 -1
    outer loop
      vertex -9.56 -16.7624 -0.209999
      vertex -9.62 -16.6152 -0.209999
      vertex -9.56 16.7624 -0.209999
    endloop
  endfacet
  facet normal 0 0 -1
    outer loop
      vertex -9.64999 -16.7143 -0.209999
      vertex -9.62 -16.6152 -0.209999
      vertex -9.56 -16.7624 -0.209999
    endloop
  endfacet
  facet normal 0 0 -1
    outer loop
      vertex -10.44 -16.223 -0.209999
      vertex -9.62 -16.6152 -0.209999
      vertex -9.64999 -16.7143 -0.209999
    endloop
  endfacet
  facet normal -0 0 -1
    outer loop
      vertex -10.38 -16.1426 -0.209999
      vertex -10.44 -16.223 -0.209999
      vertex -10.38 16.1426 -0.209999
    endloop
  endfacet
  facet normal 0 0 -1
    outer loop
      vertex -9.62 -16.6152 -0.209999
      vertex -10.44 -16.223 -0.209999
      vertex -10.38 -16.1426 -0.209999
    endloop
  endfacet
  facet normal 0 0 -1
    outer loop
      vertex -9.62 16.6152 -0.209999
      vertex -9.56 16.7624 -0.209999
      vertex -9.62 -16.6152 -0.209999
    endloop
  endfacet
  facet normal 0 0 -1
    outer loop
      vertex -9.62 16.6152 -0.209999
      vertex -9.64999 16.7143 -0.209999
      vertex -9.56 16.7624 -0.209999
    endloop
  endfacet
  facet normal 0 0 -1
    outer loop
      vertex -10.44 16.223 -0.209999
      vertex -9.62 16.6152 -0.209999
      vertex -10.38 16.1426 -0.209999
    endloop
  endfacet
  facet normal -0 0 -1
    outer loop
      vertex -9.62 16.6152 -0.209999
      vertex -10.44 16.223 -0.209999
      vertex -9.64999 16.7143 -0.209999
    endloop
  endfacet
  facet normal 0 0 -1
    outer loop
      vertex -10.44 16.223 -0.209999
      vertex -10.38 16.1426 -0.209999
      vertex -10.44 -16.223 -0.209999
    endloop
  endfacet
  facet normal 0 0 -1
    outer loop
      vertex 10.44 -16.223 -0.209999
      vertex 10.38 -16.1426 -0.209999
      vertex 10.44 16.223 -0.209999
    endloop
  endfacet
  facet normal 0 0 -1
    outer loop
      vertex 9.62 -16.6152 -0.209999
      vertex 10.44 -16.223 -0.209999
      vertex 9.64999 -16.7143 -0.209999
    endloop
  endfacet
  facet normal -0 0 -1
    outer loop
      vertex 10.44 -16.223 -0.209999
      vertex 9.62 -16.6152 -0.209999
      vertex 10.38 -16.1426 -0.209999
    endloop
  endfacet
  facet normal -0 0 -1
    outer loop
      vertex 9.62 -16.6152 -0.209999
      vertex 9.56 -16.7624 -0.209999
      vertex 9.62 16.6152 -0.209999
    endloop
  endfacet
  facet normal 0 0 -1
    outer loop
      vertex 9.56 -16.7624 -0.209999
      vertex 9.62 -16.6152 -0.209999
      vertex 9.64999 -16.7143 -0.209999
    endloop
  endfacet
  facet normal 0 0 -1
    outer loop
      vertex 10.38 16.1426 -0.209999
      vertex 10.44 16.223 -0.209999
      vertex 10.38 -16.1426 -0.209999
    endloop
  endfacet
  facet normal 0 0 -1
    outer loop
      vertex 9.62 16.6152 -0.209999
      vertex 10.44 16.223 -0.209999
      vertex 10.38 16.1426 -0.209999
    endloop
  endfacet
  facet normal 0 0 -1
    outer loop
      vertex 10.44 16.223 -0.209999
      vertex 9.62 16.6152 -0.209999
      vertex 9.64999 16.7143 -0.209999
    endloop
  endfacet
  facet normal 0 0 -1
    outer loop
      vertex 9.62 16.6152 -0.209999
      vertex 9.56 16.7624 -0.209999
      vertex 9.64999 16.7143 -0.209999
    endloop
  endfacet
  facet normal 0 0 -1
    outer loop
      vertex 9.56 16.7624 -0.209999
      vertex 9.62 16.6152 -0.209999
      vertex 9.56 -16.7624 -0.209999
    endloop
  endfacet
  facet normal 0 0 -1
    outer loop
      vertex -12.06 -15.0565 -0.209999
      vertex -12.12 -14.878 -0.209999
      vertex -12.06 15.0565 -0.209999
    endloop
  endfacet
  facet normal 0 0 -1
    outer loop
      vertex -12.7254 -14.5105 -0.209999
      vertex -12.12 -14.878 -0.209999
      vertex -12.06 -15.0565 -0.209999
    endloop
  endfacet
  facet normal 0 0 -1
    outer loop
      vertex -12.12 -14.878 -0.209999
      vertex -12.7254 -14.5105 -0.209999
      vertex -12.6594 -14.4353 -0.209999
    endloop
  endfacet
  facet normal 0 0 -1
    outer loop
      vertex -12.94 -14.3095 -0.209999
      vertex -12.6594 -14.4353 -0.209999
      vertex -12.7254 -14.5105 -0.209999
    endloop
  endfacet
  facet normal -0 0 -1
    outer loop
      vertex -12.88 -14.2287 -0.209999
      vertex -12.94 -14.3095 -0.209999
      vertex -12.88 14.2287 -0.209999
    endloop
  endfacet
  facet normal 0 0 -1
    outer loop
      vertex -12.6594 -14.4353 -0.209999
      vertex -12.94 -14.3095 -0.209999
      vertex -12.88 -14.2287 -0.209999
    endloop
  endfacet
  facet normal 0 0 -1
    outer loop
      vertex -12.12 14.878 -0.209999
      vertex -12.06 15.0565 -0.209999
      vertex -12.12 -14.878 -0.209999
    endloop
  endfacet
  facet normal 0 0 -1
    outer loop
      vertex -12.7254 14.5105 -0.209999
      vertex -12.12 14.878 -0.209999
      vertex -12.6594 14.4353 -0.209999
    endloop
  endfacet
  facet normal -0 0 -1
    outer loop
      vertex -12.12 14.878 -0.209999
      vertex -12.7254 14.5105 -0.209999
      vertex -12.06 15.0565 -0.209999
    endloop
  endfacet
  facet normal 0 0 -1
    outer loop
      vertex -12.94 14.3095 -0.209999
      vertex -12.6594 14.4353 -0.209999
      vertex -12.88 14.2287 -0.209999
    endloop
  endfacet
  facet normal -0 0 -1
    outer loop
      vertex -12.6594 14.4353 -0.209999
      vertex -12.94 14.3095 -0.209999
      vertex -12.7254 14.5105 -0.209999
    endloop
  endfacet
  facet normal 0 0 -1
    outer loop
      vertex -12.94 14.3095 -0.209999
      vertex -12.88 14.2287 -0.209999
      vertex -12.94 -14.3095 -0.209999
    endloop
  endfacet
  facet normal 0 0 -1
    outer loop
      vertex 12.94 -14.3095 -0.209999
      vertex 12.88 -14.2287 -0.209999
      vertex 12.94 14.3095 -0.209999
    endloop
  endfacet
  facet normal 0 0 -1
    outer loop
      vertex 12.6594 -14.4353 -0.209999
      vertex 12.94 -14.3095 -0.209999
      vertex 12.7254 -14.5105 -0.209999
    endloop
  endfacet
  facet normal -0 0 -1
    outer loop
      vertex 12.94 -14.3095 -0.209999
      vertex 12.6594 -14.4353 -0.209999
      vertex 12.88 -14.2287 -0.209999
    endloop
  endfacet
  facet normal -0 0 -1
    outer loop
      vertex 12.7254 -14.5105 -0.209999
      vertex 12.12 -14.878 -0.209999
      vertex 12.6594 -14.4353 -0.209999
    endloop
  endfacet
  facet normal -0 0 -1
    outer loop
      vertex 12.12 -14.878 -0.209999
      vertex 12.06 -15.0565 -0.209999
      vertex 12.12 14.878 -0.209999
    endloop
  endfacet
  facet normal 0 0 -1
    outer loop
      vertex 12.06 -15.0565 -0.209999
      vertex 12.12 -14.878 -0.209999
      vertex 12.7254 -14.5105 -0.209999
    endloop
  endfacet
  facet normal 0 0 -1
    outer loop
      vertex 12.88 14.2287 -0.209999
      vertex 12.94 14.3095 -0.209999
      vertex 12.88 -14.2287 -0.209999
    endloop
  endfacet
  facet normal 0 0 -1
    outer loop
      vertex 12.6594 14.4353 -0.209999
      vertex 12.94 14.3095 -0.209999
      vertex 12.88 14.2287 -0.209999
    endloop
  endfacet
  facet normal 0 0 -1
    outer loop
      vertex 12.94 14.3095 -0.209999
      vertex 12.6594 14.4353 -0.209999
      vertex 12.7254 14.5105 -0.209999
    endloop
  endfacet
  facet normal 0 0 -1
    outer loop
      vertex 12.12 14.878 -0.209999
      vertex 12.7254 14.5105 -0.209999
      vertex 12.6594 14.4353 -0.209999
    endloop
  endfacet
  facet normal 0 0 -1
    outer loop
      vertex 12.12 14.878 -0.209999
      vertex 12.06 15.0565 -0.209999
      vertex 12.7254 14.5105 -0.209999
    endloop
  endfacet
  facet normal 0 0 -1
    outer loop
      vertex 12.06 15.0565 -0.209999
      vertex 12.12 14.878 -0.209999
      vertex 12.06 -15.0565 -0.209999
    endloop
  endfacet
  facet normal 0 0 -1
    outer loop
      vertex -14.56 -12.6651 -0.209999
      vertex -14.62 -12.4344 -0.209999
      vertex -14.56 12.6651 -0.209999
    endloop
  endfacet
  facet normal 0 0 -1
    outer loop
      vertex -15.3117 -11.7491 -0.209999
      vertex -14.62 -12.4344 -0.209999
      vertex -14.56 -12.6651 -0.209999
    endloop
  endfacet
  facet normal 0 0 -1
    outer loop
      vertex -14.62 -12.4344 -0.209999
      vertex -15.3117 -11.7491 -0.209999
      vertex -15.2324 -11.6882 -0.209999
    endloop
  endfacet
  facet normal 0 0 -1
    outer loop
      vertex -15.44 -11.5701 -0.209999
      vertex -15.2324 -11.6882 -0.209999
      vertex -15.3117 -11.7491 -0.209999
    endloop
  endfacet
  facet normal -0 0 -1
    outer loop
      vertex -15.38 -11.4822 -0.209999
      vertex -15.44 -11.5701 -0.209999
      vertex -15.38 11.4822 -0.209999
    endloop
  endfacet
  facet normal 0 0 -1
    outer loop
      vertex -15.2324 -11.6882 -0.209999
      vertex -15.44 -11.5701 -0.209999
      vertex -15.38 -11.4822 -0.209999
    endloop
  endfacet
  facet normal 0 0 -1
    outer loop
      vertex -14.62 12.4344 -0.209999
      vertex -14.56 12.6651 -0.209999
      vertex -14.62 -12.4344 -0.209999
    endloop
  endfacet
  facet normal 0 0 -1
    outer loop
      vertex -15.3117 11.7491 -0.209999
      vertex -14.62 12.4344 -0.209999
      vertex -15.2324 11.6882 -0.209999
    endloop
  endfacet
  facet normal -0 0 -1
    outer loop
      vertex -14.62 12.4344 -0.209999
      vertex -15.3117 11.7491 -0.209999
      vertex -14.56 12.6651 -0.209999
    endloop
  endfacet
  facet normal 0 0 -1
    outer loop
      vertex -15.44 11.5701 -0.209999
      vertex -15.2324 11.6882 -0.209999
      vertex -15.38 11.4822 -0.209999
    endloop
  endfacet
  facet normal -0 0 -1
    outer loop
      vertex -15.2324 11.6882 -0.209999
      vertex -15.44 11.5701 -0.209999
      vertex -15.3117 11.7491 -0.209999
    endloop
  endfacet
  facet normal 0 0 -1
    outer loop
      vertex -15.44 11.5701 -0.209999
      vertex -15.38 11.4822 -0.209999
      vertex -15.44 -11.5701 -0.209999
    endloop
  endfacet
  facet normal 0 0 -1
    outer loop
      vertex 15.44 -11.5701 -0.209999
      vertex 15.38 -11.4822 -0.209999
      vertex 15.44 11.5701 -0.209999
    endloop
  endfacet
  facet normal 0 0 -1
    outer loop
      vertex 15.2324 -11.6882 -0.209999
      vertex 15.44 -11.5701 -0.209999
      vertex 15.3117 -11.7491 -0.209999
    endloop
  endfacet
  facet normal -0 0 -1
    outer loop
      vertex 15.44 -11.5701 -0.209999
      vertex 15.2324 -11.6882 -0.209999
      vertex 15.38 -11.4822 -0.209999
    endloop
  endfacet
  facet normal -0 0 -1
    outer loop
      vertex 15.3117 -11.7491 -0.209999
      vertex 14.62 -12.4344 -0.209999
      vertex 15.2324 -11.6882 -0.209999
    endloop
  endfacet
  facet normal -0 0 -1
    outer loop
      vertex 14.62 -12.4344 -0.209999
      vertex 14.56 -12.6651 -0.209999
      vertex 14.62 12.4344 -0.209999
    endloop
  endfacet
  facet normal 0 0 -1
    outer loop
      vertex 14.56 -12.6651 -0.209999
      vertex 14.62 -12.4344 -0.209999
      vertex 15.3117 -11.7491 -0.209999
    endloop
  endfacet
  facet normal 0 0 -1
    outer loop
      vertex 15.38 11.4822 -0.209999
      vertex 15.44 11.5701 -0.209999
      vertex 15.38 -11.4822 -0.209999
    endloop
  endfacet
  facet normal 0 0 -1
    outer loop
      vertex 15.2324 11.6882 -0.209999
      vertex 15.44 11.5701 -0.209999
      vertex 15.38 11.4822 -0.209999
    endloop
  endfacet
  facet normal 0 0 -1
    outer loop
      vertex 15.44 11.5701 -0.209999
      vertex 15.2324 11.6882 -0.209999
      vertex 15.3117 11.7491 -0.209999
    endloop
  endfacet
  facet normal 0 0 -1
    outer loop
      vertex 14.62 12.4344 -0.209999
      vertex 15.3117 11.7491 -0.209999
      vertex 15.2324 11.6882 -0.209999
    endloop
  endfacet
  facet normal 0 0 -1
    outer loop
      vertex 14.62 12.4344 -0.209999
      vertex 14.56 12.6651 -0.209999
      vertex 15.3117 11.7491 -0.209999
    endloop
  endfacet
  facet normal 0 0 -1
    outer loop
      vertex 14.56 12.6651 -0.209999
      vertex 14.62 12.4344 -0.209999
      vertex 14.56 -12.6651 -0.209999
    endloop
  endfacet
  facet normal 0 0 -1
    outer loop
      vertex -17.06 -9.0032 -0.209999
      vertex -17.12 -8.67894 -0.209999
      vertex -17.06 9.0032 -0.209999
    endloop
  endfacet
  facet normal 0 0 -1
    outer loop
      vertex -17.3096 -8.53616 -0.209999
      vertex -17.12 -8.67894 -0.209999
      vertex -17.06 -9.0032 -0.209999
    endloop
  endfacet
  facet normal 0 0 -1
    outer loop
      vertex -17.12 -8.67894 -0.209999
      vertex -17.3096 -8.53616 -0.209999
      vertex -17.22 -8.49193 -0.209999
    endloop
  endfacet
  facet normal 0 0 -1
    outer loop
      vertex -17.3096 -8.53616 -0.209999
      vertex -17.7385 -7.34752 -0.209999
      vertex -17.22 -8.49193 -0.209999
    endloop
  endfacet
  facet normal 0 0 -1
    outer loop
      vertex -17.8309 -7.38579 -0.209999
      vertex -17.7385 -7.34752 -0.209999
      vertex -17.3096 -8.53616 -0.209999
    endloop
  endfacet
  facet normal 0 0 -1
    outer loop
      vertex -17.94 -7.09583 -0.209999
      vertex -17.7385 -7.34752 -0.209999
      vertex -17.8309 -7.38579 -0.209999
    endloop
  endfacet
  facet normal -0 0 -1
    outer loop
      vertex -17.88 -6.9715 -0.209999
      vertex -17.94 -7.09583 -0.209999
      vertex -17.88 6.9715 -0.209999
    endloop
  endfacet
  facet normal 0 0 -1
    outer loop
      vertex -17.7385 -7.34752 -0.209999
      vertex -17.94 -7.09583 -0.209999
      vertex -17.88 -6.9715 -0.209999
    endloop
  endfacet
  facet normal 0 0 -1
    outer loop
      vertex -17.12 8.67894 -0.209999
      vertex -17.06 9.0032 -0.209999
      vertex -17.12 -8.67894 -0.209999
    endloop
  endfacet
  facet normal 0 0 -1
    outer loop
      vertex -17.3096 8.53616 -0.209999
      vertex -17.12 8.67894 -0.209999
      vertex -17.22 8.49193 -0.209999
    endloop
  endfacet
  facet normal -0 0 -1
    outer loop
      vertex -17.12 8.67894 -0.209999
      vertex -17.3096 8.53616 -0.209999
      vertex -17.06 9.0032 -0.209999
    endloop
  endfacet
  facet normal 0 0 -1
    outer loop
      vertex -17.7385 7.34752 -0.209999
      vertex -17.3096 8.53616 -0.209999
      vertex -17.22 8.49193 -0.209999
    endloop
  endfacet
  facet normal 0 0 -1
    outer loop
      vertex -17.7385 7.34752 -0.209999
      vertex -17.8309 7.38579 -0.209999
      vertex -17.3096 8.53616 -0.209999
    endloop
  endfacet
  facet normal 0 0 -1
    outer loop
      vertex -17.94 7.09583 -0.209999
      vertex -17.7385 7.34752 -0.209999
      vertex -17.88 6.9715 -0.209999
    endloop
  endfacet
  facet normal -0 0 -1
    outer loop
      vertex -17.7385 7.34752 -0.209999
      vertex -17.94 7.09583 -0.209999
      vertex -17.8309 7.38579 -0.209999
    endloop
  endfacet
  facet normal 0 0 -1
    outer loop
      vertex -17.94 7.09583 -0.209999
      vertex -17.88 6.9715 -0.209999
      vertex -17.94 -7.09583 -0.209999
    endloop
  endfacet
  facet normal 0 0 -1
    outer loop
      vertex 17.94 -7.09583 -0.209999
      vertex 17.88 -6.9715 -0.209999
      vertex 17.94 7.09583 -0.209999
    endloop
  endfacet
  facet normal 0 0 -1
    outer loop
      vertex 17.7385 -7.34752 -0.209999
      vertex 17.94 -7.09583 -0.209999
      vertex 17.8309 -7.38579 -0.209999
    endloop
  endfacet
  facet normal -0 0 -1
    outer loop
      vertex 17.94 -7.09583 -0.209999
      vertex 17.7385 -7.34752 -0.209999
      vertex 17.88 -6.9715 -0.209999
    endloop
  endfacet
  facet normal 0 0 -1
    outer loop
      vertex 17.3096 -8.53616 -0.209999
      vertex 17.7385 -7.34752 -0.209999
      vertex 17.8309 -7.38579 -0.209999
    endloop
  endfacet
  facet normal 0 0 -1
    outer loop
      vertex 17.3096 -8.53616 -0.209999
      vertex 17.22 -8.49193 -0.209999
      vertex 17.7385 -7.34752 -0.209999
    endloop
  endfacet
  facet normal -0 0 -1
    outer loop
      vertex 17.3096 -8.53616 -0.209999
      vertex 17.12 -8.67894 -0.209999
      vertex 17.22 -8.49193 -0.209999
    endloop
  endfacet
  facet normal -0 0 -1
    outer loop
      vertex 17.12 -8.67894 -0.209999
      vertex 17.06 -9.0032 -0.209999
      vertex 17.12 8.67894 -0.209999
    endloop
  endfacet
  facet normal 0 0 -1
    outer loop
      vertex 17.06 -9.0032 -0.209999
      vertex 17.12 -8.67894 -0.209999
      vertex 17.3096 -8.53616 -0.209999
    endloop
  endfacet
  facet normal 0 0 -1
    outer loop
      vertex 17.88 6.9715 -0.209999
      vertex 17.94 7.09583 -0.209999
      vertex 17.88 -6.9715 -0.209999
    endloop
  endfacet
  facet normal 0 0 -1
    outer loop
      vertex 17.7385 7.34752 -0.209999
      vertex 17.94 7.09583 -0.209999
      vertex 17.88 6.9715 -0.209999
    endloop
  endfacet
  facet normal 0 0 -1
    outer loop
      vertex 17.94 7.09583 -0.209999
      vertex 17.7385 7.34752 -0.209999
      vertex 17.8309 7.38579 -0.209999
    endloop
  endfacet
  facet normal 0 0 -1
    outer loop
      vertex 17.7385 7.34752 -0.209999
      vertex 17.3096 8.53616 -0.209999
      vertex 17.8309 7.38579 -0.209999
    endloop
  endfacet
  facet normal 0 0 -1
    outer loop
      vertex 17.22 8.49193 -0.209999
      vertex 17.3096 8.53616 -0.209999
      vertex 17.7385 7.34752 -0.209999
    endloop
  endfacet
  facet normal 0 0 -1
    outer loop
      vertex 17.12 8.67894 -0.209999
      vertex 17.3096 8.53616 -0.209999
      vertex 17.22 8.49193 -0.209999
    endloop
  endfacet
  facet normal 0 0 -1
    outer loop
      vertex 17.12 8.67894 -0.209999
      vertex 17.06 9.0032 -0.209999
      vertex 17.3096 8.53616 -0.209999
    endloop
  endfacet
  facet normal 0 0 -1
    outer loop
      vertex 17.06 9.0032 -0.209999
      vertex 17.12 8.67894 -0.209999
      vertex 17.06 -9.0032 -0.209999
    endloop
  endfacet
  facet normal 1 -0 0
    outer loop
      vertex 0.440002 -19.2856 -0.11
      vertex 0.440002 19.2856 -0.209999
      vertex 0.440002 19.2856 -0.11
    endloop
  endfacet
  facet normal 1 0 0
    outer loop
      vertex 0.440002 19.2856 -0.209999
      vertex 0.440002 -19.2856 -0.11
      vertex 0.440002 -19.2856 -0.209999
    endloop
  endfacet
  facet normal 0.0327096 -0.999465 0
    outer loop
      vertex 0 -19.3 -0.209999
      vertex 0.440002 -19.2856 -0.11
      vertex 0 -19.3 -0.11
    endloop
  endfacet
  facet normal 0.0327096 -0.999465 0
    outer loop
      vertex 0.440002 -19.2856 -0.11
      vertex 0 -19.3 -0.209999
      vertex 0.440002 -19.2856 -0.209999
    endloop
  endfacet
  facet normal -0.0327096 -0.999465 0
    outer loop
      vertex -0.440002 -19.2856 -0.209999
      vertex 0 -19.3 -0.11
      vertex -0.440002 -19.2856 -0.11
    endloop
  endfacet
  facet normal -0.0327096 -0.999465 -0
    outer loop
      vertex 0 -19.3 -0.11
      vertex -0.440002 -19.2856 -0.209999
      vertex 0 -19.3 -0.209999
    endloop
  endfacet
  facet normal -1 0 0
    outer loop
      vertex -0.440002 -19.2856 -0.209999
      vertex -0.440002 19.2856 -0.11
      vertex -0.440002 19.2856 -0.209999
    endloop
  endfacet
  facet normal -1 -0 0
    outer loop
      vertex -0.440002 19.2856 -0.11
      vertex -0.440002 -19.2856 -0.209999
      vertex -0.440002 -19.2856 -0.11
    endloop
  endfacet
  facet normal -0.0327096 0.999465 0
    outer loop
      vertex 0 19.3 -0.209999
      vertex -0.440002 19.2856 -0.11
      vertex 0 19.3 -0.11
    endloop
  endfacet
  facet normal -0.0327096 0.999465 0
    outer loop
      vertex -0.440002 19.2856 -0.11
      vertex 0 19.3 -0.209999
      vertex -0.440002 19.2856 -0.209999
    endloop
  endfacet
  facet normal 0.0327096 0.999465 -0
    outer loop
      vertex 0.440002 19.2856 -0.209999
      vertex 0 19.3 -0.11
      vertex 0.440002 19.2856 -0.11
    endloop
  endfacet
  facet normal 0.0327096 0.999465 0
    outer loop
      vertex 0 19.3 -0.11
      vertex 0.440002 19.2856 -0.209999
      vertex 0 19.3 -0.209999
    endloop
  endfacet
  facet normal -0.0979692 -0.995189 0
    outer loop
      vertex -2.51915 -19.1349 -0.209999
      vertex -2.06 -19.1801 -0.11
      vertex -2.51915 -19.1349 -0.11
    endloop
  endfacet
  facet normal -0.0979692 -0.995189 -0
    outer loop
      vertex -2.06 -19.1801 -0.11
      vertex -2.51915 -19.1349 -0.209999
      vertex -2.06 -19.1801 -0.209999
    endloop
  endfacet
  facet normal -0.162935 -0.986637 0
    outer loop
      vertex -2.94 -19.0654 -0.209999
      vertex -2.51915 -19.1349 -0.11
      vertex -2.94 -19.0654 -0.11
    endloop
  endfacet
  facet normal -0.162935 -0.986637 -0
    outer loop
      vertex -2.51915 -19.1349 -0.11
      vertex -2.94 -19.0654 -0.209999
      vertex -2.51915 -19.1349 -0.209999
    endloop
  endfacet
  facet normal -1 0 0
    outer loop
      vertex -2.94 -19.0654 -0.209999
      vertex -2.94 19.0654 -0.11
      vertex -2.94 19.0654 -0.209999
    endloop
  endfacet
  facet normal -1 -0 0
    outer loop
      vertex -2.94 19.0654 -0.11
      vertex -2.94 -19.0654 -0.209999
      vertex -2.94 -19.0654 -0.11
    endloop
  endfacet
  facet normal -0.162935 0.986637 0
    outer loop
      vertex -2.51915 19.1349 -0.209999
      vertex -2.94 19.0654 -0.11
      vertex -2.51915 19.1349 -0.11
    endloop
  endfacet
  facet normal -0.162935 0.986637 0
    outer loop
      vertex -2.94 19.0654 -0.11
      vertex -2.51915 19.1349 -0.209999
      vertex -2.94 19.0654 -0.209999
    endloop
  endfacet
  facet normal -0.0979692 0.995189 0
    outer loop
      vertex -2.06 19.1801 -0.209999
      vertex -2.51915 19.1349 -0.11
      vertex -2.06 19.1801 -0.11
    endloop
  endfacet
  facet normal -0.0979692 0.995189 0
    outer loop
      vertex -2.51915 19.1349 -0.11
      vertex -2.06 19.1801 -0.209999
      vertex -2.51915 19.1349 -0.209999
    endloop
  endfacet
  facet normal 1 -0 0
    outer loop
      vertex -2.06 -19.1801 -0.11
      vertex -2.06 19.1801 -0.209999
      vertex -2.06 19.1801 -0.11
    endloop
  endfacet
  facet normal 1 0 0
    outer loop
      vertex -2.06 19.1801 -0.209999
      vertex -2.06 -19.1801 -0.11
      vertex -2.06 -19.1801 -0.209999
    endloop
  endfacet
  facet normal 0.162935 0.986637 -0
    outer loop
      vertex 2.94 19.0654 -0.209999
      vertex 2.51915 19.1349 -0.11
      vertex 2.94 19.0654 -0.11
    endloop
  endfacet
  facet normal 0.162935 0.986637 0
    outer loop
      vertex 2.51915 19.1349 -0.11
      vertex 2.94 19.0654 -0.209999
      vertex 2.51915 19.1349 -0.209999
    endloop
  endfacet
  facet normal 1 -0 0
    outer loop
      vertex 2.94 -19.0654 -0.11
      vertex 2.94 19.0654 -0.209999
      vertex 2.94 19.0654 -0.11
    endloop
  endfacet
  facet normal 1 0 0
    outer loop
      vertex 2.94 19.0654 -0.209999
      vertex 2.94 -19.0654 -0.11
      vertex 2.94 -19.0654 -0.209999
    endloop
  endfacet
  facet normal 0.162935 -0.986637 0
    outer loop
      vertex 2.51915 -19.1349 -0.209999
      vertex 2.94 -19.0654 -0.11
      vertex 2.51915 -19.1349 -0.11
    endloop
  endfacet
  facet normal 0.162935 -0.986637 0
    outer loop
      vertex 2.94 -19.0654 -0.11
      vertex 2.51915 -19.1349 -0.209999
      vertex 2.94 -19.0654 -0.209999
    endloop
  endfacet
  facet normal 0.0979692 -0.995189 0
    outer loop
      vertex 2.06 -19.1801 -0.209999
      vertex 2.51915 -19.1349 -0.11
      vertex 2.06 -19.1801 -0.11
    endloop
  endfacet
  facet normal 0.0979692 -0.995189 0
    outer loop
      vertex 2.51915 -19.1349 -0.11
      vertex 2.06 -19.1801 -0.209999
      vertex 2.51915 -19.1349 -0.209999
    endloop
  endfacet
  facet normal -1 0 0
    outer loop
      vertex 2.06 -19.1801 -0.209999
      vertex 2.06 19.1801 -0.11
      vertex 2.06 19.1801 -0.209999
    endloop
  endfacet
  facet normal -1 -0 0
    outer loop
      vertex 2.06 19.1801 -0.11
      vertex 2.06 -19.1801 -0.209999
      vertex 2.06 -19.1801 -0.11
    endloop
  endfacet
  facet normal 0.0979692 0.995189 -0
    outer loop
      vertex 2.51915 19.1349 -0.209999
      vertex 2.06 19.1801 -0.11
      vertex 2.51915 19.1349 -0.11
    endloop
  endfacet
  facet normal 0.0979692 0.995189 0
    outer loop
      vertex 2.06 19.1801 -0.11
      vertex 2.51915 19.1349 -0.209999
      vertex 2.06 19.1801 -0.209999
    endloop
  endfacet
  facet normal -0.226923 -0.973913 0
    outer loop
      vertex -4.99519 -18.6424 -0.209999
      vertex -4.56 -18.7438 -0.11
      vertex -4.99519 -18.6424 -0.11
    endloop
  endfacet
  facet normal -0.226923 -0.973913 -0
    outer loop
      vertex -4.56 -18.7438 -0.11
      vertex -4.99519 -18.6424 -0.209999
      vertex -4.56 -18.7438 -0.209999
    endloop
  endfacet
  facet normal -0.290419 -0.956899 0
    outer loop
      vertex -5.44 -18.5074 -0.209999
      vertex -4.99519 -18.6424 -0.11
      vertex -5.44 -18.5074 -0.11
    endloop
  endfacet
  facet normal -0.290419 -0.956899 -0
    outer loop
      vertex -4.99519 -18.6424 -0.11
      vertex -5.44 -18.5074 -0.209999
      vertex -4.99519 -18.6424 -0.209999
    endloop
  endfacet
  facet normal -1 0 0
    outer loop
      vertex -5.44 -18.5074 -0.209999
      vertex -5.44 18.5074 -0.11
      vertex -5.44 18.5074 -0.209999
    endloop
  endfacet
  facet normal -1 -0 0
    outer loop
      vertex -5.44 18.5074 -0.11
      vertex -5.44 -18.5074 -0.209999
      vertex -5.44 -18.5074 -0.11
    endloop
  endfacet
  facet normal -0.290419 0.956899 0
    outer loop
      vertex -4.99519 18.6424 -0.209999
      vertex -5.44 18.5074 -0.11
      vertex -4.99519 18.6424 -0.11
    endloop
  endfacet
  facet normal -0.290419 0.956899 0
    outer loop
      vertex -5.44 18.5074 -0.11
      vertex -4.99519 18.6424 -0.209999
      vertex -5.44 18.5074 -0.209999
    endloop
  endfacet
  facet normal -0.226923 0.973913 0
    outer loop
      vertex -4.56 18.7438 -0.209999
      vertex -4.99519 18.6424 -0.11
      vertex -4.56 18.7438 -0.11
    endloop
  endfacet
  facet normal -0.226923 0.973913 0
    outer loop
      vertex -4.99519 18.6424 -0.11
      vertex -4.56 18.7438 -0.209999
      vertex -4.99519 18.6424 -0.209999
    endloop
  endfacet
  facet normal 1 -0 0
    outer loop
      vertex -4.56 -18.7438 -0.11
      vertex -4.56 18.7438 -0.209999
      vertex -4.56 18.7438 -0.11
    endloop
  endfacet
  facet normal 1 0 0
    outer loop
      vertex -4.56 18.7438 -0.209999
      vertex -4.56 -18.7438 -0.11
      vertex -4.56 -18.7438 -0.209999
    endloop
  endfacet
  facet normal 0.290419 0.956899 -0
    outer loop
      vertex 5.44 18.5074 -0.209999
      vertex 4.99519 18.6424 -0.11
      vertex 5.44 18.5074 -0.11
    endloop
  endfacet
  facet normal 0.290419 0.956899 0
    outer loop
      vertex 4.99519 18.6424 -0.11
      vertex 5.44 18.5074 -0.209999
      vertex 4.99519 18.6424 -0.209999
    endloop
  endfacet
  facet normal 1 -0 0
    outer loop
      vertex 5.44 -18.5074 -0.11
      vertex 5.44 18.5074 -0.209999
      vertex 5.44 18.5074 -0.11
    endloop
  endfacet
  facet normal 1 0 0
    outer loop
      vertex 5.44 18.5074 -0.209999
      vertex 5.44 -18.5074 -0.11
      vertex 5.44 -18.5074 -0.209999
    endloop
  endfacet
  facet normal 0.290419 -0.956899 0
    outer loop
      vertex 4.99519 -18.6424 -0.209999
      vertex 5.44 -18.5074 -0.11
      vertex 4.99519 -18.6424 -0.11
    endloop
  endfacet
  facet normal 0.290419 -0.956899 0
    outer loop
      vertex 5.44 -18.5074 -0.11
      vertex 4.99519 -18.6424 -0.209999
      vertex 5.44 -18.5074 -0.209999
    endloop
  endfacet
  facet normal 0.226923 -0.973913 0
    outer loop
      vertex 4.56 -18.7438 -0.209999
      vertex 4.99519 -18.6424 -0.11
      vertex 4.56 -18.7438 -0.11
    endloop
  endfacet
  facet normal 0.226923 -0.973913 0
    outer loop
      vertex 4.99519 -18.6424 -0.11
      vertex 4.56 -18.7438 -0.209999
      vertex 4.99519 -18.6424 -0.209999
    endloop
  endfacet
  facet normal -1 0 0
    outer loop
      vertex 4.56 -18.7438 -0.209999
      vertex 4.56 18.7438 -0.11
      vertex 4.56 18.7438 -0.209999
    endloop
  endfacet
  facet normal -1 -0 0
    outer loop
      vertex 4.56 18.7438 -0.11
      vertex 4.56 -18.7438 -0.209999
      vertex 4.56 -18.7438 -0.11
    endloop
  endfacet
  facet normal 0.226923 0.973913 -0
    outer loop
      vertex 4.99519 18.6424 -0.209999
      vertex 4.56 18.7438 -0.11
      vertex 4.99519 18.6424 -0.11
    endloop
  endfacet
  facet normal 0.226923 0.973913 0
    outer loop
      vertex 4.56 18.7438 -0.11
      vertex 4.99519 18.6424 -0.209999
      vertex 4.56 18.7438 -0.209999
    endloop
  endfacet
  facet normal -0.352203 -0.935924 0
    outer loop
      vertex -7.38579 -17.8309 -0.209999
      vertex -7.06 -17.9535 -0.11
      vertex -7.38579 -17.8309 -0.11
    endloop
  endfacet
  facet normal -0.352203 -0.935924 -0
    outer loop
      vertex -7.06 -17.9535 -0.11
      vertex -7.38579 -17.8309 -0.209999
      vertex -7.06 -17.9535 -0.209999
    endloop
  endfacet
  facet normal -0.412694 -0.91087 0
    outer loop
      vertex -7.94 -17.5798 -0.209999
      vertex -7.38579 -17.8309 -0.11
      vertex -7.94 -17.5798 -0.11
    endloop
  endfacet
  facet normal -0.412694 -0.91087 -0
    outer loop
      vertex -7.38579 -17.8309 -0.11
      vertex -7.94 -17.5798 -0.209999
      vertex -7.38579 -17.8309 -0.209999
    endloop
  endfacet
  facet normal -1 0 0
    outer loop
      vertex -7.94 -17.5798 -0.209999
      vertex -7.94 17.5798 -0.11
      vertex -7.94 17.5798 -0.209999
    endloop
  endfacet
  facet normal -1 -0 0
    outer loop
      vertex -7.94 17.5798 -0.11
      vertex -7.94 -17.5798 -0.209999
      vertex -7.94 -17.5798 -0.11
    endloop
  endfacet
  facet normal -0.412694 0.91087 0
    outer loop
      vertex -7.38579 17.8309 -0.209999
      vertex -7.94 17.5798 -0.11
      vertex -7.38579 17.8309 -0.11
    endloop
  endfacet
  facet normal -0.412694 0.91087 0
    outer loop
      vertex -7.94 17.5798 -0.11
      vertex -7.38579 17.8309 -0.209999
      vertex -7.94 17.5798 -0.209999
    endloop
  endfacet
  facet normal -0.352203 0.935924 0
    outer loop
      vertex -7.06 17.9535 -0.209999
      vertex -7.38579 17.8309 -0.11
      vertex -7.06 17.9535 -0.11
    endloop
  endfacet
  facet normal -0.352203 0.935924 0
    outer loop
      vertex -7.38579 17.8309 -0.11
      vertex -7.06 17.9535 -0.209999
      vertex -7.38579 17.8309 -0.209999
    endloop
  endfacet
  facet normal 1 -0 0
    outer loop
      vertex -7.06 -17.9535 -0.11
      vertex -7.06 17.9535 -0.209999
      vertex -7.06 17.9535 -0.11
    endloop
  endfacet
  facet normal 1 0 0
    outer loop
      vertex -7.06 17.9535 -0.209999
      vertex -7.06 -17.9535 -0.11
      vertex -7.06 -17.9535 -0.209999
    endloop
  endfacet
  facet normal 0.412694 0.91087 -0
    outer loop
      vertex 7.94 17.5798 -0.209999
      vertex 7.38579 17.8309 -0.11
      vertex 7.94 17.5798 -0.11
    endloop
  endfacet
  facet normal 0.412694 0.91087 0
    outer loop
      vertex 7.38579 17.8309 -0.11
      vertex 7.94 17.5798 -0.209999
      vertex 7.38579 17.8309 -0.209999
    endloop
  endfacet
  facet normal 1 -0 0
    outer loop
      vertex 7.94 -17.5798 -0.11
      vertex 7.94 17.5798 -0.209999
      vertex 7.94 17.5798 -0.11
    endloop
  endfacet
  facet normal 1 0 0
    outer loop
      vertex 7.94 17.5798 -0.209999
      vertex 7.94 -17.5798 -0.11
      vertex 7.94 -17.5798 -0.209999
    endloop
  endfacet
  facet normal 0.412694 -0.91087 0
    outer loop
      vertex 7.38579 -17.8309 -0.209999
      vertex 7.94 -17.5798 -0.11
      vertex 7.38579 -17.8309 -0.11
    endloop
  endfacet
  facet normal 0.412694 -0.91087 0
    outer loop
      vertex 7.94 -17.5798 -0.11
      vertex 7.38579 -17.8309 -0.209999
      vertex 7.94 -17.5798 -0.209999
    endloop
  endfacet
  facet normal 0.352203 -0.935924 0
    outer loop
      vertex 7.06 -17.9535 -0.209999
      vertex 7.38579 -17.8309 -0.11
      vertex 7.06 -17.9535 -0.11
    endloop
  endfacet
  facet normal 0.352203 -0.935924 0
    outer loop
      vertex 7.38579 -17.8309 -0.11
      vertex 7.06 -17.9535 -0.209999
      vertex 7.38579 -17.8309 -0.209999
    endloop
  endfacet
  facet normal -1 0 0
    outer loop
      vertex 7.06 -17.9535 -0.209999
      vertex 7.06 17.9535 -0.11
      vertex 7.06 17.9535 -0.209999
    endloop
  endfacet
  facet normal -1 -0 0
    outer loop
      vertex 7.06 17.9535 -0.11
      vertex 7.06 -17.9535 -0.209999
      vertex 7.06 -17.9535 -0.11
    endloop
  endfacet
  facet normal 0.352203 0.935924 -0
    outer loop
      vertex 7.38579 17.8309 -0.209999
      vertex 7.06 17.9535 -0.11
      vertex 7.38579 17.8309 -0.11
    endloop
  endfacet
  facet normal 0.352203 0.935924 0
    outer loop
      vertex 7.06 17.9535 -0.11
      vertex 7.38579 17.8309 -0.209999
      vertex 7.06 17.9535 -0.209999
    endloop
  endfacet
  facet normal -0.471392 -0.881924 0
    outer loop
      vertex -9.64999 -16.7143 -0.209999
      vertex -9.56 -16.7624 -0.11
      vertex -9.64999 -16.7143 -0.11
    endloop
  endfacet
  facet normal -0.471392 -0.881924 -0
    outer loop
      vertex -9.56 -16.7624 -0.11
      vertex -9.64999 -16.7143 -0.209999
      vertex -9.56 -16.7624 -0.209999
    endloop
  endfacet
  facet normal -0.528099 -0.849183 0
    outer loop
      vertex -10.44 -16.223 -0.209999
      vertex -9.64999 -16.7143 -0.11
      vertex -10.44 -16.223 -0.11
    endloop
  endfacet
  facet normal -0.528099 -0.849183 -0
    outer loop
      vertex -9.64999 -16.7143 -0.11
      vertex -10.44 -16.223 -0.209999
      vertex -9.64999 -16.7143 -0.209999
    endloop
  endfacet
  facet normal -1 0 0
    outer loop
      vertex -10.44 -16.223 -0.209999
      vertex -10.44 16.223 -0.11
      vertex -10.44 16.223 -0.209999
    endloop
  endfacet
  facet normal -1 -0 0
    outer loop
      vertex -10.44 16.223 -0.11
      vertex -10.44 -16.223 -0.209999
      vertex -10.44 -16.223 -0.11
    endloop
  endfacet
  facet normal -0.528099 0.849183 0
    outer loop
      vertex -9.64999 16.7143 -0.209999
      vertex -10.44 16.223 -0.11
      vertex -9.64999 16.7143 -0.11
    endloop
  endfacet
  facet normal -0.528099 0.849183 0
    outer loop
      vertex -10.44 16.223 -0.11
      vertex -9.64999 16.7143 -0.209999
      vertex -10.44 16.223 -0.209999
    endloop
  endfacet
  facet normal -0.471392 0.881924 0
    outer loop
      vertex -9.56 16.7624 -0.209999
      vertex -9.64999 16.7143 -0.11
      vertex -9.56 16.7624 -0.11
    endloop
  endfacet
  facet normal -0.471392 0.881924 0
    outer loop
      vertex -9.64999 16.7143 -0.11
      vertex -9.56 16.7624 -0.209999
      vertex -9.64999 16.7143 -0.209999
    endloop
  endfacet
  facet normal 1 -0 0
    outer loop
      vertex -9.56 -16.7624 -0.11
      vertex -9.56 16.7624 -0.209999
      vertex -9.56 16.7624 -0.11
    endloop
  endfacet
  facet normal 1 0 0
    outer loop
      vertex -9.56 16.7624 -0.209999
      vertex -9.56 -16.7624 -0.11
      vertex -9.56 -16.7624 -0.209999
    endloop
  endfacet
  facet normal 0.528099 0.849183 -0
    outer loop
      vertex 10.44 16.223 -0.209999
      vertex 9.64999 16.7143 -0.11
      vertex 10.44 16.223 -0.11
    endloop
  endfacet
  facet normal 0.528099 0.849183 0
    outer loop
      vertex 9.64999 16.7143 -0.11
      vertex 10.44 16.223 -0.209999
      vertex 9.64999 16.7143 -0.209999
    endloop
  endfacet
  facet normal 1 -0 0
    outer loop
      vertex 10.44 -16.223 -0.11
      vertex 10.44 16.223 -0.209999
      vertex 10.44 16.223 -0.11
    endloop
  endfacet
  facet normal 1 0 0
    outer loop
      vertex 10.44 16.223 -0.209999
      vertex 10.44 -16.223 -0.11
      vertex 10.44 -16.223 -0.209999
    endloop
  endfacet
  facet normal 0.528099 -0.849183 0
    outer loop
      vertex 9.64999 -16.7143 -0.209999
      vertex 10.44 -16.223 -0.11
      vertex 9.64999 -16.7143 -0.11
    endloop
  endfacet
  facet normal 0.528099 -0.849183 0
    outer loop
      vertex 10.44 -16.223 -0.11
      vertex 9.64999 -16.7143 -0.209999
      vertex 10.44 -16.223 -0.209999
    endloop
  endfacet
  facet normal 0.471392 -0.881924 0
    outer loop
      vertex 9.56 -16.7624 -0.209999
      vertex 9.64999 -16.7143 -0.11
      vertex 9.56 -16.7624 -0.11
    endloop
  endfacet
  facet normal 0.471392 -0.881924 0
    outer loop
      vertex 9.64999 -16.7143 -0.11
      vertex 9.56 -16.7624 -0.209999
      vertex 9.64999 -16.7143 -0.209999
    endloop
  endfacet
  facet normal -1 0 0
    outer loop
      vertex 9.56 -16.7624 -0.209999
      vertex 9.56 16.7624 -0.11
      vertex 9.56 16.7624 -0.209999
    endloop
  endfacet
  facet normal -1 -0 0
    outer loop
      vertex 9.56 16.7624 -0.11
      vertex 9.56 -16.7624 -0.209999
      vertex 9.56 -16.7624 -0.11
    endloop
  endfacet
  facet normal 0.471392 0.881924 -0
    outer loop
      vertex 9.64999 16.7143 -0.209999
      vertex 9.56 16.7624 -0.11
      vertex 9.64999 16.7143 -0.11
    endloop
  endfacet
  facet normal 0.471392 0.881924 0
    outer loop
      vertex 9.56 16.7624 -0.11
      vertex 9.64999 16.7143 -0.209999
      vertex 9.56 16.7624 -0.209999
    endloop
  endfacet
  facet normal -0.634338 -0.773056 0
    outer loop
      vertex -12.7254 -14.5105 -0.209999
      vertex -12.06 -15.0565 -0.11
      vertex -12.7254 -14.5105 -0.11
    endloop
  endfacet
  facet normal -0.634338 -0.773056 -0
    outer loop
      vertex -12.06 -15.0565 -0.11
      vertex -12.7254 -14.5105 -0.209999
      vertex -12.06 -15.0565 -0.209999
    endloop
  endfacet
  facet normal -0.683602 -0.729855 0
    outer loop
      vertex -12.94 -14.3095 -0.209999
      vertex -12.7254 -14.5105 -0.11
      vertex -12.94 -14.3095 -0.11
    endloop
  endfacet
  facet normal -0.683602 -0.729855 -0
    outer loop
      vertex -12.7254 -14.5105 -0.11
      vertex -12.94 -14.3095 -0.209999
      vertex -12.7254 -14.5105 -0.209999
    endloop
  endfacet
  facet normal -1 0 0
    outer loop
      vertex -12.94 -14.3095 -0.209999
      vertex -12.94 14.3095 -0.11
      vertex -12.94 14.3095 -0.209999
    endloop
  endfacet
  facet normal -1 -0 0
    outer loop
      vertex -12.94 14.3095 -0.11
      vertex -12.94 -14.3095 -0.209999
      vertex -12.94 -14.3095 -0.11
    endloop
  endfacet
  facet normal -0.683602 0.729855 0
    outer loop
      vertex -12.7254 14.5105 -0.209999
      vertex -12.94 14.3095 -0.11
      vertex -12.7254 14.5105 -0.11
    endloop
  endfacet
  facet normal -0.683602 0.729855 0
    outer loop
      vertex -12.94 14.3095 -0.11
      vertex -12.7254 14.5105 -0.209999
      vertex -12.94 14.3095 -0.209999
    endloop
  endfacet
  facet normal -0.634338 0.773056 0
    outer loop
      vertex -12.06 15.0565 -0.209999
      vertex -12.7254 14.5105 -0.11
      vertex -12.06 15.0565 -0.11
    endloop
  endfacet
  facet normal -0.634338 0.773056 0
    outer loop
      vertex -12.7254 14.5105 -0.11
      vertex -12.06 15.0565 -0.209999
      vertex -12.7254 14.5105 -0.209999
    endloop
  endfacet
  facet normal 1 -0 0
    outer loop
      vertex -12.06 -15.0565 -0.11
      vertex -12.06 15.0565 -0.209999
      vertex -12.06 15.0565 -0.11
    endloop
  endfacet
  facet normal 1 0 0
    outer loop
      vertex -12.06 15.0565 -0.209999
      vertex -12.06 -15.0565 -0.11
      vertex -12.06 -15.0565 -0.209999
    endloop
  endfacet
  facet normal 0.683602 0.729855 -0
    outer loop
      vertex 12.94 14.3095 -0.209999
      vertex 12.7254 14.5105 -0.11
      vertex 12.94 14.3095 -0.11
    endloop
  endfacet
  facet normal 0.683602 0.729855 0
    outer loop
      vertex 12.7254 14.5105 -0.11
      vertex 12.94 14.3095 -0.209999
      vertex 12.7254 14.5105 -0.209999
    endloop
  endfacet
  facet normal 1 -0 0
    outer loop
      vertex 12.94 -14.3095 -0.11
      vertex 12.94 14.3095 -0.209999
      vertex 12.94 14.3095 -0.11
    endloop
  endfacet
  facet normal 1 0 0
    outer loop
      vertex 12.94 14.3095 -0.209999
      vertex 12.94 -14.3095 -0.11
      vertex 12.94 -14.3095 -0.209999
    endloop
  endfacet
  facet normal 0.683602 -0.729855 0
    outer loop
      vertex 12.7254 -14.5105 -0.209999
      vertex 12.94 -14.3095 -0.11
      vertex 12.7254 -14.5105 -0.11
    endloop
  endfacet
  facet normal 0.683602 -0.729855 0
    outer loop
      vertex 12.94 -14.3095 -0.11
      vertex 12.7254 -14.5105 -0.209999
      vertex 12.94 -14.3095 -0.209999
    endloop
  endfacet
  facet normal 0.634338 -0.773056 0
    outer loop
      vertex 12.06 -15.0565 -0.209999
      vertex 12.7254 -14.5105 -0.11
      vertex 12.06 -15.0565 -0.11
    endloop
  endfacet
  facet normal 0.634338 -0.773056 0
    outer loop
      vertex 12.7254 -14.5105 -0.11
      vertex 12.06 -15.0565 -0.209999
      vertex 12.7254 -14.5105 -0.209999
    endloop
  endfacet
  facet normal -1 0 0
    outer loop
      vertex 12.06 -15.0565 -0.209999
      vertex 12.06 15.0565 -0.11
      vertex 12.06 15.0565 -0.209999
    endloop
  endfacet
  facet normal -1 -0 0
    outer loop
      vertex 12.06 15.0565 -0.11
      vertex 12.06 -15.0565 -0.209999
      vertex 12.06 -15.0565 -0.11
    endloop
  endfacet
  facet normal 0.634338 0.773056 -0
    outer loop
      vertex 12.7254 14.5105 -0.209999
      vertex 12.06 15.0565 -0.11
      vertex 12.7254 14.5105 -0.11
    endloop
  endfacet
  facet normal 0.634338 0.773056 0
    outer loop
      vertex 12.06 15.0565 -0.11
      vertex 12.7254 14.5105 -0.209999
      vertex 12.06 15.0565 -0.209999
    endloop
  endfacet
  facet normal -0.773028 -0.634372 0
    outer loop
      vertex -14.56 -12.6651 -0.209999
      vertex -15.3117 -11.7491 -0.11
      vertex -15.3117 -11.7491 -0.209999
    endloop
  endfacet
  facet normal -0.773028 -0.634372 0
    outer loop
      vertex -15.3117 -11.7491 -0.11
      vertex -14.56 -12.6651 -0.209999
      vertex -14.56 -12.6651 -0.11
    endloop
  endfacet
  facet normal -0.812781 -0.582569 0
    outer loop
      vertex -15.3117 -11.7491 -0.209999
      vertex -15.44 -11.5701 -0.11
      vertex -15.44 -11.5701 -0.209999
    endloop
  endfacet
  facet normal -0.812781 -0.582569 0
    outer loop
      vertex -15.44 -11.5701 -0.11
      vertex -15.3117 -11.7491 -0.209999
      vertex -15.3117 -11.7491 -0.11
    endloop
  endfacet
  facet normal -1 0 0
    outer loop
      vertex -15.44 -11.5701 -0.209999
      vertex -15.44 11.5701 -0.11
      vertex -15.44 11.5701 -0.209999
    endloop
  endfacet
  facet normal -1 -0 0
    outer loop
      vertex -15.44 11.5701 -0.11
      vertex -15.44 -11.5701 -0.209999
      vertex -15.44 -11.5701 -0.11
    endloop
  endfacet
  facet normal -0.812781 0.582569 0
    outer loop
      vertex -15.44 11.5701 -0.209999
      vertex -15.3117 11.7491 -0.11
      vertex -15.3117 11.7491 -0.209999
    endloop
  endfacet
  facet normal -0.812781 0.582569 0
    outer loop
      vertex -15.3117 11.7491 -0.11
      vertex -15.44 11.5701 -0.209999
      vertex -15.44 11.5701 -0.11
    endloop
  endfacet
  facet normal -0.773028 0.634372 0
    outer loop
      vertex -15.3117 11.7491 -0.209999
      vertex -14.56 12.6651 -0.11
      vertex -14.56 12.6651 -0.209999
    endloop
  endfacet
  facet normal -0.773028 0.634372 0
    outer loop
      vertex -14.56 12.6651 -0.11
      vertex -15.3117 11.7491 -0.209999
      vertex -15.3117 11.7491 -0.11
    endloop
  endfacet
  facet normal 1 -0 0
    outer loop
      vertex -14.56 -12.6651 -0.11
      vertex -14.56 12.6651 -0.209999
      vertex -14.56 12.6651 -0.11
    endloop
  endfacet
  facet normal 1 0 0
    outer loop
      vertex -14.56 12.6651 -0.209999
      vertex -14.56 -12.6651 -0.11
      vertex -14.56 -12.6651 -0.209999
    endloop
  endfacet
  facet normal 0.812781 0.582569 0
    outer loop
      vertex 15.44 11.5701 -0.11
      vertex 15.3117 11.7491 -0.209999
      vertex 15.3117 11.7491 -0.11
    endloop
  endfacet
  facet normal 0.812781 0.582569 0
    outer loop
      vertex 15.3117 11.7491 -0.209999
      vertex 15.44 11.5701 -0.11
      vertex 15.44 11.5701 -0.209999
    endloop
  endfacet
  facet normal 1 -0 0
    outer loop
      vertex 15.44 -11.5701 -0.11
      vertex 15.44 11.5701 -0.209999
      vertex 15.44 11.5701 -0.11
    endloop
  endfacet
  facet normal 1 0 0
    outer loop
      vertex 15.44 11.5701 -0.209999
      vertex 15.44 -11.5701 -0.11
      vertex 15.44 -11.5701 -0.209999
    endloop
  endfacet
  facet normal 0.812781 -0.582569 0
    outer loop
      vertex 15.3117 -11.7491 -0.11
      vertex 15.44 -11.5701 -0.209999
      vertex 15.44 -11.5701 -0.11
    endloop
  endfacet
  facet normal 0.812781 -0.582569 0
    outer loop
      vertex 15.44 -11.5701 -0.209999
      vertex 15.3117 -11.7491 -0.11
      vertex 15.3117 -11.7491 -0.209999
    endloop
  endfacet
  facet normal 0.773028 -0.634372 0
    outer loop
      vertex 14.56 -12.6651 -0.11
      vertex 15.3117 -11.7491 -0.209999
      vertex 15.3117 -11.7491 -0.11
    endloop
  endfacet
  facet normal 0.773028 -0.634372 0
    outer loop
      vertex 15.3117 -11.7491 -0.209999
      vertex 14.56 -12.6651 -0.11
      vertex 14.56 -12.6651 -0.209999
    endloop
  endfacet
  facet normal -1 0 0
    outer loop
      vertex 14.56 -12.6651 -0.209999
      vertex 14.56 12.6651 -0.11
      vertex 14.56 12.6651 -0.209999
    endloop
  endfacet
  facet normal -1 -0 0
    outer loop
      vertex 14.56 12.6651 -0.11
      vertex 14.56 -12.6651 -0.209999
      vertex 14.56 -12.6651 -0.11
    endloop
  endfacet
  facet normal 0.773028 0.634372 0
    outer loop
      vertex 15.3117 11.7491 -0.11
      vertex 14.56 12.6651 -0.209999
      vertex 14.56 12.6651 -0.11
    endloop
  endfacet
  facet normal 0.773028 0.634372 0
    outer loop
      vertex 14.56 12.6651 -0.209999
      vertex 15.3117 11.7491 -0.11
      vertex 15.3117 11.7491 -0.209999
    endloop
  endfacet
  facet normal -0.881951 -0.471341 0
    outer loop
      vertex -17.06 -9.0032 -0.209999
      vertex -17.3096 -8.53616 -0.11
      vertex -17.3096 -8.53616 -0.209999
    endloop
  endfacet
  facet normal -0.881951 -0.471341 0
    outer loop
      vertex -17.3096 -8.53616 -0.11
      vertex -17.06 -9.0032 -0.209999
      vertex -17.06 -9.0032 -0.11
    endloop
  endfacet
  facet normal -0.910842 -0.412756 0
    outer loop
      vertex -17.3096 -8.53616 -0.209999
      vertex -17.8309 -7.38579 -0.11
      vertex -17.8309 -7.38579 -0.209999
    endloop
  endfacet
  facet normal -0.910842 -0.412756 0
    outer loop
      vertex -17.8309 -7.38579 -0.11
      vertex -17.3096 -8.53616 -0.209999
      vertex -17.3096 -8.53616 -0.11
    endloop
  endfacet
  facet normal -0.935941 -0.352156 0
    outer loop
      vertex -17.8309 -7.38579 -0.209999
      vertex -17.94 -7.09583 -0.11
      vertex -17.94 -7.09583 -0.209999
    endloop
  endfacet
  facet normal -0.935941 -0.352156 0
    outer loop
      vertex -17.94 -7.09583 -0.11
      vertex -17.8309 -7.38579 -0.209999
      vertex -17.8309 -7.38579 -0.11
    endloop
  endfacet
  facet normal -1 0 0
    outer loop
      vertex -17.94 -7.09583 -0.209999
      vertex -17.94 7.09583 -0.11
      vertex -17.94 7.09583 -0.209999
    endloop
  endfacet
  facet normal -1 -0 0
    outer loop
      vertex -17.94 7.09583 -0.11
      vertex -17.94 -7.09583 -0.209999
      vertex -17.94 -7.09583 -0.11
    endloop
  endfacet
  facet normal -0.935941 0.352156 0
    outer loop
      vertex -17.94 7.09583 -0.209999
      vertex -17.8309 7.38579 -0.11
      vertex -17.8309 7.38579 -0.209999
    endloop
  endfacet
  facet normal -0.935941 0.352156 0
    outer loop
      vertex -17.8309 7.38579 -0.11
      vertex -17.94 7.09583 -0.209999
      vertex -17.94 7.09583 -0.11
    endloop
  endfacet
  facet normal -0.910842 0.412756 0
    outer loop
      vertex -17.8309 7.38579 -0.209999
      vertex -17.3096 8.53616 -0.11
      vertex -17.3096 8.53616 -0.209999
    endloop
  endfacet
  facet normal -0.910842 0.412756 0
    outer loop
      vertex -17.3096 8.53616 -0.11
      vertex -17.8309 7.38579 -0.209999
      vertex -17.8309 7.38579 -0.11
    endloop
  endfacet
  facet normal -0.881951 0.471341 0
    outer loop
      vertex -17.3096 8.53616 -0.209999
      vertex -17.06 9.0032 -0.11
      vertex -17.06 9.0032 -0.209999
    endloop
  endfacet
  facet normal -0.881951 0.471341 0
    outer loop
      vertex -17.06 9.0032 -0.11
      vertex -17.3096 8.53616 -0.209999
      vertex -17.3096 8.53616 -0.11
    endloop
  endfacet
  facet normal 1 -0 0
    outer loop
      vertex -17.06 -9.0032 -0.11
      vertex -17.06 9.0032 -0.209999
      vertex -17.06 9.0032 -0.11
    endloop
  endfacet
  facet normal 1 0 0
    outer loop
      vertex -17.06 9.0032 -0.209999
      vertex -17.06 -9.0032 -0.11
      vertex -17.06 -9.0032 -0.209999
    endloop
  endfacet
  facet normal 0.910842 0.412756 0
    outer loop
      vertex 17.8309 7.38579 -0.11
      vertex 17.3096 8.53616 -0.209999
      vertex 17.3096 8.53616 -0.11
    endloop
  endfacet
  facet normal 0.910842 0.412756 0
    outer loop
      vertex 17.3096 8.53616 -0.209999
      vertex 17.8309 7.38579 -0.11
      vertex 17.8309 7.38579 -0.209999
    endloop
  endfacet
  facet normal 0.935941 0.352156 0
    outer loop
      vertex 17.94 7.09583 -0.11
      vertex 17.8309 7.38579 -0.209999
      vertex 17.8309 7.38579 -0.11
    endloop
  endfacet
  facet normal 0.935941 0.352156 0
    outer loop
      vertex 17.8309 7.38579 -0.209999
      vertex 17.94 7.09583 -0.11
      vertex 17.94 7.09583 -0.209999
    endloop
  endfacet
  facet normal 1 -0 0
    outer loop
      vertex 17.94 -7.09583 -0.11
      vertex 17.94 7.09583 -0.209999
      vertex 17.94 7.09583 -0.11
    endloop
  endfacet
  facet normal 1 0 0
    outer loop
      vertex 17.94 7.09583 -0.209999
      vertex 17.94 -7.09583 -0.11
      vertex 17.94 -7.09583 -0.209999
    endloop
  endfacet
  facet normal 0.935941 -0.352156 0
    outer loop
      vertex 17.8309 -7.38579 -0.11
      vertex 17.94 -7.09583 -0.209999
      vertex 17.94 -7.09583 -0.11
    endloop
  endfacet
  facet normal 0.935941 -0.352156 0
    outer loop
      vertex 17.94 -7.09583 -0.209999
      vertex 17.8309 -7.38579 -0.11
      vertex 17.8309 -7.38579 -0.209999
    endloop
  endfacet
  facet normal 0.910842 -0.412756 0
    outer loop
      vertex 17.3096 -8.53616 -0.11
      vertex 17.8309 -7.38579 -0.209999
      vertex 17.8309 -7.38579 -0.11
    endloop
  endfacet
  facet normal 0.910842 -0.412756 0
    outer loop
      vertex 17.8309 -7.38579 -0.209999
      vertex 17.3096 -8.53616 -0.11
      vertex 17.3096 -8.53616 -0.209999
    endloop
  endfacet
  facet normal 0.881951 -0.471341 0
    outer loop
      vertex 17.06 -9.0032 -0.11
      vertex 17.3096 -8.53616 -0.209999
      vertex 17.3096 -8.53616 -0.11
    endloop
  endfacet
  facet normal 0.881951 -0.471341 0
    outer loop
      vertex 17.3096 -8.53616 -0.209999
      vertex 17.06 -9.0032 -0.11
      vertex 17.06 -9.0032 -0.209999
    endloop
  endfacet
  facet normal -1 0 0
    outer loop
      vertex 17.06 -9.0032 -0.209999
      vertex 17.06 9.0032 -0.11
      vertex 17.06 9.0032 -0.209999
    endloop
  endfacet
  facet normal -1 -0 0
    outer loop
      vertex 17.06 9.0032 -0.11
      vertex 17.06 -9.0032 -0.209999
      vertex 17.06 -9.0032 -0.11
    endloop
  endfacet
  facet normal 0.881951 0.471341 0
    outer loop
      vertex 17.3096 8.53616 -0.11
      vertex 17.06 9.0032 -0.209999
      vertex 17.06 9.0032 -0.11
    endloop
  endfacet
  facet normal 0.881951 0.471341 0
    outer loop
      vertex 17.06 9.0032 -0.209999
      vertex 17.3096 8.53616 -0.11
      vertex 17.3096 8.53616 -0.209999
    endloop
  endfacet
  facet normal 0 0 -1
    outer loop
      vertex 0.380005 -19.1876 -0.309999
      vertex 0.320007 -19.0895 -0.309999
      vertex 0.380005 19.1876 -0.309999
    endloop
  endfacet
  facet normal 0 0 -1
    outer loop
      vertex 0 -19.2 -0.309999
      vertex 0.320007 -19.0895 -0.309999
      vertex 0.380005 -19.1876 -0.309999
    endloop
  endfacet
  facet normal 0 0 -1
    outer loop
      vertex 0 -19.2 -0.309999
      vertex 0 -19.1 -0.309999
      vertex 0.320007 -19.0895 -0.309999
    endloop
  endfacet
  facet normal 0 0 -1
    outer loop
      vertex 0 -19.2 -0.309999
      vertex -0.320007 -19.0895 -0.309999
      vertex 0 -19.1 -0.309999
    endloop
  endfacet
  facet normal -0 0 -1
    outer loop
      vertex -0.320007 -19.0895 -0.309999
      vertex -0.380005 -19.1876 -0.309999
      vertex -0.320007 19.0895 -0.309999
    endloop
  endfacet
  facet normal 0 0 -1
    outer loop
      vertex -0.380005 -19.1876 -0.309999
      vertex -0.320007 -19.0895 -0.309999
      vertex 0 -19.2 -0.309999
    endloop
  endfacet
  facet normal 0 0 -1
    outer loop
      vertex 0.320007 19.0895 -0.309999
      vertex 0.380005 19.1876 -0.309999
      vertex 0.320007 -19.0895 -0.309999
    endloop
  endfacet
  facet normal 0 0 -1
    outer loop
      vertex 0 19.2 -0.309999
      vertex 0.320007 19.0895 -0.309999
      vertex 0 19.1 -0.309999
    endloop
  endfacet
  facet normal 0 0 -1
    outer loop
      vertex 0.320007 19.0895 -0.309999
      vertex 0 19.2 -0.309999
      vertex 0.380005 19.1876 -0.309999
    endloop
  endfacet
  facet normal 0 0 -1
    outer loop
      vertex -0.320007 19.0895 -0.309999
      vertex 0 19.2 -0.309999
      vertex 0 19.1 -0.309999
    endloop
  endfacet
  facet normal 0 0 -1
    outer loop
      vertex -0.320007 19.0895 -0.309999
      vertex -0.380005 19.1876 -0.309999
      vertex 0 19.2 -0.309999
    endloop
  endfacet
  facet normal 0 0 -1
    outer loop
      vertex -0.380005 19.1876 -0.309999
      vertex -0.320007 19.0895 -0.309999
      vertex -0.380005 -19.1876 -0.309999
    endloop
  endfacet
  facet normal 0 0 -1
    outer loop
      vertex -2.12 -19.0738 -0.309999
      vertex -2.17999 -18.9674 -0.309999
      vertex -2.12 19.0738 -0.309999
    endloop
  endfacet
  facet normal 0 0 -1
    outer loop
      vertex -2.50609 -19.0357 -0.309999
      vertex -2.17999 -18.9674 -0.309999
      vertex -2.12 -19.0738 -0.309999
    endloop
  endfacet
  facet normal -0 0 -1
    outer loop
      vertex -2.17999 -18.9674 -0.309999
      vertex -2.50609 -19.0357 -0.309999
      vertex -2.49304 -18.9366 -0.309999
    endloop
  endfacet
  facet normal 0 0 -1
    outer loop
      vertex -2.50609 -19.0357 -0.309999
      vertex -2.82001 -18.8826 -0.309999
      vertex -2.49304 -18.9366 -0.309999
    endloop
  endfacet
  facet normal -0 0 -1
    outer loop
      vertex -2.82001 -18.8826 -0.309999
      vertex -2.88 -18.974 -0.309999
      vertex -2.82001 18.8826 -0.309999
    endloop
  endfacet
  facet normal 0 0 -1
    outer loop
      vertex -2.88 -18.974 -0.309999
      vertex -2.82001 -18.8826 -0.309999
      vertex -2.50609 -19.0357 -0.309999
    endloop
  endfacet
  facet normal 0 0 -1
    outer loop
      vertex -2.17999 18.9674 -0.309999
      vertex -2.12 19.0738 -0.309999
      vertex -2.17999 -18.9674 -0.309999
    endloop
  endfacet
  facet normal 0 0 -1
    outer loop
      vertex -2.50609 19.0357 -0.309999
      vertex -2.17999 18.9674 -0.309999
      vertex -2.49304 18.9366 -0.309999
    endloop
  endfacet
  facet normal 0 0 -1
    outer loop
      vertex -2.17999 18.9674 -0.309999
      vertex -2.50609 19.0357 -0.309999
      vertex -2.12 19.0738 -0.309999
    endloop
  endfacet
  facet normal 0 0 -1
    outer loop
      vertex -2.82001 18.8826 -0.309999
      vertex -2.50609 19.0357 -0.309999
      vertex -2.49304 18.9366 -0.309999
    endloop
  endfacet
  facet normal 0 0 -1
    outer loop
      vertex -2.82001 18.8826 -0.309999
      vertex -2.88 18.974 -0.309999
      vertex -2.50609 19.0357 -0.309999
    endloop
  endfacet
  facet normal 0 0 -1
    outer loop
      vertex -2.88 18.974 -0.309999
      vertex -2.82001 18.8826 -0.309999
      vertex -2.88 -18.974 -0.309999
    endloop
  endfacet
  facet normal 0 0 -1
    outer loop
      vertex 2.88 -18.974 -0.309999
      vertex 2.82001 -18.8826 -0.309999
      vertex 2.88 18.974 -0.309999
    endloop
  endfacet
  facet normal 0 0 -1
    outer loop
      vertex 2.50609 -19.0357 -0.309999
      vertex 2.82001 -18.8826 -0.309999
      vertex 2.88 -18.974 -0.309999
    endloop
  endfacet
  facet normal 0 0 -1
    outer loop
      vertex 2.50609 -19.0357 -0.309999
      vertex 2.49304 -18.9366 -0.309999
      vertex 2.82001 -18.8826 -0.309999
    endloop
  endfacet
  facet normal 0 0 -1
    outer loop
      vertex 2.50609 -19.0357 -0.309999
      vertex 2.17999 -18.9674 -0.309999
      vertex 2.49304 -18.9366 -0.309999
    endloop
  endfacet
  facet normal -0 0 -1
    outer loop
      vertex 2.17999 -18.9674 -0.309999
      vertex 2.12 -19.0738 -0.309999
      vertex 2.17999 18.9674 -0.309999
    endloop
  endfacet
  facet normal 0 0 -1
    outer loop
      vertex 2.12 -19.0738 -0.309999
      vertex 2.17999 -18.9674 -0.309999
      vertex 2.50609 -19.0357 -0.309999
    endloop
  endfacet
  facet normal 0 0 -1
    outer loop
      vertex 2.82001 18.8826 -0.309999
      vertex 2.88 18.974 -0.309999
      vertex 2.82001 -18.8826 -0.309999
    endloop
  endfacet
  facet normal 0 0 -1
    outer loop
      vertex 2.82001 18.8826 -0.309999
      vertex 2.50609 19.0357 -0.309999
      vertex 2.88 18.974 -0.309999
    endloop
  endfacet
  facet normal 0 0 -1
    outer loop
      vertex 2.49304 18.9366 -0.309999
      vertex 2.50609 19.0357 -0.309999
      vertex 2.82001 18.8826 -0.309999
    endloop
  endfacet
  facet normal 0 0 -1
    outer loop
      vertex 2.17999 18.9674 -0.309999
      vertex 2.50609 19.0357 -0.309999
      vertex 2.49304 18.9366 -0.309999
    endloop
  endfacet
  facet normal 0 0 -1
    outer loop
      vertex 2.17999 18.9674 -0.309999
      vertex 2.12 19.0738 -0.309999
      vertex 2.50609 19.0357 -0.309999
    endloop
  endfacet
  facet normal 0 0 -1
    outer loop
      vertex 2.12 19.0738 -0.309999
      vertex 2.17999 18.9674 -0.309999
      vertex 2.12 -19.0738 -0.309999
    endloop
  endfacet
  facet normal 0 0 -1
    outer loop
      vertex -4.62 -18.6272 -0.309999
      vertex -4.67999 -18.5106 -0.309999
      vertex -4.62 18.6272 -0.309999
    endloop
  endfacet
  facet normal 0 0 -1
    outer loop
      vertex -4.96931 -18.5458 -0.309999
      vertex -4.67999 -18.5106 -0.309999
      vertex -4.62 -18.6272 -0.309999
    endloop
  endfacet
  facet normal -0 0 -1
    outer loop
      vertex -4.67999 -18.5106 -0.309999
      vertex -4.96931 -18.5458 -0.309999
      vertex -4.94344 -18.4492 -0.309999
    endloop
  endfacet
  facet normal 0 0 -1
    outer loop
      vertex -4.96931 -18.5458 -0.309999
      vertex -5.32001 -18.3349 -0.309999
      vertex -4.94344 -18.4492 -0.309999
    endloop
  endfacet
  facet normal -0 0 -1
    outer loop
      vertex -5.32001 -18.3349 -0.309999
      vertex -5.38 -18.4212 -0.309999
      vertex -5.32001 18.3349 -0.309999
    endloop
  endfacet
  facet normal 0 0 -1
    outer loop
      vertex -5.38 -18.4212 -0.309999
      vertex -5.32001 -18.3349 -0.309999
      vertex -4.96931 -18.5458 -0.309999
    endloop
  endfacet
  facet normal 0 0 -1
    outer loop
      vertex -4.67999 18.5106 -0.309999
      vertex -4.62 18.6272 -0.309999
      vertex -4.67999 -18.5106 -0.309999
    endloop
  endfacet
  facet normal 0 0 -1
    outer loop
      vertex -4.96931 18.5458 -0.309999
      vertex -4.67999 18.5106 -0.309999
      vertex -4.94344 18.4492 -0.309999
    endloop
  endfacet
  facet normal 0 0 -1
    outer loop
      vertex -4.67999 18.5106 -0.309999
      vertex -4.96931 18.5458 -0.309999
      vertex -4.62 18.6272 -0.309999
    endloop
  endfacet
  facet normal 0 0 -1
    outer loop
      vertex -5.32001 18.3349 -0.309999
      vertex -4.96931 18.5458 -0.309999
      vertex -4.94344 18.4492 -0.309999
    endloop
  endfacet
  facet normal 0 0 -1
    outer loop
      vertex -5.32001 18.3349 -0.309999
      vertex -5.38 18.4212 -0.309999
      vertex -4.96931 18.5458 -0.309999
    endloop
  endfacet
  facet normal 0 0 -1
    outer loop
      vertex -5.38 18.4212 -0.309999
      vertex -5.32001 18.3349 -0.309999
      vertex -5.38 -18.4212 -0.309999
    endloop
  endfacet
  facet normal 0 0 -1
    outer loop
      vertex 5.38 -18.4212 -0.309999
      vertex 5.32001 -18.3349 -0.309999
      vertex 5.38 18.4212 -0.309999
    endloop
  endfacet
  facet normal 0 0 -1
    outer loop
      vertex 4.96931 -18.5458 -0.309999
      vertex 5.32001 -18.3349 -0.309999
      vertex 5.38 -18.4212 -0.309999
    endloop
  endfacet
  facet normal 0 0 -1
    outer loop
      vertex 4.96931 -18.5458 -0.309999
      vertex 4.94344 -18.4492 -0.309999
      vertex 5.32001 -18.3349 -0.309999
    endloop
  endfacet
  facet normal 0 0 -1
    outer loop
      vertex 4.96931 -18.5458 -0.309999
      vertex 4.67999 -18.5106 -0.309999
      vertex 4.94344 -18.4492 -0.309999
    endloop
  endfacet
  facet normal -0 0 -1
    outer loop
      vertex 4.67999 -18.5106 -0.309999
      vertex 4.62 -18.6272 -0.309999
      vertex 4.67999 18.5106 -0.309999
    endloop
  endfacet
  facet normal 0 0 -1
    outer loop
      vertex 4.62 -18.6272 -0.309999
      vertex 4.67999 -18.5106 -0.309999
      vertex 4.96931 -18.5458 -0.309999
    endloop
  endfacet
  facet normal 0 0 -1
    outer loop
      vertex 5.32001 18.3349 -0.309999
      vertex 5.38 18.4212 -0.309999
      vertex 5.32001 -18.3349 -0.309999
    endloop
  endfacet
  facet normal 0 0 -1
    outer loop
      vertex 5.32001 18.3349 -0.309999
      vertex 4.96931 18.5458 -0.309999
      vertex 5.38 18.4212 -0.309999
    endloop
  endfacet
  facet normal 0 0 -1
    outer loop
      vertex 4.94344 18.4492 -0.309999
      vertex 4.96931 18.5458 -0.309999
      vertex 5.32001 18.3349 -0.309999
    endloop
  endfacet
  facet normal 0 0 -1
    outer loop
      vertex 4.67999 18.5106 -0.309999
      vertex 4.96931 18.5458 -0.309999
      vertex 4.94344 18.4492 -0.309999
    endloop
  endfacet
  facet normal 0 0 -1
    outer loop
      vertex 4.67999 18.5106 -0.309999
      vertex 4.62 18.6272 -0.309999
      vertex 4.96931 18.5458 -0.309999
    endloop
  endfacet
  facet normal 0 0 -1
    outer loop
      vertex 4.62 18.6272 -0.309999
      vertex 4.67999 18.5106 -0.309999
      vertex 4.62 -18.6272 -0.309999
    endloop
  endfacet
  facet normal 0 0 -1
    outer loop
      vertex -7.12 -17.8241 -0.309999
      vertex -7.17999 -17.6947 -0.309999
      vertex -7.12 17.8241 -0.309999
    endloop
  endfacet
  facet normal 0 0 -1
    outer loop
      vertex -7.34752 -17.7385 -0.309999
      vertex -7.17999 -17.6947 -0.309999
      vertex -7.12 -17.8241 -0.309999
    endloop
  endfacet
  facet normal -0 0 -1
    outer loop
      vertex -7.17999 -17.6947 -0.309999
      vertex -7.34752 -17.7385 -0.309999
      vertex -7.30925 -17.6461 -0.309999
    endloop
  endfacet
  facet normal 0 0 -1
    outer loop
      vertex -7.34752 -17.7385 -0.309999
      vertex -7.82001 -17.4147 -0.309999
      vertex -7.30925 -17.6461 -0.309999
    endloop
  endfacet
  facet normal -0 0 -1
    outer loop
      vertex -7.82001 -17.4147 -0.309999
      vertex -7.88 -17.4972 -0.309999
      vertex -7.82001 17.4147 -0.309999
    endloop
  endfacet
  facet normal 0 0 -1
    outer loop
      vertex -7.88 -17.4972 -0.309999
      vertex -7.82001 -17.4147 -0.309999
      vertex -7.34752 -17.7385 -0.309999
    endloop
  endfacet
  facet normal 0 0 -1
    outer loop
      vertex -7.17999 17.6947 -0.309999
      vertex -7.12 17.8241 -0.309999
      vertex -7.17999 -17.6947 -0.309999
    endloop
  endfacet
  facet normal 0 0 -1
    outer loop
      vertex -7.34752 17.7385 -0.309999
      vertex -7.17999 17.6947 -0.309999
      vertex -7.30925 17.6461 -0.309999
    endloop
  endfacet
  facet normal 0 0 -1
    outer loop
      vertex -7.17999 17.6947 -0.309999
      vertex -7.34752 17.7385 -0.309999
      vertex -7.12 17.8241 -0.309999
    endloop
  endfacet
  facet normal 0 0 -1
    outer loop
      vertex -7.82001 17.4147 -0.309999
      vertex -7.34752 17.7385 -0.309999
      vertex -7.30925 17.6461 -0.309999
    endloop
  endfacet
  facet normal 0 0 -1
    outer loop
      vertex -7.82001 17.4147 -0.309999
      vertex -7.88 17.4972 -0.309999
      vertex -7.34752 17.7385 -0.309999
    endloop
  endfacet
  facet normal 0 0 -1
    outer loop
      vertex -7.88 17.4972 -0.309999
      vertex -7.82001 17.4147 -0.309999
      vertex -7.88 -17.4972 -0.309999
    endloop
  endfacet
  facet normal 0 0 -1
    outer loop
      vertex 7.88 -17.4972 -0.309999
      vertex 7.82001 -17.4147 -0.309999
      vertex 7.88 17.4972 -0.309999
    endloop
  endfacet
  facet normal 0 0 -1
    outer loop
      vertex 7.34752 -17.7385 -0.309999
      vertex 7.82001 -17.4147 -0.309999
      vertex 7.88 -17.4972 -0.309999
    endloop
  endfacet
  facet normal 0 0 -1
    outer loop
      vertex 7.34752 -17.7385 -0.309999
      vertex 7.30925 -17.6461 -0.309999
      vertex 7.82001 -17.4147 -0.309999
    endloop
  endfacet
  facet normal 0 0 -1
    outer loop
      vertex 7.34752 -17.7385 -0.309999
      vertex 7.17999 -17.6947 -0.309999
      vertex 7.30925 -17.6461 -0.309999
    endloop
  endfacet
  facet normal -0 0 -1
    outer loop
      vertex 7.17999 -17.6947 -0.309999
      vertex 7.12 -17.8241 -0.309999
      vertex 7.17999 17.6947 -0.309999
    endloop
  endfacet
  facet normal 0 0 -1
    outer loop
      vertex 7.12 -17.8241 -0.309999
      vertex 7.17999 -17.6947 -0.309999
      vertex 7.34752 -17.7385 -0.309999
    endloop
  endfacet
  facet normal 0 0 -1
    outer loop
      vertex 7.82001 17.4147 -0.309999
      vertex 7.88 17.4972 -0.309999
      vertex 7.82001 -17.4147 -0.309999
    endloop
  endfacet
  facet normal 0 0 -1
    outer loop
      vertex 7.82001 17.4147 -0.309999
      vertex 7.34752 17.7385 -0.309999
      vertex 7.88 17.4972 -0.309999
    endloop
  endfacet
  facet normal 0 0 -1
    outer loop
      vertex 7.30925 17.6461 -0.309999
      vertex 7.34752 17.7385 -0.309999
      vertex 7.82001 17.4147 -0.309999
    endloop
  endfacet
  facet normal 0 0 -1
    outer loop
      vertex 7.17999 17.6947 -0.309999
      vertex 7.34752 17.7385 -0.309999
      vertex 7.30925 17.6461 -0.309999
    endloop
  endfacet
  facet normal 0 0 -1
    outer loop
      vertex 7.17999 17.6947 -0.309999
      vertex 7.12 17.8241 -0.309999
      vertex 7.34752 17.7385 -0.309999
    endloop
  endfacet
  facet normal 0 0 -1
    outer loop
      vertex 7.12 17.8241 -0.309999
      vertex 7.17999 17.6947 -0.309999
      vertex 7.12 -17.8241 -0.309999
    endloop
  endfacet
  facet normal 0 0 -1
    outer loop
      vertex -9.62 -16.6152 -0.309999
      vertex -9.67999 -16.4602 -0.309999
      vertex -9.62 16.6152 -0.309999
    endloop
  endfacet
  facet normal 0 0 -1
    outer loop
      vertex -10.38 -16.1426 -0.309999
      vertex -9.67999 -16.4602 -0.309999
      vertex -9.62 -16.6152 -0.309999
    endloop
  endfacet
  facet normal -0 0 -1
    outer loop
      vertex -10.32 -16.0623 -0.309999
      vertex -10.38 -16.1426 -0.309999
      vertex -10.32 16.0623 -0.309999
    endloop
  endfacet
  facet normal 0 0 -1
    outer loop
      vertex -9.67999 -16.4602 -0.309999
      vertex -10.38 -16.1426 -0.309999
      vertex -10.32 -16.0623 -0.309999
    endloop
  endfacet
  facet normal 0 0 -1
    outer loop
      vertex -9.67999 16.4602 -0.309999
      vertex -9.62 16.6152 -0.309999
      vertex -9.67999 -16.4602 -0.309999
    endloop
  endfacet
  facet normal 0 0 -1
    outer loop
      vertex -10.38 16.1426 -0.309999
      vertex -9.67999 16.4602 -0.309999
      vertex -10.32 16.0623 -0.309999
    endloop
  endfacet
  facet normal -0 0 -1
    outer loop
      vertex -9.67999 16.4602 -0.309999
      vertex -10.38 16.1426 -0.309999
      vertex -9.62 16.6152 -0.309999
    endloop
  endfacet
  facet normal 0 0 -1
    outer loop
      vertex -10.38 16.1426 -0.309999
      vertex -10.32 16.0623 -0.309999
      vertex -10.38 -16.1426 -0.309999
    endloop
  endfacet
  facet normal 0 0 -1
    outer loop
      vertex 10.38 -16.1426 -0.309999
      vertex 10.32 -16.0623 -0.309999
      vertex 10.38 16.1426 -0.309999
    endloop
  endfacet
  facet normal -0 0 -1
    outer loop
      vertex 10.38 -16.1426 -0.309999
      vertex 9.67999 -16.4602 -0.309999
      vertex 10.32 -16.0623 -0.309999
    endloop
  endfacet
  facet normal -0 0 -1
    outer loop
      vertex 9.67999 -16.4602 -0.309999
      vertex 9.62 -16.6152 -0.309999
      vertex 9.67999 16.4602 -0.309999
    endloop
  endfacet
  facet normal 0 0 -1
    outer loop
      vertex 9.62 -16.6152 -0.309999
      vertex 9.67999 -16.4602 -0.309999
      vertex 10.38 -16.1426 -0.309999
    endloop
  endfacet
  facet normal 0 0 -1
    outer loop
      vertex 10.32 16.0623 -0.309999
      vertex 10.38 16.1426 -0.309999
      vertex 10.32 -16.0623 -0.309999
    endloop
  endfacet
  facet normal 0 0 -1
    outer loop
      vertex 9.67999 16.4602 -0.309999
      vertex 10.38 16.1426 -0.309999
      vertex 10.32 16.0623 -0.309999
    endloop
  endfacet
  facet normal 0 0 -1
    outer loop
      vertex 9.67999 16.4602 -0.309999
      vertex 9.62 16.6152 -0.309999
      vertex 10.38 16.1426 -0.309999
    endloop
  endfacet
  facet normal 0 0 -1
    outer loop
      vertex 9.62 16.6152 -0.309999
      vertex 9.67999 16.4602 -0.309999
      vertex 9.62 -16.6152 -0.309999
    endloop
  endfacet
  facet normal 0 0 -1
    outer loop
      vertex -12.12 -14.878 -0.309999
      vertex -12.18 -14.6995 -0.309999
      vertex -12.12 14.878 -0.309999
    endloop
  endfacet
  facet normal 0 0 -1
    outer loop
      vertex -12.6594 -14.4353 -0.309999
      vertex -12.18 -14.6995 -0.309999
      vertex -12.12 -14.878 -0.309999
    endloop
  endfacet
  facet normal 0 0 -1
    outer loop
      vertex -12.18 -14.6995 -0.309999
      vertex -12.6594 -14.4353 -0.309999
      vertex -12.5935 -14.3601 -0.309999
    endloop
  endfacet
  facet normal 0 0 -1
    outer loop
      vertex -12.88 -14.2287 -0.309999
      vertex -12.5935 -14.3601 -0.309999
      vertex -12.6594 -14.4353 -0.309999
    endloop
  endfacet
  facet normal -0 0 -1
    outer loop
      vertex -12.82 -14.148 -0.309999
      vertex -12.88 -14.2287 -0.309999
      vertex -12.82 14.148 -0.309999
    endloop
  endfacet
  facet normal 0 0 -1
    outer loop
      vertex -12.5935 -14.3601 -0.309999
      vertex -12.88 -14.2287 -0.309999
      vertex -12.82 -14.148 -0.309999
    endloop
  endfacet
  facet normal 0 0 -1
    outer loop
      vertex -12.18 14.6995 -0.309999
      vertex -12.12 14.878 -0.309999
      vertex -12.18 -14.6995 -0.309999
    endloop
  endfacet
  facet normal 0 0 -1
    outer loop
      vertex -12.6594 14.4353 -0.309999
      vertex -12.18 14.6995 -0.309999
      vertex -12.5935 14.3601 -0.309999
    endloop
  endfacet
  facet normal -0 0 -1
    outer loop
      vertex -12.18 14.6995 -0.309999
      vertex -12.6594 14.4353 -0.309999
      vertex -12.12 14.878 -0.309999
    endloop
  endfacet
  facet normal 0 0 -1
    outer loop
      vertex -12.88 14.2287 -0.309999
      vertex -12.5935 14.3601 -0.309999
      vertex -12.82 14.148 -0.309999
    endloop
  endfacet
  facet normal -0 0 -1
    outer loop
      vertex -12.5935 14.3601 -0.309999
      vertex -12.88 14.2287 -0.309999
      vertex -12.6594 14.4353 -0.309999
    endloop
  endfacet
  facet normal 0 0 -1
    outer loop
      vertex -12.88 14.2287 -0.309999
      vertex -12.82 14.148 -0.309999
      vertex -12.88 -14.2287 -0.309999
    endloop
  endfacet
  facet normal 0 0 -1
    outer loop
      vertex 12.88 -14.2287 -0.309999
      vertex 12.82 -14.148 -0.309999
      vertex 12.88 14.2287 -0.309999
    endloop
  endfacet
  facet normal 0 0 -1
    outer loop
      vertex 12.5935 -14.3601 -0.309999
      vertex 12.88 -14.2287 -0.309999
      vertex 12.6594 -14.4353 -0.309999
    endloop
  endfacet
  facet normal -0 0 -1
    outer loop
      vertex 12.88 -14.2287 -0.309999
      vertex 12.5935 -14.3601 -0.309999
      vertex 12.82 -14.148 -0.309999
    endloop
  endfacet
  facet normal -0 0 -1
    outer loop
      vertex 12.6594 -14.4353 -0.309999
      vertex 12.18 -14.6995 -0.309999
      vertex 12.5935 -14.3601 -0.309999
    endloop
  endfacet
  facet normal -0 0 -1
    outer loop
      vertex 12.18 -14.6995 -0.309999
      vertex 12.12 -14.878 -0.309999
      vertex 12.18 14.6995 -0.309999
    endloop
  endfacet
  facet normal 0 0 -1
    outer loop
      vertex 12.12 -14.878 -0.309999
      vertex 12.18 -14.6995 -0.309999
      vertex 12.6594 -14.4353 -0.309999
    endloop
  endfacet
  facet normal 0 0 -1
    outer loop
      vertex 12.82 14.148 -0.309999
      vertex 12.88 14.2287 -0.309999
      vertex 12.82 -14.148 -0.309999
    endloop
  endfacet
  facet normal 0 0 -1
    outer loop
      vertex 12.5935 14.3601 -0.309999
      vertex 12.88 14.2287 -0.309999
      vertex 12.82 14.148 -0.309999
    endloop
  endfacet
  facet normal 0 0 -1
    outer loop
      vertex 12.88 14.2287 -0.309999
      vertex 12.5935 14.3601 -0.309999
      vertex 12.6594 14.4353 -0.309999
    endloop
  endfacet
  facet normal 0 0 -1
    outer loop
      vertex 12.18 14.6995 -0.309999
      vertex 12.6594 14.4353 -0.309999
      vertex 12.5935 14.3601 -0.309999
    endloop
  endfacet
  facet normal 0 0 -1
    outer loop
      vertex 12.18 14.6995 -0.309999
      vertex 12.12 14.878 -0.309999
      vertex 12.6594 14.4353 -0.309999
    endloop
  endfacet
  facet normal 0 0 -1
    outer loop
      vertex 12.12 14.878 -0.309999
      vertex 12.18 14.6995 -0.309999
      vertex 12.12 -14.878 -0.309999
    endloop
  endfacet
  facet normal 0 0 -1
    outer loop
      vertex -14.62 -12.4344 -0.309999
      vertex -14.68 -12.2038 -0.309999
      vertex -14.62 12.4344 -0.309999
    endloop
  endfacet
  facet normal 0 0 -1
    outer loop
      vertex -15.2324 -11.6882 -0.309999
      vertex -14.68 -12.2038 -0.309999
      vertex -14.62 -12.4344 -0.309999
    endloop
  endfacet
  facet normal 0 0 -1
    outer loop
      vertex -14.68 -12.2038 -0.309999
      vertex -15.2324 -11.6882 -0.309999
      vertex -15.153 -11.6273 -0.309999
    endloop
  endfacet
  facet normal 0 0 -1
    outer loop
      vertex -15.38 -11.4822 -0.309999
      vertex -15.153 -11.6273 -0.309999
      vertex -15.2324 -11.6882 -0.309999
    endloop
  endfacet
  facet normal -0 0 -1
    outer loop
      vertex -15.32 -11.3943 -0.309999
      vertex -15.38 -11.4822 -0.309999
      vertex -15.32 11.3943 -0.309999
    endloop
  endfacet
  facet normal 0 0 -1
    outer loop
      vertex -15.153 -11.6273 -0.309999
      vertex -15.38 -11.4822 -0.309999
      vertex -15.32 -11.3943 -0.309999
    endloop
  endfacet
  facet normal 0 0 -1
    outer loop
      vertex -14.68 12.2038 -0.309999
      vertex -14.62 12.4344 -0.309999
      vertex -14.68 -12.2038 -0.309999
    endloop
  endfacet
  facet normal 0 0 -1
    outer loop
      vertex -15.2324 11.6882 -0.309999
      vertex -14.68 12.2038 -0.309999
      vertex -15.153 11.6273 -0.309999
    endloop
  endfacet
  facet normal -0 0 -1
    outer loop
      vertex -14.68 12.2038 -0.309999
      vertex -15.2324 11.6882 -0.309999
      vertex -14.62 12.4344 -0.309999
    endloop
  endfacet
  facet normal 0 0 -1
    outer loop
      vertex -15.38 11.4822 -0.309999
      vertex -15.153 11.6273 -0.309999
      vertex -15.32 11.3943 -0.309999
    endloop
  endfacet
  facet normal -0 0 -1
    outer loop
      vertex -15.153 11.6273 -0.309999
      vertex -15.38 11.4822 -0.309999
      vertex -15.2324 11.6882 -0.309999
    endloop
  endfacet
  facet normal 0 0 -1
    outer loop
      vertex -15.38 11.4822 -0.309999
      vertex -15.32 11.3943 -0.309999
      vertex -15.38 -11.4822 -0.309999
    endloop
  endfacet
  facet normal 0 0 -1
    outer loop
      vertex 15.38 -11.4822 -0.309999
      vertex 15.32 -11.3943 -0.309999
      vertex 15.38 11.4822 -0.309999
    endloop
  endfacet
  facet normal 0 0 -1
    outer loop
      vertex 15.153 -11.6273 -0.309999
      vertex 15.38 -11.4822 -0.309999
      vertex 15.2324 -11.6882 -0.309999
    endloop
  endfacet
  facet normal -0 0 -1
    outer loop
      vertex 15.38 -11.4822 -0.309999
      vertex 15.153 -11.6273 -0.309999
      vertex 15.32 -11.3943 -0.309999
    endloop
  endfacet
  facet normal -0 0 -1
    outer loop
      vertex 15.2324 -11.6882 -0.309999
      vertex 14.68 -12.2038 -0.309999
      vertex 15.153 -11.6273 -0.309999
    endloop
  endfacet
  facet normal -0 0 -1
    outer loop
      vertex 14.68 -12.2038 -0.309999
      vertex 14.62 -12.4344 -0.309999
      vertex 14.68 12.2038 -0.309999
    endloop
  endfacet
  facet normal 0 0 -1
    outer loop
      vertex 14.62 -12.4344 -0.309999
      vertex 14.68 -12.2038 -0.309999
      vertex 15.2324 -11.6882 -0.309999
    endloop
  endfacet
  facet normal 0 0 -1
    outer loop
      vertex 15.32 11.3943 -0.309999
      vertex 15.38 11.4822 -0.309999
      vertex 15.32 -11.3943 -0.309999
    endloop
  endfacet
  facet normal 0 0 -1
    outer loop
      vertex 15.153 11.6273 -0.309999
      vertex 15.38 11.4822 -0.309999
      vertex 15.32 11.3943 -0.309999
    endloop
  endfacet
  facet normal 0 0 -1
    outer loop
      vertex 15.38 11.4822 -0.309999
      vertex 15.153 11.6273 -0.309999
      vertex 15.2324 11.6882 -0.309999
    endloop
  endfacet
  facet normal 0 0 -1
    outer loop
      vertex 14.68 12.2038 -0.309999
      vertex 15.2324 11.6882 -0.309999
      vertex 15.153 11.6273 -0.309999
    endloop
  endfacet
  facet normal 0 0 -1
    outer loop
      vertex 14.68 12.2038 -0.309999
      vertex 14.62 12.4344 -0.309999
      vertex 15.2324 11.6882 -0.309999
    endloop
  endfacet
  facet normal 0 0 -1
    outer loop
      vertex 14.62 12.4344 -0.309999
      vertex 14.68 12.2038 -0.309999
      vertex 14.62 -12.4344 -0.309999
    endloop
  endfacet
  facet normal 0 0 -1
    outer loop
      vertex -17.12 -8.67894 -0.309999
      vertex -17.18 -8.33795 -0.309999
      vertex -17.12 8.67894 -0.309999
    endloop
  endfacet
  facet normal 0 0 -1
    outer loop
      vertex -17.22 -8.49193 -0.309999
      vertex -17.18 -8.33795 -0.309999
      vertex -17.12 -8.67894 -0.309999
    endloop
  endfacet
  facet normal 0 0 -1
    outer loop
      vertex -17.7385 -7.34752 -0.309999
      vertex -17.18 -8.33795 -0.309999
      vertex -17.22 -8.49193 -0.309999
    endloop
  endfacet
  facet normal 0 0 -1
    outer loop
      vertex -17.18 -8.33795 -0.309999
      vertex -17.7385 -7.34752 -0.309999
      vertex -17.6461 -7.30925 -0.309999
    endloop
  endfacet
  facet normal 0 0 -1
    outer loop
      vertex -17.88 -6.9715 -0.309999
      vertex -17.6461 -7.30925 -0.309999
      vertex -17.7385 -7.34752 -0.309999
    endloop
  endfacet
  facet normal -0 0 -1
    outer loop
      vertex -17.82 -6.84717 -0.309999
      vertex -17.88 -6.9715 -0.309999
      vertex -17.82 6.84717 -0.309999
    endloop
  endfacet
  facet normal 0 0 -1
    outer loop
      vertex -17.6461 -7.30925 -0.309999
      vertex -17.88 -6.9715 -0.309999
      vertex -17.82 -6.84717 -0.309999
    endloop
  endfacet
  facet normal 0 0 -1
    outer loop
      vertex -17.18 8.33795 -0.309999
      vertex -17.12 8.67894 -0.309999
      vertex -17.18 -8.33795 -0.309999
    endloop
  endfacet
  facet normal 0 0 -1
    outer loop
      vertex -17.18 8.33795 -0.309999
      vertex -17.22 8.49193 -0.309999
      vertex -17.12 8.67894 -0.309999
    endloop
  endfacet
  facet normal 0 0 -1
    outer loop
      vertex -17.7385 7.34752 -0.309999
      vertex -17.18 8.33795 -0.309999
      vertex -17.6461 7.30925 -0.309999
    endloop
  endfacet
  facet normal -0 0 -1
    outer loop
      vertex -17.18 8.33795 -0.309999
      vertex -17.7385 7.34752 -0.309999
      vertex -17.22 8.49193 -0.309999
    endloop
  endfacet
  facet normal 0 0 -1
    outer loop
      vertex -17.88 6.9715 -0.309999
      vertex -17.6461 7.30925 -0.309999
      vertex -17.82 6.84717 -0.309999
    endloop
  endfacet
  facet normal -0 0 -1
    outer loop
      vertex -17.6461 7.30925 -0.309999
      vertex -17.88 6.9715 -0.309999
      vertex -17.7385 7.34752 -0.309999
    endloop
  endfacet
  facet normal 0 0 -1
    outer loop
      vertex -17.88 6.9715 -0.309999
      vertex -17.82 6.84717 -0.309999
      vertex -17.88 -6.9715 -0.309999
    endloop
  endfacet
  facet normal 0 0 -1
    outer loop
      vertex 17.88 -6.9715 -0.309999
      vertex 17.82 -6.84717 -0.309999
      vertex 17.88 6.9715 -0.309999
    endloop
  endfacet
  facet normal 0 0 -1
    outer loop
      vertex 17.6461 -7.30925 -0.309999
      vertex 17.88 -6.9715 -0.309999
      vertex 17.7385 -7.34752 -0.309999
    endloop
  endfacet
  facet normal -0 0 -1
    outer loop
      vertex 17.88 -6.9715 -0.309999
      vertex 17.6461 -7.30925 -0.309999
      vertex 17.82 -6.84717 -0.309999
    endloop
  endfacet
  facet normal 0 0 -1
    outer loop
      vertex 17.18 -8.33795 -0.309999
      vertex 17.7385 -7.34752 -0.309999
      vertex 17.22 -8.49193 -0.309999
    endloop
  endfacet
  facet normal -0 0 -1
    outer loop
      vertex 17.7385 -7.34752 -0.309999
      vertex 17.18 -8.33795 -0.309999
      vertex 17.6461 -7.30925 -0.309999
    endloop
  endfacet
  facet normal -0 0 -1
    outer loop
      vertex 17.18 -8.33795 -0.309999
      vertex 17.12 -8.67894 -0.309999
      vertex 17.18 8.33795 -0.309999
    endloop
  endfacet
  facet normal 0 0 -1
    outer loop
      vertex 17.12 -8.67894 -0.309999
      vertex 17.18 -8.33795 -0.309999
      vertex 17.22 -8.49193 -0.309999
    endloop
  endfacet
  facet normal 0 0 -1
    outer loop
      vertex 17.82 6.84717 -0.309999
      vertex 17.88 6.9715 -0.309999
      vertex 17.82 -6.84717 -0.309999
    endloop
  endfacet
  facet normal 0 0 -1
    outer loop
      vertex 17.6461 7.30925 -0.309999
      vertex 17.88 6.9715 -0.309999
      vertex 17.82 6.84717 -0.309999
    endloop
  endfacet
  facet normal 0 0 -1
    outer loop
      vertex 17.88 6.9715 -0.309999
      vertex 17.6461 7.30925 -0.309999
      vertex 17.7385 7.34752 -0.309999
    endloop
  endfacet
  facet normal 0 0 -1
    outer loop
      vertex 17.18 8.33795 -0.309999
      vertex 17.7385 7.34752 -0.309999
      vertex 17.6461 7.30925 -0.309999
    endloop
  endfacet
  facet normal 0 0 -1
    outer loop
      vertex 17.7385 7.34752 -0.309999
      vertex 17.18 8.33795 -0.309999
      vertex 17.22 8.49193 -0.309999
    endloop
  endfacet
  facet normal 0 0 -1
    outer loop
      vertex 17.18 8.33795 -0.309999
      vertex 17.12 8.67894 -0.309999
      vertex 17.22 8.49193 -0.309999
    endloop
  endfacet
  facet normal 0 0 -1
    outer loop
      vertex 17.12 8.67894 -0.309999
      vertex 17.18 8.33795 -0.309999
      vertex 17.12 -8.67894 -0.309999
    endloop
  endfacet
  facet normal 1 -0 0
    outer loop
      vertex 0.380005 -19.1876 -0.209999
      vertex 0.380005 19.1876 -0.309999
      vertex 0.380005 19.1876 -0.209999
    endloop
  endfacet
  facet normal 1 0 0
    outer loop
      vertex 0.380005 19.1876 -0.309999
      vertex 0.380005 -19.1876 -0.209999
      vertex 0.380005 -19.1876 -0.309999
    endloop
  endfacet
  facet normal 0.0326138 -0.999468 0
    outer loop
      vertex 0 -19.2 -0.309999
      vertex 0.380005 -19.1876 -0.209999
      vertex 0 -19.2 -0.209999
    endloop
  endfacet
  facet normal 0.0326138 -0.999468 0
    outer loop
      vertex 0.380005 -19.1876 -0.209999
      vertex 0 -19.2 -0.309999
      vertex 0.380005 -19.1876 -0.309999
    endloop
  endfacet
  facet normal -0.0326138 -0.999468 0
    outer loop
      vertex -0.380005 -19.1876 -0.309999
      vertex 0 -19.2 -0.209999
      vertex -0.380005 -19.1876 -0.209999
    endloop
  endfacet
  facet normal -0.0326138 -0.999468 -0
    outer loop
      vertex 0 -19.2 -0.209999
      vertex -0.380005 -19.1876 -0.309999
      vertex 0 -19.2 -0.309999
    endloop
  endfacet
  facet normal -1 0 0
    outer loop
      vertex -0.380005 -19.1876 -0.309999
      vertex -0.380005 19.1876 -0.209999
      vertex -0.380005 19.1876 -0.309999
    endloop
  endfacet
  facet normal -1 -0 0
    outer loop
      vertex -0.380005 19.1876 -0.209999
      vertex -0.380005 -19.1876 -0.309999
      vertex -0.380005 -19.1876 -0.209999
    endloop
  endfacet
  facet normal -0.0326138 0.999468 0
    outer loop
      vertex 0 19.2 -0.309999
      vertex -0.380005 19.1876 -0.209999
      vertex 0 19.2 -0.209999
    endloop
  endfacet
  facet normal -0.0326138 0.999468 0
    outer loop
      vertex -0.380005 19.1876 -0.209999
      vertex 0 19.2 -0.309999
      vertex -0.380005 19.1876 -0.309999
    endloop
  endfacet
  facet normal 0.0326138 0.999468 -0
    outer loop
      vertex 0.380005 19.1876 -0.309999
      vertex 0 19.2 -0.209999
      vertex 0.380005 19.1876 -0.209999
    endloop
  endfacet
  facet normal 0.0326138 0.999468 0
    outer loop
      vertex 0 19.2 -0.209999
      vertex 0.380005 19.1876 -0.309999
      vertex 0 19.2 -0.309999
    endloop
  endfacet
  facet normal -0.0982047 -0.995166 0
    outer loop
      vertex -2.50609 -19.0357 -0.309999
      vertex -2.12 -19.0738 -0.209999
      vertex -2.50609 -19.0357 -0.209999
    endloop
  endfacet
  facet normal -0.0982047 -0.995166 -0
    outer loop
      vertex -2.12 -19.0738 -0.209999
      vertex -2.50609 -19.0357 -0.309999
      vertex -2.12 -19.0738 -0.309999
    endloop
  endfacet
  facet normal -0.162811 -0.986657 0
    outer loop
      vertex -2.88 -18.974 -0.309999
      vertex -2.50609 -19.0357 -0.209999
      vertex -2.88 -18.974 -0.209999
    endloop
  endfacet
  facet normal -0.162811 -0.986657 -0
    outer loop
      vertex -2.50609 -19.0357 -0.209999
      vertex -2.88 -18.974 -0.309999
      vertex -2.50609 -19.0357 -0.309999
    endloop
  endfacet
  facet normal -1 0 0
    outer loop
      vertex -2.88 -18.974 -0.309999
      vertex -2.88 18.974 -0.209999
      vertex -2.88 18.974 -0.309999
    endloop
  endfacet
  facet normal -1 -0 0
    outer loop
      vertex -2.88 18.974 -0.209999
      vertex -2.88 -18.974 -0.309999
      vertex -2.88 -18.974 -0.209999
    endloop
  endfacet
  facet normal -0.162811 0.986657 0
    outer loop
      vertex -2.50609 19.0357 -0.309999
      vertex -2.88 18.974 -0.209999
      vertex -2.50609 19.0357 -0.209999
    endloop
  endfacet
  facet normal -0.162811 0.986657 0
    outer loop
      vertex -2.88 18.974 -0.209999
      vertex -2.50609 19.0357 -0.309999
      vertex -2.88 18.974 -0.309999
    endloop
  endfacet
  facet normal -0.0982047 0.995166 0
    outer loop
      vertex -2.12 19.0738 -0.309999
      vertex -2.50609 19.0357 -0.209999
      vertex -2.12 19.0738 -0.209999
    endloop
  endfacet
  facet normal -0.0982047 0.995166 0
    outer loop
      vertex -2.50609 19.0357 -0.209999
      vertex -2.12 19.0738 -0.309999
      vertex -2.50609 19.0357 -0.309999
    endloop
  endfacet
  facet normal 1 -0 0
    outer loop
      vertex -2.12 -19.0738 -0.209999
      vertex -2.12 19.0738 -0.309999
      vertex -2.12 19.0738 -0.209999
    endloop
  endfacet
  facet normal 1 0 0
    outer loop
      vertex -2.12 19.0738 -0.309999
      vertex -2.12 -19.0738 -0.209999
      vertex -2.12 -19.0738 -0.309999
    endloop
  endfacet
  facet normal 0.162811 0.986657 -0
    outer loop
      vertex 2.88 18.974 -0.309999
      vertex 2.50609 19.0357 -0.209999
      vertex 2.88 18.974 -0.209999
    endloop
  endfacet
  facet normal 0.162811 0.986657 0
    outer loop
      vertex 2.50609 19.0357 -0.209999
      vertex 2.88 18.974 -0.309999
      vertex 2.50609 19.0357 -0.309999
    endloop
  endfacet
  facet normal 1 -0 0
    outer loop
      vertex 2.88 -18.974 -0.209999
      vertex 2.88 18.974 -0.309999
      vertex 2.88 18.974 -0.209999
    endloop
  endfacet
  facet normal 1 0 0
    outer loop
      vertex 2.88 18.974 -0.309999
      vertex 2.88 -18.974 -0.209999
      vertex 2.88 -18.974 -0.309999
    endloop
  endfacet
  facet normal 0.162811 -0.986657 0
    outer loop
      vertex 2.50609 -19.0357 -0.309999
      vertex 2.88 -18.974 -0.209999
      vertex 2.50609 -19.0357 -0.209999
    endloop
  endfacet
  facet normal 0.162811 -0.986657 0
    outer loop
      vertex 2.88 -18.974 -0.209999
      vertex 2.50609 -19.0357 -0.309999
      vertex 2.88 -18.974 -0.309999
    endloop
  endfacet
  facet normal 0.0982047 -0.995166 0
    outer loop
      vertex 2.12 -19.0738 -0.309999
      vertex 2.50609 -19.0357 -0.209999
      vertex 2.12 -19.0738 -0.209999
    endloop
  endfacet
  facet normal 0.0982047 -0.995166 0
    outer loop
      vertex 2.50609 -19.0357 -0.209999
      vertex 2.12 -19.0738 -0.309999
      vertex 2.50609 -19.0357 -0.309999
    endloop
  endfacet
  facet normal -1 0 0
    outer loop
      vertex 2.12 -19.0738 -0.309999
      vertex 2.12 19.0738 -0.209999
      vertex 2.12 19.0738 -0.309999
    endloop
  endfacet
  facet normal -1 -0 0
    outer loop
      vertex 2.12 19.0738 -0.209999
      vertex 2.12 -19.0738 -0.309999
      vertex 2.12 -19.0738 -0.209999
    endloop
  endfacet
  facet normal 0.0982047 0.995166 -0
    outer loop
      vertex 2.50609 19.0357 -0.309999
      vertex 2.12 19.0738 -0.209999
      vertex 2.50609 19.0357 -0.209999
    endloop
  endfacet
  facet normal 0.0982047 0.995166 0
    outer loop
      vertex 2.12 19.0738 -0.209999
      vertex 2.50609 19.0357 -0.309999
      vertex 2.12 19.0738 -0.309999
    endloop
  endfacet
  facet normal -0.22695 -0.973906 0
    outer loop
      vertex -4.96931 -18.5458 -0.309999
      vertex -4.62 -18.6272 -0.209999
      vertex -4.96931 -18.5458 -0.209999
    endloop
  endfacet
  facet normal -0.22695 -0.973906 -0
    outer loop
      vertex -4.62 -18.6272 -0.209999
      vertex -4.96931 -18.5458 -0.309999
      vertex -4.62 -18.6272 -0.309999
    endloop
  endfacet
  facet normal -0.290324 -0.956928 0
    outer loop
      vertex -5.38 -18.4212 -0.309999
      vertex -4.96931 -18.5458 -0.209999
      vertex -5.38 -18.4212 -0.209999
    endloop
  endfacet
  facet normal -0.290324 -0.956928 -0
    outer loop
      vertex -4.96931 -18.5458 -0.209999
      vertex -5.38 -18.4212 -0.309999
      vertex -4.96931 -18.5458 -0.309999
    endloop
  endfacet
  facet normal -1 0 0
    outer loop
      vertex -5.38 -18.4212 -0.309999
      vertex -5.38 18.4212 -0.209999
      vertex -5.38 18.4212 -0.309999
    endloop
  endfacet
  facet normal -1 -0 0
    outer loop
      vertex -5.38 18.4212 -0.209999
      vertex -5.38 -18.4212 -0.309999
      vertex -5.38 -18.4212 -0.209999
    endloop
  endfacet
  facet normal -0.290324 0.956928 0
    outer loop
      vertex -4.96931 18.5458 -0.309999
      vertex -5.38 18.4212 -0.209999
      vertex -4.96931 18.5458 -0.209999
    endloop
  endfacet
  facet normal -0.290324 0.956928 0
    outer loop
      vertex -5.38 18.4212 -0.209999
      vertex -4.96931 18.5458 -0.309999
      vertex -5.38 18.4212 -0.309999
    endloop
  endfacet
  facet normal -0.22695 0.973906 0
    outer loop
      vertex -4.62 18.6272 -0.309999
      vertex -4.96931 18.5458 -0.209999
      vertex -4.62 18.6272 -0.209999
    endloop
  endfacet
  facet normal -0.22695 0.973906 0
    outer loop
      vertex -4.96931 18.5458 -0.209999
      vertex -4.62 18.6272 -0.309999
      vertex -4.96931 18.5458 -0.309999
    endloop
  endfacet
  facet normal 1 -0 0
    outer loop
      vertex -4.62 -18.6272 -0.209999
      vertex -4.62 18.6272 -0.309999
      vertex -4.62 18.6272 -0.209999
    endloop
  endfacet
  facet normal 1 0 0
    outer loop
      vertex -4.62 18.6272 -0.309999
      vertex -4.62 -18.6272 -0.209999
      vertex -4.62 -18.6272 -0.309999
    endloop
  endfacet
  facet normal 0.290324 0.956928 -0
    outer loop
      vertex 5.38 18.4212 -0.309999
      vertex 4.96931 18.5458 -0.209999
      vertex 5.38 18.4212 -0.209999
    endloop
  endfacet
  facet normal 0.290324 0.956928 0
    outer loop
      vertex 4.96931 18.5458 -0.209999
      vertex 5.38 18.4212 -0.309999
      vertex 4.96931 18.5458 -0.309999
    endloop
  endfacet
  facet normal 1 -0 0
    outer loop
      vertex 5.38 -18.4212 -0.209999
      vertex 5.38 18.4212 -0.309999
      vertex 5.38 18.4212 -0.209999
    endloop
  endfacet
  facet normal 1 0 0
    outer loop
      vertex 5.38 18.4212 -0.309999
      vertex 5.38 -18.4212 -0.209999
      vertex 5.38 -18.4212 -0.309999
    endloop
  endfacet
  facet normal 0.290324 -0.956928 0
    outer loop
      vertex 4.96931 -18.5458 -0.309999
      vertex 5.38 -18.4212 -0.209999
      vertex 4.96931 -18.5458 -0.209999
    endloop
  endfacet
  facet normal 0.290324 -0.956928 0
    outer loop
      vertex 5.38 -18.4212 -0.209999
      vertex 4.96931 -18.5458 -0.309999
      vertex 5.38 -18.4212 -0.309999
    endloop
  endfacet
  facet normal 0.22695 -0.973906 0
    outer loop
      vertex 4.62 -18.6272 -0.309999
      vertex 4.96931 -18.5458 -0.209999
      vertex 4.62 -18.6272 -0.209999
    endloop
  endfacet
  facet normal 0.22695 -0.973906 0
    outer loop
      vertex 4.96931 -18.5458 -0.209999
      vertex 4.62 -18.6272 -0.309999
      vertex 4.96931 -18.5458 -0.309999
    endloop
  endfacet
  facet normal -1 0 0
    outer loop
      vertex 4.62 -18.6272 -0.309999
      vertex 4.62 18.6272 -0.209999
      vertex 4.62 18.6272 -0.309999
    endloop
  endfacet
  facet normal -1 -0 0
    outer loop
      vertex 4.62 18.6272 -0.209999
      vertex 4.62 -18.6272 -0.309999
      vertex 4.62 -18.6272 -0.209999
    endloop
  endfacet
  facet normal 0.22695 0.973906 -0
    outer loop
      vertex 4.96931 18.5458 -0.309999
      vertex 4.62 18.6272 -0.209999
      vertex 4.96931 18.5458 -0.209999
    endloop
  endfacet
  facet normal 0.22695 0.973906 0
    outer loop
      vertex 4.62 18.6272 -0.209999
      vertex 4.96931 18.5458 -0.309999
      vertex 4.62 18.6272 -0.309999
    endloop
  endfacet
  facet normal -0.352133 -0.93595 0
    outer loop
      vertex -7.34752 -17.7385 -0.309999
      vertex -7.12 -17.8241 -0.209999
      vertex -7.34752 -17.7385 -0.209999
    endloop
  endfacet
  facet normal -0.352133 -0.93595 -0
    outer loop
      vertex -7.12 -17.8241 -0.209999
      vertex -7.34752 -17.7385 -0.309999
      vertex -7.12 -17.8241 -0.309999
    endloop
  endfacet
  facet normal -0.412759 -0.91084 0
    outer loop
      vertex -7.88 -17.4972 -0.309999
      vertex -7.34752 -17.7385 -0.209999
      vertex -7.88 -17.4972 -0.209999
    endloop
  endfacet
  facet normal -0.412759 -0.91084 -0
    outer loop
      vertex -7.34752 -17.7385 -0.209999
      vertex -7.88 -17.4972 -0.309999
      vertex -7.34752 -17.7385 -0.309999
    endloop
  endfacet
  facet normal -1 0 0
    outer loop
      vertex -7.88 -17.4972 -0.309999
      vertex -7.88 17.4972 -0.209999
      vertex -7.88 17.4972 -0.309999
    endloop
  endfacet
  facet normal -1 -0 0
    outer loop
      vertex -7.88 17.4972 -0.209999
      vertex -7.88 -17.4972 -0.309999
      vertex -7.88 -17.4972 -0.209999
    endloop
  endfacet
  facet normal -0.412759 0.91084 0
    outer loop
      vertex -7.34752 17.7385 -0.309999
      vertex -7.88 17.4972 -0.209999
      vertex -7.34752 17.7385 -0.209999
    endloop
  endfacet
  facet normal -0.412759 0.91084 0
    outer loop
      vertex -7.88 17.4972 -0.209999
      vertex -7.34752 17.7385 -0.309999
      vertex -7.88 17.4972 -0.309999
    endloop
  endfacet
  facet normal -0.352133 0.93595 0
    outer loop
      vertex -7.12 17.8241 -0.309999
      vertex -7.34752 17.7385 -0.209999
      vertex -7.12 17.8241 -0.209999
    endloop
  endfacet
  facet normal -0.352133 0.93595 0
    outer loop
      vertex -7.34752 17.7385 -0.209999
      vertex -7.12 17.8241 -0.309999
      vertex -7.34752 17.7385 -0.309999
    endloop
  endfacet
  facet normal 1 -0 0
    outer loop
      vertex -7.12 -17.8241 -0.209999
      vertex -7.12 17.8241 -0.309999
      vertex -7.12 17.8241 -0.209999
    endloop
  endfacet
  facet normal 1 0 0
    outer loop
      vertex -7.12 17.8241 -0.309999
      vertex -7.12 -17.8241 -0.209999
      vertex -7.12 -17.8241 -0.309999
    endloop
  endfacet
  facet normal 0.412759 0.91084 -0
    outer loop
      vertex 7.88 17.4972 -0.309999
      vertex 7.34752 17.7385 -0.209999
      vertex 7.88 17.4972 -0.209999
    endloop
  endfacet
  facet normal 0.412759 0.91084 0
    outer loop
      vertex 7.34752 17.7385 -0.209999
      vertex 7.88 17.4972 -0.309999
      vertex 7.34752 17.7385 -0.309999
    endloop
  endfacet
  facet normal 1 -0 0
    outer loop
      vertex 7.88 -17.4972 -0.209999
      vertex 7.88 17.4972 -0.309999
      vertex 7.88 17.4972 -0.209999
    endloop
  endfacet
  facet normal 1 0 0
    outer loop
      vertex 7.88 17.4972 -0.309999
      vertex 7.88 -17.4972 -0.209999
      vertex 7.88 -17.4972 -0.309999
    endloop
  endfacet
  facet normal 0.412759 -0.91084 0
    outer loop
      vertex 7.34752 -17.7385 -0.309999
      vertex 7.88 -17.4972 -0.209999
      vertex 7.34752 -17.7385 -0.209999
    endloop
  endfacet
  facet normal 0.412759 -0.91084 0
    outer loop
      vertex 7.88 -17.4972 -0.209999
      vertex 7.34752 -17.7385 -0.309999
      vertex 7.88 -17.4972 -0.309999
    endloop
  endfacet
  facet normal 0.352133 -0.93595 0
    outer loop
      vertex 7.12 -17.8241 -0.309999
      vertex 7.34752 -17.7385 -0.209999
      vertex 7.12 -17.8241 -0.209999
    endloop
  endfacet
  facet normal 0.352133 -0.93595 0
    outer loop
      vertex 7.34752 -17.7385 -0.209999
      vertex 7.12 -17.8241 -0.309999
      vertex 7.34752 -17.7385 -0.309999
    endloop
  endfacet
  facet normal -1 0 0
    outer loop
      vertex 7.12 -17.8241 -0.309999
      vertex 7.12 17.8241 -0.209999
      vertex 7.12 17.8241 -0.309999
    endloop
  endfacet
  facet normal -1 -0 0
    outer loop
      vertex 7.12 17.8241 -0.209999
      vertex 7.12 -17.8241 -0.309999
      vertex 7.12 -17.8241 -0.209999
    endloop
  endfacet
  facet normal 0.352133 0.93595 -0
    outer loop
      vertex 7.34752 17.7385 -0.309999
      vertex 7.12 17.8241 -0.209999
      vertex 7.34752 17.7385 -0.209999
    endloop
  endfacet
  facet normal 0.352133 0.93595 0
    outer loop
      vertex 7.12 17.8241 -0.209999
      vertex 7.34752 17.7385 -0.309999
      vertex 7.12 17.8241 -0.309999
    endloop
  endfacet
  facet normal -0.528069 -0.849201 0
    outer loop
      vertex -10.38 -16.1426 -0.309999
      vertex -9.62 -16.6152 -0.209999
      vertex -10.38 -16.1426 -0.209999
    endloop
  endfacet
  facet normal -0.528069 -0.849201 -0
    outer loop
      vertex -9.62 -16.6152 -0.209999
      vertex -10.38 -16.1426 -0.309999
      vertex -9.62 -16.6152 -0.309999
    endloop
  endfacet
  facet normal -1 0 0
    outer loop
      vertex -10.38 -16.1426 -0.309999
      vertex -10.38 16.1426 -0.209999
      vertex -10.38 16.1426 -0.309999
    endloop
  endfacet
  facet normal -1 -0 0
    outer loop
      vertex -10.38 16.1426 -0.209999
      vertex -10.38 -16.1426 -0.309999
      vertex -10.38 -16.1426 -0.209999
    endloop
  endfacet
  facet normal -0.528069 0.849201 0
    outer loop
      vertex -9.62 16.6152 -0.309999
      vertex -10.38 16.1426 -0.209999
      vertex -9.62 16.6152 -0.209999
    endloop
  endfacet
  facet normal -0.528069 0.849201 0
    outer loop
      vertex -10.38 16.1426 -0.209999
      vertex -9.62 16.6152 -0.309999
      vertex -10.38 16.1426 -0.309999
    endloop
  endfacet
  facet normal 1 -0 0
    outer loop
      vertex -9.62 -16.6152 -0.209999
      vertex -9.62 16.6152 -0.309999
      vertex -9.62 16.6152 -0.209999
    endloop
  endfacet
  facet normal 1 0 0
    outer loop
      vertex -9.62 16.6152 -0.309999
      vertex -9.62 -16.6152 -0.209999
      vertex -9.62 -16.6152 -0.309999
    endloop
  endfacet
  facet normal 1 -0 0
    outer loop
      vertex 10.38 -16.1426 -0.209999
      vertex 10.38 16.1426 -0.309999
      vertex 10.38 16.1426 -0.209999
    endloop
  endfacet
  facet normal 1 0 0
    outer loop
      vertex 10.38 16.1426 -0.309999
      vertex 10.38 -16.1426 -0.209999
      vertex 10.38 -16.1426 -0.309999
    endloop
  endfacet
  facet normal 0.528069 -0.849201 0
    outer loop
      vertex 9.62 -16.6152 -0.309999
      vertex 10.38 -16.1426 -0.209999
      vertex 9.62 -16.6152 -0.209999
    endloop
  endfacet
  facet normal 0.528069 -0.849201 0
    outer loop
      vertex 10.38 -16.1426 -0.209999
      vertex 9.62 -16.6152 -0.309999
      vertex 10.38 -16.1426 -0.309999
    endloop
  endfacet
  facet normal -1 0 0
    outer loop
      vertex 9.62 -16.6152 -0.309999
      vertex 9.62 16.6152 -0.209999
      vertex 9.62 16.6152 -0.309999
    endloop
  endfacet
  facet normal -1 -0 0
    outer loop
      vertex 9.62 16.6152 -0.209999
      vertex 9.62 -16.6152 -0.309999
      vertex 9.62 -16.6152 -0.209999
    endloop
  endfacet
  facet normal 0.528069 0.849201 -0
    outer loop
      vertex 10.38 16.1426 -0.309999
      vertex 9.62 16.6152 -0.209999
      vertex 10.38 16.1426 -0.209999
    endloop
  endfacet
  facet normal 0.528069 0.849201 0
    outer loop
      vertex 9.62 16.6152 -0.209999
      vertex 10.38 16.1426 -0.309999
      vertex 9.62 16.6152 -0.309999
    endloop
  endfacet
  facet normal -0.634415 -0.772992 0
    outer loop
      vertex -12.6594 -14.4353 -0.309999
      vertex -12.12 -14.878 -0.209999
      vertex -12.6594 -14.4353 -0.209999
    endloop
  endfacet
  facet normal -0.634415 -0.772992 -0
    outer loop
      vertex -12.12 -14.878 -0.209999
      vertex -12.6594 -14.4353 -0.309999
      vertex -12.12 -14.878 -0.309999
    endloop
  endfacet
  facet normal -0.683567 -0.729888 0
    outer loop
      vertex -12.88 -14.2287 -0.309999
      vertex -12.6594 -14.4353 -0.209999
      vertex -12.88 -14.2287 -0.209999
    endloop
  endfacet
  facet normal -0.683567 -0.729888 -0
    outer loop
      vertex -12.6594 -14.4353 -0.209999
      vertex -12.88 -14.2287 -0.309999
      vertex -12.6594 -14.4353 -0.309999
    endloop
  endfacet
  facet normal -1 0 0
    outer loop
      vertex -12.88 -14.2287 -0.309999
      vertex -12.88 14.2287 -0.209999
      vertex -12.88 14.2287 -0.309999
    endloop
  endfacet
  facet normal -1 -0 0
    outer loop
      vertex -12.88 14.2287 -0.209999
      vertex -12.88 -14.2287 -0.309999
      vertex -12.88 -14.2287 -0.209999
    endloop
  endfacet
  facet normal -0.683567 0.729888 0
    outer loop
      vertex -12.6594 14.4353 -0.309999
      vertex -12.88 14.2287 -0.209999
      vertex -12.6594 14.4353 -0.209999
    endloop
  endfacet
  facet normal -0.683567 0.729888 0
    outer loop
      vertex -12.88 14.2287 -0.209999
      vertex -12.6594 14.4353 -0.309999
      vertex -12.88 14.2287 -0.309999
    endloop
  endfacet
  facet normal -0.634415 0.772992 0
    outer loop
      vertex -12.12 14.878 -0.309999
      vertex -12.6594 14.4353 -0.209999
      vertex -12.12 14.878 -0.209999
    endloop
  endfacet
  facet normal -0.634415 0.772992 0
    outer loop
      vertex -12.6594 14.4353 -0.209999
      vertex -12.12 14.878 -0.309999
      vertex -12.6594 14.4353 -0.309999
    endloop
  endfacet
  facet normal 1 -0 0
    outer loop
      vertex -12.12 -14.878 -0.209999
      vertex -12.12 14.878 -0.309999
      vertex -12.12 14.878 -0.209999
    endloop
  endfacet
  facet normal 1 0 0
    outer loop
      vertex -12.12 14.878 -0.309999
      vertex -12.12 -14.878 -0.209999
      vertex -12.12 -14.878 -0.309999
    endloop
  endfacet
  facet normal 0.683567 0.729888 -0
    outer loop
      vertex 12.88 14.2287 -0.309999
      vertex 12.6594 14.4353 -0.209999
      vertex 12.88 14.2287 -0.209999
    endloop
  endfacet
  facet normal 0.683567 0.729888 0
    outer loop
      vertex 12.6594 14.4353 -0.209999
      vertex 12.88 14.2287 -0.309999
      vertex 12.6594 14.4353 -0.309999
    endloop
  endfacet
  facet normal 1 -0 0
    outer loop
      vertex 12.88 -14.2287 -0.209999
      vertex 12.88 14.2287 -0.309999
      vertex 12.88 14.2287 -0.209999
    endloop
  endfacet
  facet normal 1 0 0
    outer loop
      vertex 12.88 14.2287 -0.309999
      vertex 12.88 -14.2287 -0.209999
      vertex 12.88 -14.2287 -0.309999
    endloop
  endfacet
  facet normal 0.683567 -0.729888 0
    outer loop
      vertex 12.6594 -14.4353 -0.309999
      vertex 12.88 -14.2287 -0.209999
      vertex 12.6594 -14.4353 -0.209999
    endloop
  endfacet
  facet normal 0.683567 -0.729888 0
    outer loop
      vertex 12.88 -14.2287 -0.209999
      vertex 12.6594 -14.4353 -0.309999
      vertex 12.88 -14.2287 -0.309999
    endloop
  endfacet
  facet normal 0.634415 -0.772992 0
    outer loop
      vertex 12.12 -14.878 -0.309999
      vertex 12.6594 -14.4353 -0.209999
      vertex 12.12 -14.878 -0.209999
    endloop
  endfacet
  facet normal 0.634415 -0.772992 0
    outer loop
      vertex 12.6594 -14.4353 -0.209999
      vertex 12.12 -14.878 -0.309999
      vertex 12.6594 -14.4353 -0.309999
    endloop
  endfacet
  facet normal -1 0 0
    outer loop
      vertex 12.12 -14.878 -0.309999
      vertex 12.12 14.878 -0.209999
      vertex 12.12 14.878 -0.309999
    endloop
  endfacet
  facet normal -1 -0 0
    outer loop
      vertex 12.12 14.878 -0.209999
      vertex 12.12 -14.878 -0.309999
      vertex 12.12 -14.878 -0.209999
    endloop
  endfacet
  facet normal 0.634415 0.772992 -0
    outer loop
      vertex 12.6594 14.4353 -0.309999
      vertex 12.12 14.878 -0.209999
      vertex 12.6594 14.4353 -0.209999
    endloop
  endfacet
  facet normal 0.634415 0.772992 0
    outer loop
      vertex 12.12 14.878 -0.209999
      vertex 12.6594 14.4353 -0.309999
      vertex 12.12 14.878 -0.309999
    endloop
  endfacet
  facet normal -0.773006 -0.634399 0
    outer loop
      vertex -14.62 -12.4344 -0.309999
      vertex -15.2324 -11.6882 -0.209999
      vertex -15.2324 -11.6882 -0.309999
    endloop
  endfacet
  facet normal -0.773006 -0.634399 0
    outer loop
      vertex -15.2324 -11.6882 -0.209999
      vertex -14.62 -12.4344 -0.309999
      vertex -14.62 -12.4344 -0.209999
    endloop
  endfacet
  facet normal -0.812879 -0.582432 0
    outer loop
      vertex -15.2324 -11.6882 -0.309999
      vertex -15.38 -11.4822 -0.209999
      vertex -15.38 -11.4822 -0.309999
    endloop
  endfacet
  facet normal -0.812879 -0.582432 0
    outer loop
      vertex -15.38 -11.4822 -0.209999
      vertex -15.2324 -11.6882 -0.309999
      vertex -15.2324 -11.6882 -0.209999
    endloop
  endfacet
  facet normal -1 0 0
    outer loop
      vertex -15.38 -11.4822 -0.309999
      vertex -15.38 11.4822 -0.209999
      vertex -15.38 11.4822 -0.309999
    endloop
  endfacet
  facet normal -1 -0 0
    outer loop
      vertex -15.38 11.4822 -0.209999
      vertex -15.38 -11.4822 -0.309999
      vertex -15.38 -11.4822 -0.209999
    endloop
  endfacet
  facet normal -0.812879 0.582432 0
    outer loop
      vertex -15.38 11.4822 -0.309999
      vertex -15.2324 11.6882 -0.209999
      vertex -15.2324 11.6882 -0.309999
    endloop
  endfacet
  facet normal -0.812879 0.582432 0
    outer loop
      vertex -15.2324 11.6882 -0.209999
      vertex -15.38 11.4822 -0.309999
      vertex -15.38 11.4822 -0.209999
    endloop
  endfacet
  facet normal -0.773006 0.634399 0
    outer loop
      vertex -15.2324 11.6882 -0.309999
      vertex -14.62 12.4344 -0.209999
      vertex -14.62 12.4344 -0.309999
    endloop
  endfacet
  facet normal -0.773006 0.634399 0
    outer loop
      vertex -14.62 12.4344 -0.209999
      vertex -15.2324 11.6882 -0.309999
      vertex -15.2324 11.6882 -0.209999
    endloop
  endfacet
  facet normal 1 -0 0
    outer loop
      vertex -14.62 -12.4344 -0.209999
      vertex -14.62 12.4344 -0.309999
      vertex -14.62 12.4344 -0.209999
    endloop
  endfacet
  facet normal 1 0 0
    outer loop
      vertex -14.62 12.4344 -0.309999
      vertex -14.62 -12.4344 -0.209999
      vertex -14.62 -12.4344 -0.309999
    endloop
  endfacet
  facet normal 0.812879 0.582432 0
    outer loop
      vertex 15.38 11.4822 -0.209999
      vertex 15.2324 11.6882 -0.309999
      vertex 15.2324 11.6882 -0.209999
    endloop
  endfacet
  facet normal 0.812879 0.582432 0
    outer loop
      vertex 15.2324 11.6882 -0.309999
      vertex 15.38 11.4822 -0.209999
      vertex 15.38 11.4822 -0.309999
    endloop
  endfacet
  facet normal 1 -0 0
    outer loop
      vertex 15.38 -11.4822 -0.209999
      vertex 15.38 11.4822 -0.309999
      vertex 15.38 11.4822 -0.209999
    endloop
  endfacet
  facet normal 1 0 0
    outer loop
      vertex 15.38 11.4822 -0.309999
      vertex 15.38 -11.4822 -0.209999
      vertex 15.38 -11.4822 -0.309999
    endloop
  endfacet
  facet normal 0.812879 -0.582432 0
    outer loop
      vertex 15.2324 -11.6882 -0.209999
      vertex 15.38 -11.4822 -0.309999
      vertex 15.38 -11.4822 -0.209999
    endloop
  endfacet
  facet normal 0.812879 -0.582432 0
    outer loop
      vertex 15.38 -11.4822 -0.309999
      vertex 15.2324 -11.6882 -0.209999
      vertex 15.2324 -11.6882 -0.309999
    endloop
  endfacet
  facet normal 0.773006 -0.634399 0
    outer loop
      vertex 14.62 -12.4344 -0.209999
      vertex 15.2324 -11.6882 -0.309999
      vertex 15.2324 -11.6882 -0.209999
    endloop
  endfacet
  facet normal 0.773006 -0.634399 0
    outer loop
      vertex 15.2324 -11.6882 -0.309999
      vertex 14.62 -12.4344 -0.209999
      vertex 14.62 -12.4344 -0.309999
    endloop
  endfacet
  facet normal -1 0 0
    outer loop
      vertex 14.62 -12.4344 -0.309999
      vertex 14.62 12.4344 -0.209999
      vertex 14.62 12.4344 -0.309999
    endloop
  endfacet
  facet normal -1 -0 0
    outer loop
      vertex 14.62 12.4344 -0.209999
      vertex 14.62 -12.4344 -0.309999
      vertex 14.62 -12.4344 -0.209999
    endloop
  endfacet
  facet normal 0.773006 0.634399 0
    outer loop
      vertex 15.2324 11.6882 -0.209999
      vertex 14.62 12.4344 -0.309999
      vertex 14.62 12.4344 -0.209999
    endloop
  endfacet
  facet normal 0.773006 0.634399 0
    outer loop
      vertex 14.62 12.4344 -0.309999
      vertex 15.2324 11.6882 -0.209999
      vertex 15.2324 11.6882 -0.309999
    endloop
  endfacet
  facet normal -0.881841 -0.471547 0
    outer loop
      vertex -17.12 -8.67894 -0.309999
      vertex -17.22 -8.49193 -0.209999
      vertex -17.22 -8.49193 -0.309999
    endloop
  endfacet
  facet normal -0.881841 -0.471547 0
    outer loop
      vertex -17.22 -8.49193 -0.209999
      vertex -17.12 -8.67894 -0.309999
      vertex -17.12 -8.67894 -0.209999
    endloop
  endfacet
  facet normal -0.910871 -0.41269 0
    outer loop
      vertex -17.22 -8.49193 -0.309999
      vertex -17.7385 -7.34752 -0.209999
      vertex -17.7385 -7.34752 -0.309999
    endloop
  endfacet
  facet normal -0.910871 -0.41269 0
    outer loop
      vertex -17.7385 -7.34752 -0.209999
      vertex -17.22 -8.49193 -0.309999
      vertex -17.22 -8.49193 -0.209999
    endloop
  endfacet
  facet normal -0.935926 -0.352198 0
    outer loop
      vertex -17.7385 -7.34752 -0.309999
      vertex -17.88 -6.9715 -0.209999
      vertex -17.88 -6.9715 -0.309999
    endloop
  endfacet
  facet normal -0.935926 -0.352198 0
    outer loop
      vertex -17.88 -6.9715 -0.209999
      vertex -17.7385 -7.34752 -0.309999
      vertex -17.7385 -7.34752 -0.209999
    endloop
  endfacet
  facet normal -1 0 0
    outer loop
      vertex -17.88 -6.9715 -0.309999
      vertex -17.88 6.9715 -0.209999
      vertex -17.88 6.9715 -0.309999
    endloop
  endfacet
  facet normal -1 -0 0
    outer loop
      vertex -17.88 6.9715 -0.209999
      vertex -17.88 -6.9715 -0.309999
      vertex -17.88 -6.9715 -0.209999
    endloop
  endfacet
  facet normal -0.935926 0.352198 0
    outer loop
      vertex -17.88 6.9715 -0.309999
      vertex -17.7385 7.34752 -0.209999
      vertex -17.7385 7.34752 -0.309999
    endloop
  endfacet
  facet normal -0.935926 0.352198 0
    outer loop
      vertex -17.7385 7.34752 -0.209999
      vertex -17.88 6.9715 -0.309999
      vertex -17.88 6.9715 -0.209999
    endloop
  endfacet
  facet normal -0.910871 0.41269 0
    outer loop
      vertex -17.7385 7.34752 -0.309999
      vertex -17.22 8.49193 -0.209999
      vertex -17.22 8.49193 -0.309999
    endloop
  endfacet
  facet normal -0.910871 0.41269 0
    outer loop
      vertex -17.22 8.49193 -0.209999
      vertex -17.7385 7.34752 -0.309999
      vertex -17.7385 7.34752 -0.209999
    endloop
  endfacet
  facet normal -0.881841 0.471547 0
    outer loop
      vertex -17.22 8.49193 -0.309999
      vertex -17.12 8.67894 -0.209999
      vertex -17.12 8.67894 -0.309999
    endloop
  endfacet
  facet normal -0.881841 0.471547 0
    outer loop
      vertex -17.12 8.67894 -0.209999
      vertex -17.22 8.49193 -0.309999
      vertex -17.22 8.49193 -0.209999
    endloop
  endfacet
  facet normal 1 -0 0
    outer loop
      vertex -17.12 -8.67894 -0.209999
      vertex -17.12 8.67894 -0.309999
      vertex -17.12 8.67894 -0.209999
    endloop
  endfacet
  facet normal 1 0 0
    outer loop
      vertex -17.12 8.67894 -0.309999
      vertex -17.12 -8.67894 -0.209999
      vertex -17.12 -8.67894 -0.309999
    endloop
  endfacet
  facet normal 0.910871 0.41269 0
    outer loop
      vertex 17.7385 7.34752 -0.209999
      vertex 17.22 8.49193 -0.309999
      vertex 17.22 8.49193 -0.209999
    endloop
  endfacet
  facet normal 0.910871 0.41269 0
    outer loop
      vertex 17.22 8.49193 -0.309999
      vertex 17.7385 7.34752 -0.209999
      vertex 17.7385 7.34752 -0.309999
    endloop
  endfacet
  facet normal 0.935926 0.352198 0
    outer loop
      vertex 17.88 6.9715 -0.209999
      vertex 17.7385 7.34752 -0.309999
      vertex 17.7385 7.34752 -0.209999
    endloop
  endfacet
  facet normal 0.935926 0.352198 0
    outer loop
      vertex 17.7385 7.34752 -0.309999
      vertex 17.88 6.9715 -0.209999
      vertex 17.88 6.9715 -0.309999
    endloop
  endfacet
  facet normal 1 -0 0
    outer loop
      vertex 17.88 -6.9715 -0.209999
      vertex 17.88 6.9715 -0.309999
      vertex 17.88 6.9715 -0.209999
    endloop
  endfacet
  facet normal 1 0 0
    outer loop
      vertex 17.88 6.9715 -0.309999
      vertex 17.88 -6.9715 -0.209999
      vertex 17.88 -6.9715 -0.309999
    endloop
  endfacet
  facet normal 0.935926 -0.352198 0
    outer loop
      vertex 17.7385 -7.34752 -0.209999
      vertex 17.88 -6.9715 -0.309999
      vertex 17.88 -6.9715 -0.209999
    endloop
  endfacet
  facet normal 0.935926 -0.352198 0
    outer loop
      vertex 17.88 -6.9715 -0.309999
      vertex 17.7385 -7.34752 -0.209999
      vertex 17.7385 -7.34752 -0.309999
    endloop
  endfacet
  facet normal 0.910871 -0.41269 0
    outer loop
      vertex 17.22 -8.49193 -0.209999
      vertex 17.7385 -7.34752 -0.309999
      vertex 17.7385 -7.34752 -0.209999
    endloop
  endfacet
  facet normal 0.910871 -0.41269 0
    outer loop
      vertex 17.7385 -7.34752 -0.309999
      vertex 17.22 -8.49193 -0.209999
      vertex 17.22 -8.49193 -0.309999
    endloop
  endfacet
  facet normal 0.881841 -0.471547 0
    outer loop
      vertex 17.12 -8.67894 -0.209999
      vertex 17.22 -8.49193 -0.309999
      vertex 17.22 -8.49193 -0.209999
    endloop
  endfacet
  facet normal 0.881841 -0.471547 0
    outer loop
      vertex 17.22 -8.49193 -0.309999
      vertex 17.12 -8.67894 -0.209999
      vertex 17.12 -8.67894 -0.309999
    endloop
  endfacet
  facet normal -1 0 0
    outer loop
      vertex 17.12 -8.67894 -0.309999
      vertex 17.12 8.67894 -0.209999
      vertex 17.12 8.67894 -0.309999
    endloop
  endfacet
  facet normal -1 -0 0
    outer loop
      vertex 17.12 8.67894 -0.209999
      vertex 17.12 -8.67894 -0.309999
      vertex 17.12 -8.67894 -0.209999
    endloop
  endfacet
  facet normal 0.881841 0.471547 0
    outer loop
      vertex 17.22 8.49193 -0.209999
      vertex 17.12 8.67894 -0.309999
      vertex 17.12 8.67894 -0.209999
    endloop
  endfacet
  facet normal 0.881841 0.471547 0
    outer loop
      vertex 17.12 8.67894 -0.309999
      vertex 17.22 8.49193 -0.209999
      vertex 17.22 8.49193 -0.309999
    endloop
  endfacet
  facet normal 0 0 -1
    outer loop
      vertex 0.320007 -19.0895 -0.41
      vertex 0.259995 -18.9915 -0.41
      vertex 0.320007 19.0895 -0.41
    endloop
  endfacet
  facet normal 0 0 -1
    outer loop
      vertex 0 -19.1 -0.41
      vertex 0.259995 -18.9915 -0.41
      vertex 0.320007 -19.0895 -0.41
    endloop
  endfacet
  facet normal 0 0 -1
    outer loop
      vertex 0 -19.1 -0.41
      vertex 0 -19 -0.41
      vertex 0.259995 -18.9915 -0.41
    endloop
  endfacet
  facet normal 0 0 -1
    outer loop
      vertex 0 -19.1 -0.41
      vertex -0.259995 -18.9915 -0.41
      vertex 0 -19 -0.41
    endloop
  endfacet
  facet normal -0 0 -1
    outer loop
      vertex -0.259995 -18.9915 -0.41
      vertex -0.320007 -19.0895 -0.41
      vertex -0.259995 18.9915 -0.41
    endloop
  endfacet
  facet normal 0 0 -1
    outer loop
      vertex -0.320007 -19.0895 -0.41
      vertex -0.259995 -18.9915 -0.41
      vertex 0 -19.1 -0.41
    endloop
  endfacet
  facet normal 0 0 -1
    outer loop
      vertex 0.259995 18.9915 -0.41
      vertex 0.320007 19.0895 -0.41
      vertex 0.259995 -18.9915 -0.41
    endloop
  endfacet
  facet normal 0 0 -1
    outer loop
      vertex 0 19.1 -0.41
      vertex 0.259995 18.9915 -0.41
      vertex 0 19 -0.41
    endloop
  endfacet
  facet normal 0 0 -1
    outer loop
      vertex 0.259995 18.9915 -0.41
      vertex 0 19.1 -0.41
      vertex 0.320007 19.0895 -0.41
    endloop
  endfacet
  facet normal 0 0 -1
    outer loop
      vertex -0.259995 18.9915 -0.41
      vertex 0 19.1 -0.41
      vertex 0 19 -0.41
    endloop
  endfacet
  facet normal 0 0 -1
    outer loop
      vertex -0.259995 18.9915 -0.41
      vertex -0.320007 19.0895 -0.41
      vertex 0 19.1 -0.41
    endloop
  endfacet
  facet normal 0 0 -1
    outer loop
      vertex -0.320007 19.0895 -0.41
      vertex -0.259995 18.9915 -0.41
      vertex -0.320007 -19.0895 -0.41
    endloop
  endfacet
  facet normal 0 0 -1
    outer loop
      vertex -2.17999 -18.9674 -0.41
      vertex -2.24001 -18.8611 -0.41
      vertex -2.17999 18.9674 -0.41
    endloop
  endfacet
  facet normal 0 0 -1
    outer loop
      vertex -2.49304 -18.9366 -0.41
      vertex -2.24001 -18.8611 -0.41
      vertex -2.17999 -18.9674 -0.41
    endloop
  endfacet
  facet normal -0 0 -1
    outer loop
      vertex -2.24001 -18.8611 -0.41
      vertex -2.49304 -18.9366 -0.41
      vertex -2.48 -18.8374 -0.41
    endloop
  endfacet
  facet normal 0 0 -1
    outer loop
      vertex -2.49304 -18.9366 -0.41
      vertex -2.75999 -18.7912 -0.41
      vertex -2.48 -18.8374 -0.41
    endloop
  endfacet
  facet normal -0 0 -1
    outer loop
      vertex -2.75999 -18.7912 -0.41
      vertex -2.82001 -18.8826 -0.41
      vertex -2.75999 18.7912 -0.41
    endloop
  endfacet
  facet normal 0 0 -1
    outer loop
      vertex -2.82001 -18.8826 -0.41
      vertex -2.75999 -18.7912 -0.41
      vertex -2.49304 -18.9366 -0.41
    endloop
  endfacet
  facet normal 0 0 -1
    outer loop
      vertex -2.24001 18.8611 -0.41
      vertex -2.17999 18.9674 -0.41
      vertex -2.24001 -18.8611 -0.41
    endloop
  endfacet
  facet normal 0 0 -1
    outer loop
      vertex -2.49304 18.9366 -0.41
      vertex -2.24001 18.8611 -0.41
      vertex -2.48 18.8374 -0.41
    endloop
  endfacet
  facet normal 0 0 -1
    outer loop
      vertex -2.24001 18.8611 -0.41
      vertex -2.49304 18.9366 -0.41
      vertex -2.17999 18.9674 -0.41
    endloop
  endfacet
  facet normal 0 0 -1
    outer loop
      vertex -2.75999 18.7912 -0.41
      vertex -2.49304 18.9366 -0.41
      vertex -2.48 18.8374 -0.41
    endloop
  endfacet
  facet normal 0 0 -1
    outer loop
      vertex -2.75999 18.7912 -0.41
      vertex -2.82001 18.8826 -0.41
      vertex -2.49304 18.9366 -0.41
    endloop
  endfacet
  facet normal 0 0 -1
    outer loop
      vertex -2.82001 18.8826 -0.41
      vertex -2.75999 18.7912 -0.41
      vertex -2.82001 -18.8826 -0.41
    endloop
  endfacet
  facet normal 0 0 -1
    outer loop
      vertex 2.82001 -18.8826 -0.41
      vertex 2.75999 -18.7912 -0.41
      vertex 2.82001 18.8826 -0.41
    endloop
  endfacet
  facet normal 0 0 -1
    outer loop
      vertex 2.49304 -18.9366 -0.41
      vertex 2.75999 -18.7912 -0.41
      vertex 2.82001 -18.8826 -0.41
    endloop
  endfacet
  facet normal 0 0 -1
    outer loop
      vertex 2.49304 -18.9366 -0.41
      vertex 2.48 -18.8374 -0.41
      vertex 2.75999 -18.7912 -0.41
    endloop
  endfacet
  facet normal 0 0 -1
    outer loop
      vertex 2.49304 -18.9366 -0.41
      vertex 2.24001 -18.8611 -0.41
      vertex 2.48 -18.8374 -0.41
    endloop
  endfacet
  facet normal -0 0 -1
    outer loop
      vertex 2.24001 -18.8611 -0.41
      vertex 2.17999 -18.9674 -0.41
      vertex 2.24001 18.8611 -0.41
    endloop
  endfacet
  facet normal 0 0 -1
    outer loop
      vertex 2.17999 -18.9674 -0.41
      vertex 2.24001 -18.8611 -0.41
      vertex 2.49304 -18.9366 -0.41
    endloop
  endfacet
  facet normal 0 0 -1
    outer loop
      vertex 2.75999 18.7912 -0.41
      vertex 2.82001 18.8826 -0.41
      vertex 2.75999 -18.7912 -0.41
    endloop
  endfacet
  facet normal 0 0 -1
    outer loop
      vertex 2.75999 18.7912 -0.41
      vertex 2.49304 18.9366 -0.41
      vertex 2.82001 18.8826 -0.41
    endloop
  endfacet
  facet normal 0 0 -1
    outer loop
      vertex 2.48 18.8374 -0.41
      vertex 2.49304 18.9366 -0.41
      vertex 2.75999 18.7912 -0.41
    endloop
  endfacet
  facet normal 0 0 -1
    outer loop
      vertex 2.24001 18.8611 -0.41
      vertex 2.49304 18.9366 -0.41
      vertex 2.48 18.8374 -0.41
    endloop
  endfacet
  facet normal 0 0 -1
    outer loop
      vertex 2.24001 18.8611 -0.41
      vertex 2.17999 18.9674 -0.41
      vertex 2.49304 18.9366 -0.41
    endloop
  endfacet
  facet normal 0 0 -1
    outer loop
      vertex 2.17999 18.9674 -0.41
      vertex 2.24001 18.8611 -0.41
      vertex 2.17999 -18.9674 -0.41
    endloop
  endfacet
  facet normal 0 0 -1
    outer loop
      vertex -4.67999 -18.5106 -0.41
      vertex -4.74001 -18.394 -0.41
      vertex -4.67999 18.5106 -0.41
    endloop
  endfacet
  facet normal 0 0 -1
    outer loop
      vertex -4.94344 -18.4492 -0.41
      vertex -4.74001 -18.394 -0.41
      vertex -4.67999 -18.5106 -0.41
    endloop
  endfacet
  facet normal -0 0 -1
    outer loop
      vertex -4.74001 -18.394 -0.41
      vertex -4.94344 -18.4492 -0.41
      vertex -4.91756 -18.3526 -0.41
    endloop
  endfacet
  facet normal 0 0 -1
    outer loop
      vertex -4.94344 -18.4492 -0.41
      vertex -5.25999 -18.2487 -0.41
      vertex -4.91756 -18.3526 -0.41
    endloop
  endfacet
  facet normal -0 0 -1
    outer loop
      vertex -5.25999 -18.2487 -0.41
      vertex -5.32001 -18.3349 -0.41
      vertex -5.25999 18.2487 -0.41
    endloop
  endfacet
  facet normal 0 0 -1
    outer loop
      vertex -5.32001 -18.3349 -0.41
      vertex -5.25999 -18.2487 -0.41
      vertex -4.94344 -18.4492 -0.41
    endloop
  endfacet
  facet normal 0 0 -1
    outer loop
      vertex -4.74001 18.394 -0.41
      vertex -4.67999 18.5106 -0.41
      vertex -4.74001 -18.394 -0.41
    endloop
  endfacet
  facet normal 0 0 -1
    outer loop
      vertex -4.94344 18.4492 -0.41
      vertex -4.74001 18.394 -0.41
      vertex -4.91756 18.3526 -0.41
    endloop
  endfacet
  facet normal 0 0 -1
    outer loop
      vertex -4.74001 18.394 -0.41
      vertex -4.94344 18.4492 -0.41
      vertex -4.67999 18.5106 -0.41
    endloop
  endfacet
  facet normal 0 0 -1
    outer loop
      vertex -5.25999 18.2487 -0.41
      vertex -4.94344 18.4492 -0.41
      vertex -4.91756 18.3526 -0.41
    endloop
  endfacet
  facet normal 0 0 -1
    outer loop
      vertex -5.25999 18.2487 -0.41
      vertex -5.32001 18.3349 -0.41
      vertex -4.94344 18.4492 -0.41
    endloop
  endfacet
  facet normal 0 0 -1
    outer loop
      vertex -5.32001 18.3349 -0.41
      vertex -5.25999 18.2487 -0.41
      vertex -5.32001 -18.3349 -0.41
    endloop
  endfacet
  facet normal 0 0 -1
    outer loop
      vertex 5.32001 -18.3349 -0.41
      vertex 5.25999 -18.2487 -0.41
      vertex 5.32001 18.3349 -0.41
    endloop
  endfacet
  facet normal 0 0 -1
    outer loop
      vertex 4.94344 -18.4492 -0.41
      vertex 5.25999 -18.2487 -0.41
      vertex 5.32001 -18.3349 -0.41
    endloop
  endfacet
  facet normal 0 0 -1
    outer loop
      vertex 4.94344 -18.4492 -0.41
      vertex 4.91756 -18.3526 -0.41
      vertex 5.25999 -18.2487 -0.41
    endloop
  endfacet
  facet normal 0 0 -1
    outer loop
      vertex 4.94344 -18.4492 -0.41
      vertex 4.74001 -18.394 -0.41
      vertex 4.91756 -18.3526 -0.41
    endloop
  endfacet
  facet normal -0 0 -1
    outer loop
      vertex 4.74001 -18.394 -0.41
      vertex 4.67999 -18.5106 -0.41
      vertex 4.74001 18.394 -0.41
    endloop
  endfacet
  facet normal 0 0 -1
    outer loop
      vertex 4.67999 -18.5106 -0.41
      vertex 4.74001 -18.394 -0.41
      vertex 4.94344 -18.4492 -0.41
    endloop
  endfacet
  facet normal 0 0 -1
    outer loop
      vertex 5.25999 18.2487 -0.41
      vertex 5.32001 18.3349 -0.41
      vertex 5.25999 -18.2487 -0.41
    endloop
  endfacet
  facet normal 0 0 -1
    outer loop
      vertex 5.25999 18.2487 -0.41
      vertex 4.94344 18.4492 -0.41
      vertex 5.32001 18.3349 -0.41
    endloop
  endfacet
  facet normal 0 0 -1
    outer loop
      vertex 4.91756 18.3526 -0.41
      vertex 4.94344 18.4492 -0.41
      vertex 5.25999 18.2487 -0.41
    endloop
  endfacet
  facet normal 0 0 -1
    outer loop
      vertex 4.74001 18.394 -0.41
      vertex 4.94344 18.4492 -0.41
      vertex 4.91756 18.3526 -0.41
    endloop
  endfacet
  facet normal 0 0 -1
    outer loop
      vertex 4.74001 18.394 -0.41
      vertex 4.67999 18.5106 -0.41
      vertex 4.94344 18.4492 -0.41
    endloop
  endfacet
  facet normal 0 0 -1
    outer loop
      vertex 4.67999 18.5106 -0.41
      vertex 4.74001 18.394 -0.41
      vertex 4.67999 -18.5106 -0.41
    endloop
  endfacet
  facet normal 0 0 -1
    outer loop
      vertex -7.17999 -17.6947 -0.41
      vertex -7.24001 -17.5654 -0.41
      vertex -7.17999 17.6947 -0.41
    endloop
  endfacet
  facet normal 0 0 -1
    outer loop
      vertex -7.30925 -17.6461 -0.41
      vertex -7.24001 -17.5654 -0.41
      vertex -7.17999 -17.6947 -0.41
    endloop
  endfacet
  facet normal -0 0 -1
    outer loop
      vertex -7.24001 -17.5654 -0.41
      vertex -7.30925 -17.6461 -0.41
      vertex -7.27098 -17.5537 -0.41
    endloop
  endfacet
  facet normal 0 0 -1
    outer loop
      vertex -7.30925 -17.6461 -0.41
      vertex -7.75999 -17.3321 -0.41
      vertex -7.27098 -17.5537 -0.41
    endloop
  endfacet
  facet normal -0 0 -1
    outer loop
      vertex -7.75999 -17.3321 -0.41
      vertex -7.82001 -17.4147 -0.41
      vertex -7.75999 17.3321 -0.41
    endloop
  endfacet
  facet normal 0 0 -1
    outer loop
      vertex -7.82001 -17.4147 -0.41
      vertex -7.75999 -17.3321 -0.41
      vertex -7.30925 -17.6461 -0.41
    endloop
  endfacet
  facet normal 0 0 -1
    outer loop
      vertex -7.24001 17.5654 -0.41
      vertex -7.17999 17.6947 -0.41
      vertex -7.24001 -17.5654 -0.41
    endloop
  endfacet
  facet normal 0 0 -1
    outer loop
      vertex -7.30925 17.6461 -0.41
      vertex -7.24001 17.5654 -0.41
      vertex -7.27098 17.5537 -0.41
    endloop
  endfacet
  facet normal 0 0 -1
    outer loop
      vertex -7.24001 17.5654 -0.41
      vertex -7.30925 17.6461 -0.41
      vertex -7.17999 17.6947 -0.41
    endloop
  endfacet
  facet normal 0 0 -1
    outer loop
      vertex -7.75999 17.3321 -0.41
      vertex -7.30925 17.6461 -0.41
      vertex -7.27098 17.5537 -0.41
    endloop
  endfacet
  facet normal 0 0 -1
    outer loop
      vertex -7.75999 17.3321 -0.41
      vertex -7.82001 17.4147 -0.41
      vertex -7.30925 17.6461 -0.41
    endloop
  endfacet
  facet normal 0 0 -1
    outer loop
      vertex -7.82001 17.4147 -0.41
      vertex -7.75999 17.3321 -0.41
      vertex -7.82001 -17.4147 -0.41
    endloop
  endfacet
  facet normal 0 0 -1
    outer loop
      vertex 7.82001 -17.4147 -0.41
      vertex 7.75999 -17.3321 -0.41
      vertex 7.82001 17.4147 -0.41
    endloop
  endfacet
  facet normal 0 0 -1
    outer loop
      vertex 7.30925 -17.6461 -0.41
      vertex 7.75999 -17.3321 -0.41
      vertex 7.82001 -17.4147 -0.41
    endloop
  endfacet
  facet normal 0 0 -1
    outer loop
      vertex 7.30925 -17.6461 -0.41
      vertex 7.27098 -17.5537 -0.41
      vertex 7.75999 -17.3321 -0.41
    endloop
  endfacet
  facet normal 0 0 -1
    outer loop
      vertex 7.30925 -17.6461 -0.41
      vertex 7.24001 -17.5654 -0.41
      vertex 7.27098 -17.5537 -0.41
    endloop
  endfacet
  facet normal -0 0 -1
    outer loop
      vertex 7.24001 -17.5654 -0.41
      vertex 7.17999 -17.6947 -0.41
      vertex 7.24001 17.5654 -0.41
    endloop
  endfacet
  facet normal 0 0 -1
    outer loop
      vertex 7.17999 -17.6947 -0.41
      vertex 7.24001 -17.5654 -0.41
      vertex 7.30925 -17.6461 -0.41
    endloop
  endfacet
  facet normal 0 0 -1
    outer loop
      vertex 7.75999 17.3321 -0.41
      vertex 7.82001 17.4147 -0.41
      vertex 7.75999 -17.3321 -0.41
    endloop
  endfacet
  facet normal 0 0 -1
    outer loop
      vertex 7.75999 17.3321 -0.41
      vertex 7.30925 17.6461 -0.41
      vertex 7.82001 17.4147 -0.41
    endloop
  endfacet
  facet normal 0 0 -1
    outer loop
      vertex 7.27098 17.5537 -0.41
      vertex 7.30925 17.6461 -0.41
      vertex 7.75999 17.3321 -0.41
    endloop
  endfacet
  facet normal 0 0 -1
    outer loop
      vertex 7.24001 17.5654 -0.41
      vertex 7.30925 17.6461 -0.41
      vertex 7.27098 17.5537 -0.41
    endloop
  endfacet
  facet normal 0 0 -1
    outer loop
      vertex 7.24001 17.5654 -0.41
      vertex 7.17999 17.6947 -0.41
      vertex 7.30925 17.6461 -0.41
    endloop
  endfacet
  facet normal 0 0 -1
    outer loop
      vertex 7.17999 17.6947 -0.41
      vertex 7.24001 17.5654 -0.41
      vertex 7.17999 -17.6947 -0.41
    endloop
  endfacet
  facet normal 0 0 -1
    outer loop
      vertex -9.67999 -16.4602 -0.41
      vertex -9.74001 -16.3052 -0.41
      vertex -9.67999 16.4602 -0.41
    endloop
  endfacet
  facet normal 0 0 -1
    outer loop
      vertex -10.32 -16.0623 -0.41
      vertex -9.74001 -16.3052 -0.41
      vertex -9.67999 -16.4602 -0.41
    endloop
  endfacet
  facet normal -0 0 -1
    outer loop
      vertex -10.26 -15.9819 -0.41
      vertex -10.32 -16.0623 -0.41
      vertex -10.26 15.9819 -0.41
    endloop
  endfacet
  facet normal 0 0 -1
    outer loop
      vertex -9.74001 -16.3052 -0.41
      vertex -10.32 -16.0623 -0.41
      vertex -10.26 -15.9819 -0.41
    endloop
  endfacet
  facet normal 0 0 -1
    outer loop
      vertex -9.74001 16.3052 -0.41
      vertex -9.67999 16.4602 -0.41
      vertex -9.74001 -16.3052 -0.41
    endloop
  endfacet
  facet normal 0 0 -1
    outer loop
      vertex -10.32 16.0623 -0.41
      vertex -9.74001 16.3052 -0.41
      vertex -10.26 15.9819 -0.41
    endloop
  endfacet
  facet normal -0 0 -1
    outer loop
      vertex -9.74001 16.3052 -0.41
      vertex -10.32 16.0623 -0.41
      vertex -9.67999 16.4602 -0.41
    endloop
  endfacet
  facet normal 0 0 -1
    outer loop
      vertex -10.32 16.0623 -0.41
      vertex -10.26 15.9819 -0.41
      vertex -10.32 -16.0623 -0.41
    endloop
  endfacet
  facet normal 0 0 -1
    outer loop
      vertex 10.32 -16.0623 -0.41
      vertex 10.26 -15.9819 -0.41
      vertex 10.32 16.0623 -0.41
    endloop
  endfacet
  facet normal -0 0 -1
    outer loop
      vertex 10.32 -16.0623 -0.41
      vertex 9.74001 -16.3052 -0.41
      vertex 10.26 -15.9819 -0.41
    endloop
  endfacet
  facet normal -0 0 -1
    outer loop
      vertex 9.74001 -16.3052 -0.41
      vertex 9.67999 -16.4602 -0.41
      vertex 9.74001 16.3052 -0.41
    endloop
  endfacet
  facet normal 0 0 -1
    outer loop
      vertex 9.67999 -16.4602 -0.41
      vertex 9.74001 -16.3052 -0.41
      vertex 10.32 -16.0623 -0.41
    endloop
  endfacet
  facet normal 0 0 -1
    outer loop
      vertex 10.26 15.9819 -0.41
      vertex 10.32 16.0623 -0.41
      vertex 10.26 -15.9819 -0.41
    endloop
  endfacet
  facet normal 0 0 -1
    outer loop
      vertex 9.74001 16.3052 -0.41
      vertex 10.32 16.0623 -0.41
      vertex 10.26 15.9819 -0.41
    endloop
  endfacet
  facet normal 0 0 -1
    outer loop
      vertex 9.74001 16.3052 -0.41
      vertex 9.67999 16.4602 -0.41
      vertex 10.32 16.0623 -0.41
    endloop
  endfacet
  facet normal 0 0 -1
    outer loop
      vertex 9.67999 16.4602 -0.41
      vertex 9.74001 16.3052 -0.41
      vertex 9.67999 -16.4602 -0.41
    endloop
  endfacet
  facet normal 0 0 -1
    outer loop
      vertex -12.18 -14.6995 -0.41
      vertex -12.24 -14.5209 -0.41
      vertex -12.18 14.6995 -0.41
    endloop
  endfacet
  facet normal 0 0 -1
    outer loop
      vertex -12.5935 -14.3601 -0.41
      vertex -12.24 -14.5209 -0.41
      vertex -12.18 -14.6995 -0.41
    endloop
  endfacet
  facet normal 0 0 -1
    outer loop
      vertex -12.24 -14.5209 -0.41
      vertex -12.5935 -14.3601 -0.41
      vertex -12.5276 -14.2849 -0.41
    endloop
  endfacet
  facet normal 0 0 -1
    outer loop
      vertex -12.82 -14.148 -0.41
      vertex -12.5276 -14.2849 -0.41
      vertex -12.5935 -14.3601 -0.41
    endloop
  endfacet
  facet normal -0 0 -1
    outer loop
      vertex -12.76 -14.0672 -0.41
      vertex -12.82 -14.148 -0.41
      vertex -12.76 14.0672 -0.41
    endloop
  endfacet
  facet normal 0 0 -1
    outer loop
      vertex -12.5276 -14.2849 -0.41
      vertex -12.82 -14.148 -0.41
      vertex -12.76 -14.0672 -0.41
    endloop
  endfacet
  facet normal 0 0 -1
    outer loop
      vertex -12.24 14.5209 -0.41
      vertex -12.18 14.6995 -0.41
      vertex -12.24 -14.5209 -0.41
    endloop
  endfacet
  facet normal 0 0 -1
    outer loop
      vertex -12.5935 14.3601 -0.41
      vertex -12.24 14.5209 -0.41
      vertex -12.5276 14.2849 -0.41
    endloop
  endfacet
  facet normal -0 0 -1
    outer loop
      vertex -12.24 14.5209 -0.41
      vertex -12.5935 14.3601 -0.41
      vertex -12.18 14.6995 -0.41
    endloop
  endfacet
  facet normal 0 0 -1
    outer loop
      vertex -12.82 14.148 -0.41
      vertex -12.5276 14.2849 -0.41
      vertex -12.76 14.0672 -0.41
    endloop
  endfacet
  facet normal -0 0 -1
    outer loop
      vertex -12.5276 14.2849 -0.41
      vertex -12.82 14.148 -0.41
      vertex -12.5935 14.3601 -0.41
    endloop
  endfacet
  facet normal 0 0 -1
    outer loop
      vertex -12.82 14.148 -0.41
      vertex -12.76 14.0672 -0.41
      vertex -12.82 -14.148 -0.41
    endloop
  endfacet
  facet normal 0 0 -1
    outer loop
      vertex 12.82 -14.148 -0.41
      vertex 12.76 -14.0672 -0.41
      vertex 12.82 14.148 -0.41
    endloop
  endfacet
  facet normal 0 0 -1
    outer loop
      vertex 12.5276 -14.2849 -0.41
      vertex 12.82 -14.148 -0.41
      vertex 12.5935 -14.3601 -0.41
    endloop
  endfacet
  facet normal -0 0 -1
    outer loop
      vertex 12.82 -14.148 -0.41
      vertex 12.5276 -14.2849 -0.41
      vertex 12.76 -14.0672 -0.41
    endloop
  endfacet
  facet normal -0 0 -1
    outer loop
      vertex 12.5935 -14.3601 -0.41
      vertex 12.24 -14.5209 -0.41
      vertex 12.5276 -14.2849 -0.41
    endloop
  endfacet
  facet normal -0 0 -1
    outer loop
      vertex 12.24 -14.5209 -0.41
      vertex 12.18 -14.6995 -0.41
      vertex 12.24 14.5209 -0.41
    endloop
  endfacet
  facet normal 0 0 -1
    outer loop
      vertex 12.18 -14.6995 -0.41
      vertex 12.24 -14.5209 -0.41
      vertex 12.5935 -14.3601 -0.41
    endloop
  endfacet
  facet normal 0 0 -1
    outer loop
      vertex 12.76 14.0672 -0.41
      vertex 12.82 14.148 -0.41
      vertex 12.76 -14.0672 -0.41
    endloop
  endfacet
  facet normal 0 0 -1
    outer loop
      vertex 12.5276 14.2849 -0.41
      vertex 12.82 14.148 -0.41
      vertex 12.76 14.0672 -0.41
    endloop
  endfacet
  facet normal 0 0 -1
    outer loop
      vertex 12.82 14.148 -0.41
      vertex 12.5276 14.2849 -0.41
      vertex 12.5935 14.3601 -0.41
    endloop
  endfacet
  facet normal 0 0 -1
    outer loop
      vertex 12.24 14.5209 -0.41
      vertex 12.5935 14.3601 -0.41
      vertex 12.5276 14.2849 -0.41
    endloop
  endfacet
  facet normal 0 0 -1
    outer loop
      vertex 12.24 14.5209 -0.41
      vertex 12.18 14.6995 -0.41
      vertex 12.5935 14.3601 -0.41
    endloop
  endfacet
  facet normal 0 0 -1
    outer loop
      vertex 12.18 14.6995 -0.41
      vertex 12.24 14.5209 -0.41
      vertex 12.18 -14.6995 -0.41
    endloop
  endfacet
  facet normal 0 0 -1
    outer loop
      vertex -14.68 -12.2038 -0.41
      vertex -14.74 -11.9731 -0.41
      vertex -14.68 12.2038 -0.41
    endloop
  endfacet
  facet normal 0 0 -1
    outer loop
      vertex -15.153 -11.6273 -0.41
      vertex -14.74 -11.9731 -0.41
      vertex -14.68 -12.2038 -0.41
    endloop
  endfacet
  facet normal 0 0 -1
    outer loop
      vertex -14.74 -11.9731 -0.41
      vertex -15.153 -11.6273 -0.41
      vertex -15.0737 -11.5665 -0.41
    endloop
  endfacet
  facet normal 0 0 -1
    outer loop
      vertex -15.32 -11.3943 -0.41
      vertex -15.0737 -11.5665 -0.41
      vertex -15.153 -11.6273 -0.41
    endloop
  endfacet
  facet normal -0 0 -1
    outer loop
      vertex -15.26 -11.3065 -0.41
      vertex -15.32 -11.3943 -0.41
      vertex -15.26 11.3065 -0.41
    endloop
  endfacet
  facet normal 0 0 -1
    outer loop
      vertex -15.0737 -11.5665 -0.41
      vertex -15.32 -11.3943 -0.41
      vertex -15.26 -11.3065 -0.41
    endloop
  endfacet
  facet normal 0 0 -1
    outer loop
      vertex -14.74 11.9731 -0.41
      vertex -14.68 12.2038 -0.41
      vertex -14.74 -11.9731 -0.41
    endloop
  endfacet
  facet normal 0 0 -1
    outer loop
      vertex -15.153 11.6273 -0.41
      vertex -14.74 11.9731 -0.41
      vertex -15.0737 11.5665 -0.41
    endloop
  endfacet
  facet normal -0 0 -1
    outer loop
      vertex -14.74 11.9731 -0.41
      vertex -15.153 11.6273 -0.41
      vertex -14.68 12.2038 -0.41
    endloop
  endfacet
  facet normal 0 0 -1
    outer loop
      vertex -15.32 11.3943 -0.41
      vertex -15.0737 11.5665 -0.41
      vertex -15.26 11.3065 -0.41
    endloop
  endfacet
  facet normal -0 0 -1
    outer loop
      vertex -15.0737 11.5665 -0.41
      vertex -15.32 11.3943 -0.41
      vertex -15.153 11.6273 -0.41
    endloop
  endfacet
  facet normal 0 0 -1
    outer loop
      vertex -15.32 11.3943 -0.41
      vertex -15.26 11.3065 -0.41
      vertex -15.32 -11.3943 -0.41
    endloop
  endfacet
  facet normal 0 0 -1
    outer loop
      vertex 15.32 -11.3943 -0.41
      vertex 15.26 -11.3065 -0.41
      vertex 15.32 11.3943 -0.41
    endloop
  endfacet
  facet normal 0 0 -1
    outer loop
      vertex 15.0737 -11.5665 -0.41
      vertex 15.32 -11.3943 -0.41
      vertex 15.153 -11.6273 -0.41
    endloop
  endfacet
  facet normal -0 0 -1
    outer loop
      vertex 15.32 -11.3943 -0.41
      vertex 15.0737 -11.5665 -0.41
      vertex 15.26 -11.3065 -0.41
    endloop
  endfacet
  facet normal -0 0 -1
    outer loop
      vertex 15.153 -11.6273 -0.41
      vertex 14.74 -11.9731 -0.41
      vertex 15.0737 -11.5665 -0.41
    endloop
  endfacet
  facet normal -0 0 -1
    outer loop
      vertex 14.74 -11.9731 -0.41
      vertex 14.68 -12.2038 -0.41
      vertex 14.74 11.9731 -0.41
    endloop
  endfacet
  facet normal 0 0 -1
    outer loop
      vertex 14.68 -12.2038 -0.41
      vertex 14.74 -11.9731 -0.41
      vertex 15.153 -11.6273 -0.41
    endloop
  endfacet
  facet normal 0 0 -1
    outer loop
      vertex 15.26 11.3065 -0.41
      vertex 15.32 11.3943 -0.41
      vertex 15.26 -11.3065 -0.41
    endloop
  endfacet
  facet normal 0 0 -1
    outer loop
      vertex 15.0737 11.5665 -0.41
      vertex 15.32 11.3943 -0.41
      vertex 15.26 11.3065 -0.41
    endloop
  endfacet
  facet normal 0 0 -1
    outer loop
      vertex 15.32 11.3943 -0.41
      vertex 15.0737 11.5665 -0.41
      vertex 15.153 11.6273 -0.41
    endloop
  endfacet
  facet normal 0 0 -1
    outer loop
      vertex 14.74 11.9731 -0.41
      vertex 15.153 11.6273 -0.41
      vertex 15.0737 11.5665 -0.41
    endloop
  endfacet
  facet normal 0 0 -1
    outer loop
      vertex 14.74 11.9731 -0.41
      vertex 14.68 12.2038 -0.41
      vertex 15.153 11.6273 -0.41
    endloop
  endfacet
  facet normal 0 0 -1
    outer loop
      vertex 14.68 12.2038 -0.41
      vertex 14.74 11.9731 -0.41
      vertex 14.68 -12.2038 -0.41
    endloop
  endfacet
  facet normal 0 0 -1
    outer loop
      vertex -17.18 -8.33795 -0.41
      vertex -17.24 -7.96333 -0.41
      vertex -17.18 8.33795 -0.41
    endloop
  endfacet
  facet normal 0 0 -1
    outer loop
      vertex -17.6461 -7.30925 -0.41
      vertex -17.24 -7.96333 -0.41
      vertex -17.18 -8.33795 -0.41
    endloop
  endfacet
  facet normal 0 0 -1
    outer loop
      vertex -17.24 -7.96333 -0.41
      vertex -17.6461 -7.30925 -0.41
      vertex -17.5537 -7.27098 -0.41
    endloop
  endfacet
  facet normal 0 0 -1
    outer loop
      vertex -17.82 -6.84717 -0.41
      vertex -17.5537 -7.27098 -0.41
      vertex -17.6461 -7.30925 -0.41
    endloop
  endfacet
  facet normal -0 0 -1
    outer loop
      vertex -17.76 -6.7229 -0.41
      vertex -17.82 -6.84717 -0.41
      vertex -17.76 6.7229 -0.41
    endloop
  endfacet
  facet normal 0 0 -1
    outer loop
      vertex -17.5537 -7.27098 -0.41
      vertex -17.82 -6.84717 -0.41
      vertex -17.76 -6.7229 -0.41
    endloop
  endfacet
  facet normal 0 0 -1
    outer loop
      vertex -17.24 7.96333 -0.41
      vertex -17.18 8.33795 -0.41
      vertex -17.24 -7.96333 -0.41
    endloop
  endfacet
  facet normal 0 0 -1
    outer loop
      vertex -17.6461 7.30925 -0.41
      vertex -17.24 7.96333 -0.41
      vertex -17.5537 7.27098 -0.41
    endloop
  endfacet
  facet normal -0 0 -1
    outer loop
      vertex -17.24 7.96333 -0.41
      vertex -17.6461 7.30925 -0.41
      vertex -17.18 8.33795 -0.41
    endloop
  endfacet
  facet normal 0 0 -1
    outer loop
      vertex -17.82 6.84717 -0.41
      vertex -17.5537 7.27098 -0.41
      vertex -17.76 6.7229 -0.41
    endloop
  endfacet
  facet normal -0 0 -1
    outer loop
      vertex -17.5537 7.27098 -0.41
      vertex -17.82 6.84717 -0.41
      vertex -17.6461 7.30925 -0.41
    endloop
  endfacet
  facet normal 0 0 -1
    outer loop
      vertex -17.82 6.84717 -0.41
      vertex -17.76 6.7229 -0.41
      vertex -17.82 -6.84717 -0.41
    endloop
  endfacet
  facet normal 0 0 -1
    outer loop
      vertex 17.82 -6.84717 -0.41
      vertex 17.76 -6.7229 -0.41
      vertex 17.82 6.84717 -0.41
    endloop
  endfacet
  facet normal 0 0 -1
    outer loop
      vertex 17.5537 -7.27098 -0.41
      vertex 17.82 -6.84717 -0.41
      vertex 17.6461 -7.30925 -0.41
    endloop
  endfacet
  facet normal -0 0 -1
    outer loop
      vertex 17.82 -6.84717 -0.41
      vertex 17.5537 -7.27098 -0.41
      vertex 17.76 -6.7229 -0.41
    endloop
  endfacet
  facet normal -0 0 -1
    outer loop
      vertex 17.6461 -7.30925 -0.41
      vertex 17.24 -7.96333 -0.41
      vertex 17.5537 -7.27098 -0.41
    endloop
  endfacet
  facet normal -0 0 -1
    outer loop
      vertex 17.24 -7.96333 -0.41
      vertex 17.18 -8.33795 -0.41
      vertex 17.24 7.96333 -0.41
    endloop
  endfacet
  facet normal 0 0 -1
    outer loop
      vertex 17.18 -8.33795 -0.41
      vertex 17.24 -7.96333 -0.41
      vertex 17.6461 -7.30925 -0.41
    endloop
  endfacet
  facet normal 0 0 -1
    outer loop
      vertex 17.76 6.7229 -0.41
      vertex 17.82 6.84717 -0.41
      vertex 17.76 -6.7229 -0.41
    endloop
  endfacet
  facet normal 0 0 -1
    outer loop
      vertex 17.5537 7.27098 -0.41
      vertex 17.82 6.84717 -0.41
      vertex 17.76 6.7229 -0.41
    endloop
  endfacet
  facet normal 0 0 -1
    outer loop
      vertex 17.82 6.84717 -0.41
      vertex 17.5537 7.27098 -0.41
      vertex 17.6461 7.30925 -0.41
    endloop
  endfacet
  facet normal 0 0 -1
    outer loop
      vertex 17.24 7.96333 -0.41
      vertex 17.6461 7.30925 -0.41
      vertex 17.5537 7.27098 -0.41
    endloop
  endfacet
  facet normal 0 0 -1
    outer loop
      vertex 17.24 7.96333 -0.41
      vertex 17.18 8.33795 -0.41
      vertex 17.6461 7.30925 -0.41
    endloop
  endfacet
  facet normal 0 0 -1
    outer loop
      vertex 17.18 8.33795 -0.41
      vertex 17.24 7.96333 -0.41
      vertex 17.18 -8.33795 -0.41
    endloop
  endfacet
  facet normal 1 -0 0
    outer loop
      vertex 0.320007 -19.0895 -0.309999
      vertex 0.320007 19.0895 -0.41
      vertex 0.320007 19.0895 -0.309999
    endloop
  endfacet
  facet normal 1 0 0
    outer loop
      vertex 0.320007 19.0895 -0.41
      vertex 0.320007 -19.0895 -0.309999
      vertex 0.320007 -19.0895 -0.41
    endloop
  endfacet
  facet normal 0.0327941 -0.999462 0
    outer loop
      vertex 0 -19.1 -0.41
      vertex 0.320007 -19.0895 -0.309999
      vertex 0 -19.1 -0.309999
    endloop
  endfacet
  facet normal 0.0327941 -0.999462 0
    outer loop
      vertex 0.320007 -19.0895 -0.309999
      vertex 0 -19.1 -0.41
      vertex 0.320007 -19.0895 -0.41
    endloop
  endfacet
  facet normal -0.0327941 -0.999462 0
    outer loop
      vertex -0.320007 -19.0895 -0.41
      vertex 0 -19.1 -0.309999
      vertex -0.320007 -19.0895 -0.309999
    endloop
  endfacet
  facet normal -0.0327941 -0.999462 -0
    outer loop
      vertex 0 -19.1 -0.309999
      vertex -0.320007 -19.0895 -0.41
      vertex 0 -19.1 -0.41
    endloop
  endfacet
  facet normal -1 0 0
    outer loop
      vertex -0.320007 -19.0895 -0.41
      vertex -0.320007 19.0895 -0.309999
      vertex -0.320007 19.0895 -0.41
    endloop
  endfacet
  facet normal -1 -0 0
    outer loop
      vertex -0.320007 19.0895 -0.309999
      vertex -0.320007 -19.0895 -0.41
      vertex -0.320007 -19.0895 -0.309999
    endloop
  endfacet
  facet normal -0.0327941 0.999462 0
    outer loop
      vertex 0 19.1 -0.41
      vertex -0.320007 19.0895 -0.309999
      vertex 0 19.1 -0.309999
    endloop
  endfacet
  facet normal -0.0327941 0.999462 0
    outer loop
      vertex -0.320007 19.0895 -0.309999
      vertex 0 19.1 -0.41
      vertex -0.320007 19.0895 -0.41
    endloop
  endfacet
  facet normal 0.0327941 0.999462 -0
    outer loop
      vertex 0.320007 19.0895 -0.41
      vertex 0 19.1 -0.309999
      vertex 0.320007 19.0895 -0.309999
    endloop
  endfacet
  facet normal 0.0327941 0.999462 0
    outer loop
      vertex 0 19.1 -0.309999
      vertex 0.320007 19.0895 -0.41
      vertex 0 19.1 -0.41
    endloop
  endfacet
  facet normal -0.0979141 -0.995195 0
    outer loop
      vertex -2.49304 -18.9366 -0.41
      vertex -2.17999 -18.9674 -0.309999
      vertex -2.49304 -18.9366 -0.309999
    endloop
  endfacet
  facet normal -0.0979141 -0.995195 -0
    outer loop
      vertex -2.17999 -18.9674 -0.309999
      vertex -2.49304 -18.9366 -0.41
      vertex -2.17999 -18.9674 -0.41
    endloop
  endfacet
  facet normal -0.162946 -0.986635 0
    outer loop
      vertex -2.82001 -18.8826 -0.41
      vertex -2.49304 -18.9366 -0.309999
      vertex -2.82001 -18.8826 -0.309999
    endloop
  endfacet
  facet normal -0.162946 -0.986635 -0
    outer loop
      vertex -2.49304 -18.9366 -0.309999
      vertex -2.82001 -18.8826 -0.41
      vertex -2.49304 -18.9366 -0.41
    endloop
  endfacet
  facet normal -1 0 0
    outer loop
      vertex -2.82001 -18.8826 -0.41
      vertex -2.82001 18.8826 -0.309999
      vertex -2.82001 18.8826 -0.41
    endloop
  endfacet
  facet normal -1 -0 0
    outer loop
      vertex -2.82001 18.8826 -0.309999
      vertex -2.82001 -18.8826 -0.41
      vertex -2.82001 -18.8826 -0.309999
    endloop
  endfacet
  facet normal -0.162946 0.986635 0
    outer loop
      vertex -2.49304 18.9366 -0.41
      vertex -2.82001 18.8826 -0.309999
      vertex -2.49304 18.9366 -0.309999
    endloop
  endfacet
  facet normal -0.162946 0.986635 0
    outer loop
      vertex -2.82001 18.8826 -0.309999
      vertex -2.49304 18.9366 -0.41
      vertex -2.82001 18.8826 -0.41
    endloop
  endfacet
  facet normal -0.0979141 0.995195 0
    outer loop
      vertex -2.17999 18.9674 -0.41
      vertex -2.49304 18.9366 -0.309999
      vertex -2.17999 18.9674 -0.309999
    endloop
  endfacet
  facet normal -0.0979141 0.995195 0
    outer loop
      vertex -2.49304 18.9366 -0.309999
      vertex -2.17999 18.9674 -0.41
      vertex -2.49304 18.9366 -0.41
    endloop
  endfacet
  facet normal 1 -0 0
    outer loop
      vertex -2.17999 -18.9674 -0.309999
      vertex -2.17999 18.9674 -0.41
      vertex -2.17999 18.9674 -0.309999
    endloop
  endfacet
  facet normal 1 0 0
    outer loop
      vertex -2.17999 18.9674 -0.41
      vertex -2.17999 -18.9674 -0.309999
      vertex -2.17999 -18.9674 -0.41
    endloop
  endfacet
  facet normal 0.162946 0.986635 -0
    outer loop
      vertex 2.82001 18.8826 -0.41
      vertex 2.49304 18.9366 -0.309999
      vertex 2.82001 18.8826 -0.309999
    endloop
  endfacet
  facet normal 0.162946 0.986635 0
    outer loop
      vertex 2.49304 18.9366 -0.309999
      vertex 2.82001 18.8826 -0.41
      vertex 2.49304 18.9366 -0.41
    endloop
  endfacet
  facet normal 1 -0 0
    outer loop
      vertex 2.82001 -18.8826 -0.309999
      vertex 2.82001 18.8826 -0.41
      vertex 2.82001 18.8826 -0.309999
    endloop
  endfacet
  facet normal 1 0 0
    outer loop
      vertex 2.82001 18.8826 -0.41
      vertex 2.82001 -18.8826 -0.309999
      vertex 2.82001 -18.8826 -0.41
    endloop
  endfacet
  facet normal 0.162946 -0.986635 0
    outer loop
      vertex 2.49304 -18.9366 -0.41
      vertex 2.82001 -18.8826 -0.309999
      vertex 2.49304 -18.9366 -0.309999
    endloop
  endfacet
  facet normal 0.162946 -0.986635 0
    outer loop
      vertex 2.82001 -18.8826 -0.309999
      vertex 2.49304 -18.9366 -0.41
      vertex 2.82001 -18.8826 -0.41
    endloop
  endfacet
  facet normal 0.0979141 -0.995195 0
    outer loop
      vertex 2.17999 -18.9674 -0.41
      vertex 2.49304 -18.9366 -0.309999
      vertex 2.17999 -18.9674 -0.309999
    endloop
  endfacet
  facet normal 0.0979141 -0.995195 0
    outer loop
      vertex 2.49304 -18.9366 -0.309999
      vertex 2.17999 -18.9674 -0.41
      vertex 2.49304 -18.9366 -0.41
    endloop
  endfacet
  facet normal -1 0 0
    outer loop
      vertex 2.17999 -18.9674 -0.41
      vertex 2.17999 18.9674 -0.309999
      vertex 2.17999 18.9674 -0.41
    endloop
  endfacet
  facet normal -1 -0 0
    outer loop
      vertex 2.17999 18.9674 -0.309999
      vertex 2.17999 -18.9674 -0.41
      vertex 2.17999 -18.9674 -0.309999
    endloop
  endfacet
  facet normal 0.0979141 0.995195 -0
    outer loop
      vertex 2.49304 18.9366 -0.41
      vertex 2.17999 18.9674 -0.309999
      vertex 2.49304 18.9366 -0.309999
    endloop
  endfacet
  facet normal 0.0979141 0.995195 0
    outer loop
      vertex 2.17999 18.9674 -0.309999
      vertex 2.49304 18.9366 -0.41
      vertex 2.17999 18.9674 -0.41
    endloop
  endfacet
  facet normal -0.226978 -0.9739 0
    outer loop
      vertex -4.94344 -18.4492 -0.41
      vertex -4.67999 -18.5106 -0.309999
      vertex -4.94344 -18.4492 -0.309999
    endloop
  endfacet
  facet normal -0.226978 -0.9739 -0
    outer loop
      vertex -4.67999 -18.5106 -0.309999
      vertex -4.94344 -18.4492 -0.41
      vertex -4.67999 -18.5106 -0.41
    endloop
  endfacet
  facet normal -0.290445 -0.956892 0
    outer loop
      vertex -5.32001 -18.3349 -0.41
      vertex -4.94344 -18.4492 -0.309999
      vertex -5.32001 -18.3349 -0.309999
    endloop
  endfacet
  facet normal -0.290445 -0.956892 -0
    outer loop
      vertex -4.94344 -18.4492 -0.309999
      vertex -5.32001 -18.3349 -0.41
      vertex -4.94344 -18.4492 -0.41
    endloop
  endfacet
  facet normal -1 0 0
    outer loop
      vertex -5.32001 -18.3349 -0.41
      vertex -5.32001 18.3349 -0.309999
      vertex -5.32001 18.3349 -0.41
    endloop
  endfacet
  facet normal -1 -0 0
    outer loop
      vertex -5.32001 18.3349 -0.309999
      vertex -5.32001 -18.3349 -0.41
      vertex -5.32001 -18.3349 -0.309999
    endloop
  endfacet
  facet normal -0.290445 0.956892 0
    outer loop
      vertex -4.94344 18.4492 -0.41
      vertex -5.32001 18.3349 -0.309999
      vertex -4.94344 18.4492 -0.309999
    endloop
  endfacet
  facet normal -0.290445 0.956892 0
    outer loop
      vertex -5.32001 18.3349 -0.309999
      vertex -4.94344 18.4492 -0.41
      vertex -5.32001 18.3349 -0.41
    endloop
  endfacet
  facet normal -0.226978 0.9739 0
    outer loop
      vertex -4.67999 18.5106 -0.41
      vertex -4.94344 18.4492 -0.309999
      vertex -4.67999 18.5106 -0.309999
    endloop
  endfacet
  facet normal -0.226978 0.9739 0
    outer loop
      vertex -4.94344 18.4492 -0.309999
      vertex -4.67999 18.5106 -0.41
      vertex -4.94344 18.4492 -0.41
    endloop
  endfacet
  facet normal 1 -0 0
    outer loop
      vertex -4.67999 -18.5106 -0.309999
      vertex -4.67999 18.5106 -0.41
      vertex -4.67999 18.5106 -0.309999
    endloop
  endfacet
  facet normal 1 0 0
    outer loop
      vertex -4.67999 18.5106 -0.41
      vertex -4.67999 -18.5106 -0.309999
      vertex -4.67999 -18.5106 -0.41
    endloop
  endfacet
  facet normal 0.290445 0.956892 -0
    outer loop
      vertex 5.32001 18.3349 -0.41
      vertex 4.94344 18.4492 -0.309999
      vertex 5.32001 18.3349 -0.309999
    endloop
  endfacet
  facet normal 0.290445 0.956892 0
    outer loop
      vertex 4.94344 18.4492 -0.309999
      vertex 5.32001 18.3349 -0.41
      vertex 4.94344 18.4492 -0.41
    endloop
  endfacet
  facet normal 1 -0 0
    outer loop
      vertex 5.32001 -18.3349 -0.309999
      vertex 5.32001 18.3349 -0.41
      vertex 5.32001 18.3349 -0.309999
    endloop
  endfacet
  facet normal 1 0 0
    outer loop
      vertex 5.32001 18.3349 -0.41
      vertex 5.32001 -18.3349 -0.309999
      vertex 5.32001 -18.3349 -0.41
    endloop
  endfacet
  facet normal 0.290445 -0.956892 0
    outer loop
      vertex 4.94344 -18.4492 -0.41
      vertex 5.32001 -18.3349 -0.309999
      vertex 4.94344 -18.4492 -0.309999
    endloop
  endfacet
  facet normal 0.290445 -0.956892 0
    outer loop
      vertex 5.32001 -18.3349 -0.309999
      vertex 4.94344 -18.4492 -0.41
      vertex 5.32001 -18.3349 -0.41
    endloop
  endfacet
  facet normal 0.226978 -0.9739 0
    outer loop
      vertex 4.67999 -18.5106 -0.41
      vertex 4.94344 -18.4492 -0.309999
      vertex 4.67999 -18.5106 -0.309999
    endloop
  endfacet
  facet normal 0.226978 -0.9739 0
    outer loop
      vertex 4.94344 -18.4492 -0.309999
      vertex 4.67999 -18.5106 -0.41
      vertex 4.94344 -18.4492 -0.41
    endloop
  endfacet
  facet normal -1 0 0
    outer loop
      vertex 4.67999 -18.5106 -0.41
      vertex 4.67999 18.5106 -0.309999
      vertex 4.67999 18.5106 -0.41
    endloop
  endfacet
  facet normal -1 -0 0
    outer loop
      vertex 4.67999 18.5106 -0.309999
      vertex 4.67999 -18.5106 -0.41
      vertex 4.67999 -18.5106 -0.309999
    endloop
  endfacet
  facet normal 0.226978 0.9739 -0
    outer loop
      vertex 4.94344 18.4492 -0.41
      vertex 4.67999 18.5106 -0.309999
      vertex 4.94344 18.4492 -0.309999
    endloop
  endfacet
  facet normal 0.226978 0.9739 0
    outer loop
      vertex 4.67999 18.5106 -0.309999
      vertex 4.94344 18.4492 -0.41
      vertex 4.67999 18.5106 -0.41
    endloop
  endfacet
  facet normal -0.351933 -0.936025 0
    outer loop
      vertex -7.30925 -17.6461 -0.41
      vertex -7.17999 -17.6947 -0.309999
      vertex -7.30925 -17.6461 -0.309999
    endloop
  endfacet
  facet normal -0.351933 -0.936025 -0
    outer loop
      vertex -7.17999 -17.6947 -0.309999
      vertex -7.30925 -17.6461 -0.41
      vertex -7.17999 -17.6947 -0.41
    endloop
  endfacet
  facet normal -0.412674 -0.910879 0
    outer loop
      vertex -7.82001 -17.4147 -0.41
      vertex -7.30925 -17.6461 -0.309999
      vertex -7.82001 -17.4147 -0.309999
    endloop
  endfacet
  facet normal -0.412674 -0.910879 -0
    outer loop
      vertex -7.30925 -17.6461 -0.309999
      vertex -7.82001 -17.4147 -0.41
      vertex -7.30925 -17.6461 -0.41
    endloop
  endfacet
  facet normal -1 0 0
    outer loop
      vertex -7.82001 -17.4147 -0.41
      vertex -7.82001 17.4147 -0.309999
      vertex -7.82001 17.4147 -0.41
    endloop
  endfacet
  facet normal -1 -0 0
    outer loop
      vertex -7.82001 17.4147 -0.309999
      vertex -7.82001 -17.4147 -0.41
      vertex -7.82001 -17.4147 -0.309999
    endloop
  endfacet
  facet normal -0.412674 0.910879 0
    outer loop
      vertex -7.30925 17.6461 -0.41
      vertex -7.82001 17.4147 -0.309999
      vertex -7.30925 17.6461 -0.309999
    endloop
  endfacet
  facet normal -0.412674 0.910879 0
    outer loop
      vertex -7.82001 17.4147 -0.309999
      vertex -7.30925 17.6461 -0.41
      vertex -7.82001 17.4147 -0.41
    endloop
  endfacet
  facet normal -0.351933 0.936025 0
    outer loop
      vertex -7.17999 17.6947 -0.41
      vertex -7.30925 17.6461 -0.309999
      vertex -7.17999 17.6947 -0.309999
    endloop
  endfacet
  facet normal -0.351933 0.936025 0
    outer loop
      vertex -7.30925 17.6461 -0.309999
      vertex -7.17999 17.6947 -0.41
      vertex -7.30925 17.6461 -0.41
    endloop
  endfacet
  facet normal 1 -0 0
    outer loop
      vertex -7.17999 -17.6947 -0.309999
      vertex -7.17999 17.6947 -0.41
      vertex -7.17999 17.6947 -0.309999
    endloop
  endfacet
  facet normal 1 0 0
    outer loop
      vertex -7.17999 17.6947 -0.41
      vertex -7.17999 -17.6947 -0.309999
      vertex -7.17999 -17.6947 -0.41
    endloop
  endfacet
  facet normal 0.412674 0.910879 -0
    outer loop
      vertex 7.82001 17.4147 -0.41
      vertex 7.30925 17.6461 -0.309999
      vertex 7.82001 17.4147 -0.309999
    endloop
  endfacet
  facet normal 0.412674 0.910879 0
    outer loop
      vertex 7.30925 17.6461 -0.309999
      vertex 7.82001 17.4147 -0.41
      vertex 7.30925 17.6461 -0.41
    endloop
  endfacet
  facet normal 1 -0 0
    outer loop
      vertex 7.82001 -17.4147 -0.309999
      vertex 7.82001 17.4147 -0.41
      vertex 7.82001 17.4147 -0.309999
    endloop
  endfacet
  facet normal 1 0 0
    outer loop
      vertex 7.82001 17.4147 -0.41
      vertex 7.82001 -17.4147 -0.309999
      vertex 7.82001 -17.4147 -0.41
    endloop
  endfacet
  facet normal 0.412674 -0.910879 0
    outer loop
      vertex 7.30925 -17.6461 -0.41
      vertex 7.82001 -17.4147 -0.309999
      vertex 7.30925 -17.6461 -0.309999
    endloop
  endfacet
  facet normal 0.412674 -0.910879 0
    outer loop
      vertex 7.82001 -17.4147 -0.309999
      vertex 7.30925 -17.6461 -0.41
      vertex 7.82001 -17.4147 -0.41
    endloop
  endfacet
  facet normal 0.351933 -0.936025 0
    outer loop
      vertex 7.17999 -17.6947 -0.41
      vertex 7.30925 -17.6461 -0.309999
      vertex 7.17999 -17.6947 -0.309999
    endloop
  endfacet
  facet normal 0.351933 -0.936025 0
    outer loop
      vertex 7.30925 -17.6461 -0.309999
      vertex 7.17999 -17.6947 -0.41
      vertex 7.30925 -17.6461 -0.41
    endloop
  endfacet
  facet normal -1 0 0
    outer loop
      vertex 7.17999 -17.6947 -0.41
      vertex 7.17999 17.6947 -0.309999
      vertex 7.17999 17.6947 -0.41
    endloop
  endfacet
  facet normal -1 -0 0
    outer loop
      vertex 7.17999 17.6947 -0.309999
      vertex 7.17999 -17.6947 -0.41
      vertex 7.17999 -17.6947 -0.309999
    endloop
  endfacet
  facet normal 0.351933 0.936025 -0
    outer loop
      vertex 7.30925 17.6461 -0.41
      vertex 7.17999 17.6947 -0.309999
      vertex 7.30925 17.6461 -0.309999
    endloop
  endfacet
  facet normal 0.351933 0.936025 0
    outer loop
      vertex 7.17999 17.6947 -0.309999
      vertex 7.30925 17.6461 -0.41
      vertex 7.17999 17.6947 -0.41
    endloop
  endfacet
  facet normal -0.527988 -0.849252 0
    outer loop
      vertex -10.32 -16.0623 -0.41
      vertex -9.67999 -16.4602 -0.309999
      vertex -10.32 -16.0623 -0.309999
    endloop
  endfacet
  facet normal -0.527988 -0.849252 -0
    outer loop
      vertex -9.67999 -16.4602 -0.309999
      vertex -10.32 -16.0623 -0.41
      vertex -9.67999 -16.4602 -0.41
    endloop
  endfacet
  facet normal -1 0 0
    outer loop
      vertex -10.32 -16.0623 -0.41
      vertex -10.32 16.0623 -0.309999
      vertex -10.32 16.0623 -0.41
    endloop
  endfacet
  facet normal -1 -0 0
    outer loop
      vertex -10.32 16.0623 -0.309999
      vertex -10.32 -16.0623 -0.41
      vertex -10.32 -16.0623 -0.309999
    endloop
  endfacet
  facet normal -0.527988 0.849252 0
    outer loop
      vertex -9.67999 16.4602 -0.41
      vertex -10.32 16.0623 -0.309999
      vertex -9.67999 16.4602 -0.309999
    endloop
  endfacet
  facet normal -0.527988 0.849252 0
    outer loop
      vertex -10.32 16.0623 -0.309999
      vertex -9.67999 16.4602 -0.41
      vertex -10.32 16.0623 -0.41
    endloop
  endfacet
  facet normal 1 -0 0
    outer loop
      vertex -9.67999 -16.4602 -0.309999
      vertex -9.67999 16.4602 -0.41
      vertex -9.67999 16.4602 -0.309999
    endloop
  endfacet
  facet normal 1 0 0
    outer loop
      vertex -9.67999 16.4602 -0.41
      vertex -9.67999 -16.4602 -0.309999
      vertex -9.67999 -16.4602 -0.41
    endloop
  endfacet
  facet normal 1 -0 0
    outer loop
      vertex 10.32 -16.0623 -0.309999
      vertex 10.32 16.0623 -0.41
      vertex 10.32 16.0623 -0.309999
    endloop
  endfacet
  facet normal 1 0 0
    outer loop
      vertex 10.32 16.0623 -0.41
      vertex 10.32 -16.0623 -0.309999
      vertex 10.32 -16.0623 -0.41
    endloop
  endfacet
  facet normal 0.527988 -0.849252 0
    outer loop
      vertex 9.67999 -16.4602 -0.41
      vertex 10.32 -16.0623 -0.309999
      vertex 9.67999 -16.4602 -0.309999
    endloop
  endfacet
  facet normal 0.527988 -0.849252 0
    outer loop
      vertex 10.32 -16.0623 -0.309999
      vertex 9.67999 -16.4602 -0.41
      vertex 10.32 -16.0623 -0.41
    endloop
  endfacet
  facet normal -1 0 0
    outer loop
      vertex 9.67999 -16.4602 -0.41
      vertex 9.67999 16.4602 -0.309999
      vertex 9.67999 16.4602 -0.41
    endloop
  endfacet
  facet normal -1 -0 0
    outer loop
      vertex 9.67999 16.4602 -0.309999
      vertex 9.67999 -16.4602 -0.41
      vertex 9.67999 -16.4602 -0.309999
    endloop
  endfacet
  facet normal 0.527988 0.849252 -0
    outer loop
      vertex 10.32 16.0623 -0.41
      vertex 9.67999 16.4602 -0.309999
      vertex 10.32 16.0623 -0.309999
    endloop
  endfacet
  facet normal 0.527988 0.849252 0
    outer loop
      vertex 9.67999 16.4602 -0.309999
      vertex 10.32 16.0623 -0.41
      vertex 9.67999 16.4602 -0.41
    endloop
  endfacet
  facet normal -0.634448 -0.772965 0
    outer loop
      vertex -12.5935 -14.3601 -0.41
      vertex -12.18 -14.6995 -0.309999
      vertex -12.5935 -14.3601 -0.309999
    endloop
  endfacet
  facet normal -0.634448 -0.772965 -0
    outer loop
      vertex -12.18 -14.6995 -0.309999
      vertex -12.5935 -14.3601 -0.41
      vertex -12.18 -14.6995 -0.41
    endloop
  endfacet
  facet normal -0.683523 -0.729929 0
    outer loop
      vertex -12.82 -14.148 -0.41
      vertex -12.5935 -14.3601 -0.309999
      vertex -12.82 -14.148 -0.309999
    endloop
  endfacet
  facet normal -0.683523 -0.729929 -0
    outer loop
      vertex -12.5935 -14.3601 -0.309999
      vertex -12.82 -14.148 -0.41
      vertex -12.5935 -14.3601 -0.41
    endloop
  endfacet
  facet normal -1 0 0
    outer loop
      vertex -12.82 -14.148 -0.41
      vertex -12.82 14.148 -0.309999
      vertex -12.82 14.148 -0.41
    endloop
  endfacet
  facet normal -1 -0 0
    outer loop
      vertex -12.82 14.148 -0.309999
      vertex -12.82 -14.148 -0.41
      vertex -12.82 -14.148 -0.309999
    endloop
  endfacet
  facet normal -0.683523 0.729929 0
    outer loop
      vertex -12.5935 14.3601 -0.41
      vertex -12.82 14.148 -0.309999
      vertex -12.5935 14.3601 -0.309999
    endloop
  endfacet
  facet normal -0.683523 0.729929 0
    outer loop
      vertex -12.82 14.148 -0.309999
      vertex -12.5935 14.3601 -0.41
      vertex -12.82 14.148 -0.41
    endloop
  endfacet
  facet normal -0.634448 0.772965 0
    outer loop
      vertex -12.18 14.6995 -0.41
      vertex -12.5935 14.3601 -0.309999
      vertex -12.18 14.6995 -0.309999
    endloop
  endfacet
  facet normal -0.634448 0.772965 0
    outer loop
      vertex -12.5935 14.3601 -0.309999
      vertex -12.18 14.6995 -0.41
      vertex -12.5935 14.3601 -0.41
    endloop
  endfacet
  facet normal 1 -0 0
    outer loop
      vertex -12.18 -14.6995 -0.309999
      vertex -12.18 14.6995 -0.41
      vertex -12.18 14.6995 -0.309999
    endloop
  endfacet
  facet normal 1 0 0
    outer loop
      vertex -12.18 14.6995 -0.41
      vertex -12.18 -14.6995 -0.309999
      vertex -12.18 -14.6995 -0.41
    endloop
  endfacet
  facet normal 0.683523 0.729929 -0
    outer loop
      vertex 12.82 14.148 -0.41
      vertex 12.5935 14.3601 -0.309999
      vertex 12.82 14.148 -0.309999
    endloop
  endfacet
  facet normal 0.683523 0.729929 0
    outer loop
      vertex 12.5935 14.3601 -0.309999
      vertex 12.82 14.148 -0.41
      vertex 12.5935 14.3601 -0.41
    endloop
  endfacet
  facet normal 1 -0 0
    outer loop
      vertex 12.82 -14.148 -0.309999
      vertex 12.82 14.148 -0.41
      vertex 12.82 14.148 -0.309999
    endloop
  endfacet
  facet normal 1 0 0
    outer loop
      vertex 12.82 14.148 -0.41
      vertex 12.82 -14.148 -0.309999
      vertex 12.82 -14.148 -0.41
    endloop
  endfacet
  facet normal 0.683523 -0.729929 0
    outer loop
      vertex 12.5935 -14.3601 -0.41
      vertex 12.82 -14.148 -0.309999
      vertex 12.5935 -14.3601 -0.309999
    endloop
  endfacet
  facet normal 0.683523 -0.729929 0
    outer loop
      vertex 12.82 -14.148 -0.309999
      vertex 12.5935 -14.3601 -0.41
      vertex 12.82 -14.148 -0.41
    endloop
  endfacet
  facet normal 0.634448 -0.772965 0
    outer loop
      vertex 12.18 -14.6995 -0.41
      vertex 12.5935 -14.3601 -0.309999
      vertex 12.18 -14.6995 -0.309999
    endloop
  endfacet
  facet normal 0.634448 -0.772965 0
    outer loop
      vertex 12.5935 -14.3601 -0.309999
      vertex 12.18 -14.6995 -0.41
      vertex 12.5935 -14.3601 -0.41
    endloop
  endfacet
  facet normal -1 0 0
    outer loop
      vertex 12.18 -14.6995 -0.41
      vertex 12.18 14.6995 -0.309999
      vertex 12.18 14.6995 -0.41
    endloop
  endfacet
  facet normal -1 -0 0
    outer loop
      vertex 12.18 14.6995 -0.309999
      vertex 12.18 -14.6995 -0.41
      vertex 12.18 -14.6995 -0.309999
    endloop
  endfacet
  facet normal 0.634448 0.772965 -0
    outer loop
      vertex 12.5935 14.3601 -0.41
      vertex 12.18 14.6995 -0.309999
      vertex 12.5935 14.3601 -0.309999
    endloop
  endfacet
  facet normal 0.634448 0.772965 0
    outer loop
      vertex 12.18 14.6995 -0.309999
      vertex 12.5935 14.3601 -0.41
      vertex 12.18 14.6995 -0.41
    endloop
  endfacet
  facet normal -0.77309 -0.634296 0
    outer loop
      vertex -14.68 -12.2038 -0.41
      vertex -15.153 -11.6273 -0.309999
      vertex -15.153 -11.6273 -0.41
    endloop
  endfacet
  facet normal -0.77309 -0.634296 0
    outer loop
      vertex -15.153 -11.6273 -0.309999
      vertex -14.68 -12.2038 -0.41
      vertex -14.68 -12.2038 -0.309999
    endloop
  endfacet
  facet normal -0.81279 -0.582557 0
    outer loop
      vertex -15.153 -11.6273 -0.41
      vertex -15.32 -11.3943 -0.309999
      vertex -15.32 -11.3943 -0.41
    endloop
  endfacet
  facet normal -0.81279 -0.582557 0
    outer loop
      vertex -15.32 -11.3943 -0.309999
      vertex -15.153 -11.6273 -0.41
      vertex -15.153 -11.6273 -0.309999
    endloop
  endfacet
  facet normal -1 0 0
    outer loop
      vertex -15.32 -11.3943 -0.41
      vertex -15.32 11.3943 -0.309999
      vertex -15.32 11.3943 -0.41
    endloop
  endfacet
  facet normal -1 -0 0
    outer loop
      vertex -15.32 11.3943 -0.309999
      vertex -15.32 -11.3943 -0.41
      vertex -15.32 -11.3943 -0.309999
    endloop
  endfacet
  facet normal -0.81279 0.582557 0
    outer loop
      vertex -15.32 11.3943 -0.41
      vertex -15.153 11.6273 -0.309999
      vertex -15.153 11.6273 -0.41
    endloop
  endfacet
  facet normal -0.81279 0.582557 0
    outer loop
      vertex -15.153 11.6273 -0.309999
      vertex -15.32 11.3943 -0.41
      vertex -15.32 11.3943 -0.309999
    endloop
  endfacet
  facet normal -0.77309 0.634296 0
    outer loop
      vertex -15.153 11.6273 -0.41
      vertex -14.68 12.2038 -0.309999
      vertex -14.68 12.2038 -0.41
    endloop
  endfacet
  facet normal -0.77309 0.634296 0
    outer loop
      vertex -14.68 12.2038 -0.309999
      vertex -15.153 11.6273 -0.41
      vertex -15.153 11.6273 -0.309999
    endloop
  endfacet
  facet normal 1 -0 0
    outer loop
      vertex -14.68 -12.2038 -0.309999
      vertex -14.68 12.2038 -0.41
      vertex -14.68 12.2038 -0.309999
    endloop
  endfacet
  facet normal 1 0 0
    outer loop
      vertex -14.68 12.2038 -0.41
      vertex -14.68 -12.2038 -0.309999
      vertex -14.68 -12.2038 -0.41
    endloop
  endfacet
  facet normal 0.81279 0.582557 0
    outer loop
      vertex 15.32 11.3943 -0.309999
      vertex 15.153 11.6273 -0.41
      vertex 15.153 11.6273 -0.309999
    endloop
  endfacet
  facet normal 0.81279 0.582557 0
    outer loop
      vertex 15.153 11.6273 -0.41
      vertex 15.32 11.3943 -0.309999
      vertex 15.32 11.3943 -0.41
    endloop
  endfacet
  facet normal 1 -0 0
    outer loop
      vertex 15.32 -11.3943 -0.309999
      vertex 15.32 11.3943 -0.41
      vertex 15.32 11.3943 -0.309999
    endloop
  endfacet
  facet normal 1 0 0
    outer loop
      vertex 15.32 11.3943 -0.41
      vertex 15.32 -11.3943 -0.309999
      vertex 15.32 -11.3943 -0.41
    endloop
  endfacet
  facet normal 0.81279 -0.582557 0
    outer loop
      vertex 15.153 -11.6273 -0.309999
      vertex 15.32 -11.3943 -0.41
      vertex 15.32 -11.3943 -0.309999
    endloop
  endfacet
  facet normal 0.81279 -0.582557 0
    outer loop
      vertex 15.32 -11.3943 -0.41
      vertex 15.153 -11.6273 -0.309999
      vertex 15.153 -11.6273 -0.41
    endloop
  endfacet
  facet normal 0.77309 -0.634296 0
    outer loop
      vertex 14.68 -12.2038 -0.309999
      vertex 15.153 -11.6273 -0.41
      vertex 15.153 -11.6273 -0.309999
    endloop
  endfacet
  facet normal 0.77309 -0.634296 0
    outer loop
      vertex 15.153 -11.6273 -0.41
      vertex 14.68 -12.2038 -0.309999
      vertex 14.68 -12.2038 -0.41
    endloop
  endfacet
  facet normal -1 0 0
    outer loop
      vertex 14.68 -12.2038 -0.41
      vertex 14.68 12.2038 -0.309999
      vertex 14.68 12.2038 -0.41
    endloop
  endfacet
  facet normal -1 -0 0
    outer loop
      vertex 14.68 12.2038 -0.309999
      vertex 14.68 -12.2038 -0.41
      vertex 14.68 -12.2038 -0.309999
    endloop
  endfacet
  facet normal 0.77309 0.634296 0
    outer loop
      vertex 15.153 11.6273 -0.309999
      vertex 14.68 12.2038 -0.41
      vertex 14.68 12.2038 -0.309999
    endloop
  endfacet
  facet normal 0.77309 0.634296 0
    outer loop
      vertex 14.68 12.2038 -0.41
      vertex 15.153 11.6273 -0.309999
      vertex 15.153 11.6273 -0.41
    endloop
  endfacet
  facet normal -0.910863 -0.412709 0
    outer loop
      vertex -17.18 -8.33795 -0.41
      vertex -17.6461 -7.30925 -0.309999
      vertex -17.6461 -7.30925 -0.41
    endloop
  endfacet
  facet normal -0.910863 -0.412709 0
    outer loop
      vertex -17.6461 -7.30925 -0.309999
      vertex -17.18 -8.33795 -0.41
      vertex -17.18 -8.33795 -0.309999
    endloop
  endfacet
  facet normal -0.935916 -0.352224 0
    outer loop
      vertex -17.6461 -7.30925 -0.41
      vertex -17.82 -6.84717 -0.309999
      vertex -17.82 -6.84717 -0.41
    endloop
  endfacet
  facet normal -0.935916 -0.352224 0
    outer loop
      vertex -17.82 -6.84717 -0.309999
      vertex -17.6461 -7.30925 -0.41
      vertex -17.6461 -7.30925 -0.309999
    endloop
  endfacet
  facet normal -1 0 0
    outer loop
      vertex -17.82 -6.84717 -0.41
      vertex -17.82 6.84717 -0.309999
      vertex -17.82 6.84717 -0.41
    endloop
  endfacet
  facet normal -1 -0 0
    outer loop
      vertex -17.82 6.84717 -0.309999
      vertex -17.82 -6.84717 -0.41
      vertex -17.82 -6.84717 -0.309999
    endloop
  endfacet
  facet normal -0.935916 0.352224 0
    outer loop
      vertex -17.82 6.84717 -0.41
      vertex -17.6461 7.30925 -0.309999
      vertex -17.6461 7.30925 -0.41
    endloop
  endfacet
  facet normal -0.935916 0.352224 0
    outer loop
      vertex -17.6461 7.30925 -0.309999
      vertex -17.82 6.84717 -0.41
      vertex -17.82 6.84717 -0.309999
    endloop
  endfacet
  facet normal -0.910863 0.412709 0
    outer loop
      vertex -17.6461 7.30925 -0.41
      vertex -17.18 8.33795 -0.309999
      vertex -17.18 8.33795 -0.41
    endloop
  endfacet
  facet normal -0.910863 0.412709 0
    outer loop
      vertex -17.18 8.33795 -0.309999
      vertex -17.6461 7.30925 -0.41
      vertex -17.6461 7.30925 -0.309999
    endloop
  endfacet
  facet normal 1 -0 0
    outer loop
      vertex -17.18 -8.33795 -0.309999
      vertex -17.18 8.33795 -0.41
      vertex -17.18 8.33795 -0.309999
    endloop
  endfacet
  facet normal 1 0 0
    outer loop
      vertex -17.18 8.33795 -0.41
      vertex -17.18 -8.33795 -0.309999
      vertex -17.18 -8.33795 -0.41
    endloop
  endfacet
  facet normal 0.935916 0.352224 0
    outer loop
      vertex 17.82 6.84717 -0.309999
      vertex 17.6461 7.30925 -0.41
      vertex 17.6461 7.30925 -0.309999
    endloop
  endfacet
  facet normal 0.935916 0.352224 0
    outer loop
      vertex 17.6461 7.30925 -0.41
      vertex 17.82 6.84717 -0.309999
      vertex 17.82 6.84717 -0.41
    endloop
  endfacet
  facet normal 1 -0 0
    outer loop
      vertex 17.82 -6.84717 -0.309999
      vertex 17.82 6.84717 -0.41
      vertex 17.82 6.84717 -0.309999
    endloop
  endfacet
  facet normal 1 0 0
    outer loop
      vertex 17.82 6.84717 -0.41
      vertex 17.82 -6.84717 -0.309999
      vertex 17.82 -6.84717 -0.41
    endloop
  endfacet
  facet normal 0.935916 -0.352224 0
    outer loop
      vertex 17.6461 -7.30925 -0.309999
      vertex 17.82 -6.84717 -0.41
      vertex 17.82 -6.84717 -0.309999
    endloop
  endfacet
  facet normal 0.935916 -0.352224 0
    outer loop
      vertex 17.82 -6.84717 -0.41
      vertex 17.6461 -7.30925 -0.309999
      vertex 17.6461 -7.30925 -0.41
    endloop
  endfacet
  facet normal 0.910863 -0.412709 0
    outer loop
      vertex 17.18 -8.33795 -0.309999
      vertex 17.6461 -7.30925 -0.41
      vertex 17.6461 -7.30925 -0.309999
    endloop
  endfacet
  facet normal 0.910863 -0.412709 0
    outer loop
      vertex 17.6461 -7.30925 -0.41
      vertex 17.18 -8.33795 -0.309999
      vertex 17.18 -8.33795 -0.41
    endloop
  endfacet
  facet normal -1 0 0
    outer loop
      vertex 17.18 -8.33795 -0.41
      vertex 17.18 8.33795 -0.309999
      vertex 17.18 8.33795 -0.41
    endloop
  endfacet
  facet normal -1 -0 0
    outer loop
      vertex 17.18 8.33795 -0.309999
      vertex 17.18 -8.33795 -0.41
      vertex 17.18 -8.33795 -0.309999
    endloop
  endfacet
  facet normal 0.910863 0.412709 0
    outer loop
      vertex 17.6461 7.30925 -0.309999
      vertex 17.18 8.33795 -0.41
      vertex 17.18 8.33795 -0.309999
    endloop
  endfacet
  facet normal 0.910863 0.412709 0
    outer loop
      vertex 17.18 8.33795 -0.41
      vertex 17.6461 7.30925 -0.309999
      vertex 17.6461 7.30925 -0.41
    endloop
  endfacet
  facet normal 0 0 -1
    outer loop
      vertex -0.259995 -18.9915 -0.509999
      vertex 0.259995 -18.9915 -0.509999
      vertex 0 -19 -0.509999
    endloop
  endfacet
  facet normal 0 0 -1
    outer loop
      vertex 0.259995 -18.9915 -0.509999
      vertex -0.259995 -18.9915 -0.509999
      vertex 0.259995 18.9915 -0.509999
    endloop
  endfacet
  facet normal 0 0 -1
    outer loop
      vertex -0.259995 18.9915 -0.509999
      vertex 0.259995 18.9915 -0.509999
      vertex -0.259995 -18.9915 -0.509999
    endloop
  endfacet
  facet normal 0 0 -1
    outer loop
      vertex 0.259995 18.9915 -0.509999
      vertex -0.259995 18.9915 -0.509999
      vertex 0 19 -0.509999
    endloop
  endfacet
  facet normal 0 0 -1
    outer loop
      vertex -2.75999 -18.7912 -0.509999
      vertex -2.24001 -18.8611 -0.509999
      vertex -2.48 -18.8374 -0.509999
    endloop
  endfacet
  facet normal 0 0 -1
    outer loop
      vertex -2.24001 -18.8611 -0.509999
      vertex -2.75999 -18.7912 -0.509999
      vertex -2.24001 18.8611 -0.509999
    endloop
  endfacet
  facet normal 0 0 -1
    outer loop
      vertex -2.75999 18.7912 -0.509999
      vertex -2.24001 18.8611 -0.509999
      vertex -2.75999 -18.7912 -0.509999
    endloop
  endfacet
  facet normal 0 0 -1
    outer loop
      vertex -2.24001 18.8611 -0.509999
      vertex -2.75999 18.7912 -0.509999
      vertex -2.48 18.8374 -0.509999
    endloop
  endfacet
  facet normal 0 0 -1
    outer loop
      vertex 2.24001 -18.8611 -0.509999
      vertex 2.75999 -18.7912 -0.509999
      vertex 2.48 -18.8374 -0.509999
    endloop
  endfacet
  facet normal -0 0 -1
    outer loop
      vertex 2.75999 -18.7912 -0.509999
      vertex 2.24001 -18.8611 -0.509999
      vertex 2.75999 18.7912 -0.509999
    endloop
  endfacet
  facet normal 0 0 -1
    outer loop
      vertex 2.24001 18.8611 -0.509999
      vertex 2.75999 18.7912 -0.509999
      vertex 2.24001 -18.8611 -0.509999
    endloop
  endfacet
  facet normal 0 0 -1
    outer loop
      vertex 2.75999 18.7912 -0.509999
      vertex 2.24001 18.8611 -0.509999
      vertex 2.48 18.8374 -0.509999
    endloop
  endfacet
  facet normal 0 0 -1
    outer loop
      vertex -5.25999 -18.2487 -0.509999
      vertex -4.74001 -18.394 -0.509999
      vertex -4.91756 -18.3526 -0.509999
    endloop
  endfacet
  facet normal 0 0 -1
    outer loop
      vertex -4.74001 -18.394 -0.509999
      vertex -5.25999 -18.2487 -0.509999
      vertex -4.74001 18.394 -0.509999
    endloop
  endfacet
  facet normal 0 0 -1
    outer loop
      vertex -5.25999 18.2487 -0.509999
      vertex -4.74001 18.394 -0.509999
      vertex -5.25999 -18.2487 -0.509999
    endloop
  endfacet
  facet normal 0 0 -1
    outer loop
      vertex -4.74001 18.394 -0.509999
      vertex -5.25999 18.2487 -0.509999
      vertex -4.91756 18.3526 -0.509999
    endloop
  endfacet
  facet normal 0 0 -1
    outer loop
      vertex 4.74001 -18.394 -0.509999
      vertex 5.25999 -18.2487 -0.509999
      vertex 4.91756 -18.3526 -0.509999
    endloop
  endfacet
  facet normal -0 0 -1
    outer loop
      vertex 5.25999 -18.2487 -0.509999
      vertex 4.74001 -18.394 -0.509999
      vertex 5.25999 18.2487 -0.509999
    endloop
  endfacet
  facet normal 0 0 -1
    outer loop
      vertex 4.74001 18.394 -0.509999
      vertex 5.25999 18.2487 -0.509999
      vertex 4.74001 -18.394 -0.509999
    endloop
  endfacet
  facet normal 0 0 -1
    outer loop
      vertex 5.25999 18.2487 -0.509999
      vertex 4.74001 18.394 -0.509999
      vertex 4.91756 18.3526 -0.509999
    endloop
  endfacet
  facet normal 0 0 -1
    outer loop
      vertex -7.75999 -17.3321 -0.509999
      vertex -7.24001 -17.5654 -0.509999
      vertex -7.27098 -17.5537 -0.509999
    endloop
  endfacet
  facet normal 0 0 -1
    outer loop
      vertex -7.24001 -17.5654 -0.509999
      vertex -7.75999 -17.3321 -0.509999
      vertex -7.24001 17.5654 -0.509999
    endloop
  endfacet
  facet normal 0 0 -1
    outer loop
      vertex -7.75999 17.3321 -0.509999
      vertex -7.24001 17.5654 -0.509999
      vertex -7.75999 -17.3321 -0.509999
    endloop
  endfacet
  facet normal 0 0 -1
    outer loop
      vertex -7.24001 17.5654 -0.509999
      vertex -7.75999 17.3321 -0.509999
      vertex -7.27098 17.5537 -0.509999
    endloop
  endfacet
  facet normal 0 0 -1
    outer loop
      vertex 7.24001 -17.5654 -0.509999
      vertex 7.75999 -17.3321 -0.509999
      vertex 7.27098 -17.5537 -0.509999
    endloop
  endfacet
  facet normal -0 0 -1
    outer loop
      vertex 7.75999 -17.3321 -0.509999
      vertex 7.24001 -17.5654 -0.509999
      vertex 7.75999 17.3321 -0.509999
    endloop
  endfacet
  facet normal 0 0 -1
    outer loop
      vertex 7.24001 17.5654 -0.509999
      vertex 7.75999 17.3321 -0.509999
      vertex 7.24001 -17.5654 -0.509999
    endloop
  endfacet
  facet normal 0 0 -1
    outer loop
      vertex 7.75999 17.3321 -0.509999
      vertex 7.24001 17.5654 -0.509999
      vertex 7.27098 17.5537 -0.509999
    endloop
  endfacet
  facet normal 0 0 -1
    outer loop
      vertex -10.26 -15.9819 -0.509999
      vertex -9.74001 16.3052 -0.509999
      vertex -9.74001 -16.3052 -0.509999
    endloop
  endfacet
  facet normal 0 0 -1
    outer loop
      vertex -9.74001 16.3052 -0.509999
      vertex -10.26 -15.9819 -0.509999
      vertex -10.26 15.9819 -0.509999
    endloop
  endfacet
  facet normal 0 0 -1
    outer loop
      vertex 9.74001 -16.3052 -0.509999
      vertex 10.26 15.9819 -0.509999
      vertex 10.26 -15.9819 -0.509999
    endloop
  endfacet
  facet normal -0 0 -1
    outer loop
      vertex 10.26 15.9819 -0.509999
      vertex 9.74001 -16.3052 -0.509999
      vertex 9.74001 16.3052 -0.509999
    endloop
  endfacet
  facet normal 0 0 -1
    outer loop
      vertex -12.76 -14.0672 -0.509999
      vertex -12.24 -14.5209 -0.509999
      vertex -12.5276 -14.2849 -0.509999
    endloop
  endfacet
  facet normal 0 0 -1
    outer loop
      vertex -12.24 -14.5209 -0.509999
      vertex -12.76 -14.0672 -0.509999
      vertex -12.24 14.5209 -0.509999
    endloop
  endfacet
  facet normal 0 0 -1
    outer loop
      vertex -12.76 14.0672 -0.509999
      vertex -12.24 14.5209 -0.509999
      vertex -12.76 -14.0672 -0.509999
    endloop
  endfacet
  facet normal 0 0 -1
    outer loop
      vertex -12.24 14.5209 -0.509999
      vertex -12.76 14.0672 -0.509999
      vertex -12.5276 14.2849 -0.509999
    endloop
  endfacet
  facet normal 0 0 -1
    outer loop
      vertex 12.24 -14.5209 -0.509999
      vertex 12.76 -14.0672 -0.509999
      vertex 12.5276 -14.2849 -0.509999
    endloop
  endfacet
  facet normal -0 0 -1
    outer loop
      vertex 12.76 -14.0672 -0.509999
      vertex 12.24 -14.5209 -0.509999
      vertex 12.76 14.0672 -0.509999
    endloop
  endfacet
  facet normal 0 0 -1
    outer loop
      vertex 12.24 14.5209 -0.509999
      vertex 12.76 14.0672 -0.509999
      vertex 12.24 -14.5209 -0.509999
    endloop
  endfacet
  facet normal 0 0 -1
    outer loop
      vertex 12.76 14.0672 -0.509999
      vertex 12.24 14.5209 -0.509999
      vertex 12.5276 14.2849 -0.509999
    endloop
  endfacet
  facet normal 0 0 -1
    outer loop
      vertex -15.26 -11.3065 -0.509999
      vertex -14.74 -11.9731 -0.509999
      vertex -15.0737 -11.5665 -0.509999
    endloop
  endfacet
  facet normal 0 0 -1
    outer loop
      vertex -14.74 -11.9731 -0.509999
      vertex -15.26 -11.3065 -0.509999
      vertex -14.74 11.9731 -0.509999
    endloop
  endfacet
  facet normal 0 0 -1
    outer loop
      vertex -15.26 11.3065 -0.509999
      vertex -14.74 11.9731 -0.509999
      vertex -15.26 -11.3065 -0.509999
    endloop
  endfacet
  facet normal 0 0 -1
    outer loop
      vertex -14.74 11.9731 -0.509999
      vertex -15.26 11.3065 -0.509999
      vertex -15.0737 11.5665 -0.509999
    endloop
  endfacet
  facet normal 0 0 -1
    outer loop
      vertex 14.74 -11.9731 -0.509999
      vertex 15.26 -11.3065 -0.509999
      vertex 15.0737 -11.5665 -0.509999
    endloop
  endfacet
  facet normal -0 0 -1
    outer loop
      vertex 15.26 -11.3065 -0.509999
      vertex 14.74 -11.9731 -0.509999
      vertex 15.26 11.3065 -0.509999
    endloop
  endfacet
  facet normal 0 0 -1
    outer loop
      vertex 14.74 11.9731 -0.509999
      vertex 15.26 11.3065 -0.509999
      vertex 14.74 -11.9731 -0.509999
    endloop
  endfacet
  facet normal 0 0 -1
    outer loop
      vertex 15.26 11.3065 -0.509999
      vertex 14.74 11.9731 -0.509999
      vertex 15.0737 11.5665 -0.509999
    endloop
  endfacet
  facet normal 0 0 -1
    outer loop
      vertex -17.76 -6.7229 -0.509999
      vertex -17.24 -7.96333 -0.509999
      vertex -17.5537 -7.27098 -0.509999
    endloop
  endfacet
  facet normal 0 0 -1
    outer loop
      vertex -17.24 -7.96333 -0.509999
      vertex -17.76 -6.7229 -0.509999
      vertex -17.24 7.96333 -0.509999
    endloop
  endfacet
  facet normal 0 0 -1
    outer loop
      vertex -17.76 6.7229 -0.509999
      vertex -17.24 7.96333 -0.509999
      vertex -17.76 -6.7229 -0.509999
    endloop
  endfacet
  facet normal 0 0 -1
    outer loop
      vertex -17.24 7.96333 -0.509999
      vertex -17.76 6.7229 -0.509999
      vertex -17.5537 7.27098 -0.509999
    endloop
  endfacet
  facet normal 0 0 -1
    outer loop
      vertex 17.24 -7.96333 -0.509999
      vertex 17.76 -6.7229 -0.509999
      vertex 17.5537 -7.27098 -0.509999
    endloop
  endfacet
  facet normal -0 0 -1
    outer loop
      vertex 17.76 -6.7229 -0.509999
      vertex 17.24 -7.96333 -0.509999
      vertex 17.76 6.7229 -0.509999
    endloop
  endfacet
  facet normal 0 0 -1
    outer loop
      vertex 17.24 7.96333 -0.509999
      vertex 17.76 6.7229 -0.509999
      vertex 17.24 -7.96333 -0.509999
    endloop
  endfacet
  facet normal 0 0 -1
    outer loop
      vertex 17.76 6.7229 -0.509999
      vertex 17.24 7.96333 -0.509999
      vertex 17.5537 7.27098 -0.509999
    endloop
  endfacet
  facet normal 1 -0 0
    outer loop
      vertex 0.259995 -18.9915 -0.41
      vertex 0.259995 18.9915 -0.509999
      vertex 0.259995 18.9915 -0.41
    endloop
  endfacet
  facet normal 1 0 0
    outer loop
      vertex 0.259995 18.9915 -0.509999
      vertex 0.259995 -18.9915 -0.41
      vertex 0.259995 -18.9915 -0.509999
    endloop
  endfacet
  facet normal 0.0326755 -0.999466 0
    outer loop
      vertex 0 -19 -0.509999
      vertex 0.259995 -18.9915 -0.41
      vertex 0 -19 -0.41
    endloop
  endfacet
  facet normal 0.0326755 -0.999466 0
    outer loop
      vertex 0.259995 -18.9915 -0.41
      vertex 0 -19 -0.509999
      vertex 0.259995 -18.9915 -0.509999
    endloop
  endfacet
  facet normal -0.0326755 -0.999466 0
    outer loop
      vertex -0.259995 -18.9915 -0.509999
      vertex 0 -19 -0.41
      vertex -0.259995 -18.9915 -0.41
    endloop
  endfacet
  facet normal -0.0326755 -0.999466 -0
    outer loop
      vertex 0 -19 -0.41
      vertex -0.259995 -18.9915 -0.509999
      vertex 0 -19 -0.509999
    endloop
  endfacet
  facet normal -1 0 0
    outer loop
      vertex -0.259995 -18.9915 -0.509999
      vertex -0.259995 18.9915 -0.41
      vertex -0.259995 18.9915 -0.509999
    endloop
  endfacet
  facet normal -1 -0 0
    outer loop
      vertex -0.259995 18.9915 -0.41
      vertex -0.259995 -18.9915 -0.509999
      vertex -0.259995 -18.9915 -0.41
    endloop
  endfacet
  facet normal -0.0326755 0.999466 0
    outer loop
      vertex 0 19 -0.509999
      vertex -0.259995 18.9915 -0.41
      vertex 0 19 -0.41
    endloop
  endfacet
  facet normal -0.0326755 0.999466 0
    outer loop
      vertex -0.259995 18.9915 -0.41
      vertex 0 19 -0.509999
      vertex -0.259995 18.9915 -0.509999
    endloop
  endfacet
  facet normal 0.0326755 0.999466 -0
    outer loop
      vertex 0.259995 18.9915 -0.509999
      vertex 0 19 -0.41
      vertex 0.259995 18.9915 -0.41
    endloop
  endfacet
  facet normal 0.0326755 0.999466 0
    outer loop
      vertex 0 19 -0.41
      vertex 0.259995 18.9915 -0.509999
      vertex 0 19 -0.509999
    endloop
  endfacet
  facet normal -0.0982761 -0.995159 0
    outer loop
      vertex -2.48 -18.8374 -0.509999
      vertex -2.24001 -18.8611 -0.41
      vertex -2.48 -18.8374 -0.41
    endloop
  endfacet
  facet normal -0.0982761 -0.995159 -0
    outer loop
      vertex -2.24001 -18.8611 -0.41
      vertex -2.48 -18.8374 -0.509999
      vertex -2.24001 -18.8611 -0.509999
    endloop
  endfacet
  facet normal -0.162804 -0.986658 0
    outer loop
      vertex -2.75999 -18.7912 -0.509999
      vertex -2.48 -18.8374 -0.41
      vertex -2.75999 -18.7912 -0.41
    endloop
  endfacet
  facet normal -0.162804 -0.986658 -0
    outer loop
      vertex -2.48 -18.8374 -0.41
      vertex -2.75999 -18.7912 -0.509999
      vertex -2.48 -18.8374 -0.509999
    endloop
  endfacet
  facet normal -1 0 0
    outer loop
      vertex -2.75999 -18.7912 -0.509999
      vertex -2.75999 18.7912 -0.41
      vertex -2.75999 18.7912 -0.509999
    endloop
  endfacet
  facet normal -1 -0 0
    outer loop
      vertex -2.75999 18.7912 -0.41
      vertex -2.75999 -18.7912 -0.509999
      vertex -2.75999 -18.7912 -0.41
    endloop
  endfacet
  facet normal -0.162804 0.986658 0
    outer loop
      vertex -2.48 18.8374 -0.509999
      vertex -2.75999 18.7912 -0.41
      vertex -2.48 18.8374 -0.41
    endloop
  endfacet
  facet normal -0.162804 0.986658 0
    outer loop
      vertex -2.75999 18.7912 -0.41
      vertex -2.48 18.8374 -0.509999
      vertex -2.75999 18.7912 -0.509999
    endloop
  endfacet
  facet normal -0.0982761 0.995159 0
    outer loop
      vertex -2.24001 18.8611 -0.509999
      vertex -2.48 18.8374 -0.41
      vertex -2.24001 18.8611 -0.41
    endloop
  endfacet
  facet normal -0.0982761 0.995159 0
    outer loop
      vertex -2.48 18.8374 -0.41
      vertex -2.24001 18.8611 -0.509999
      vertex -2.48 18.8374 -0.509999
    endloop
  endfacet
  facet normal 1 -0 0
    outer loop
      vertex -2.24001 -18.8611 -0.41
      vertex -2.24001 18.8611 -0.509999
      vertex -2.24001 18.8611 -0.41
    endloop
  endfacet
  facet normal 1 0 0
    outer loop
      vertex -2.24001 18.8611 -0.509999
      vertex -2.24001 -18.8611 -0.41
      vertex -2.24001 -18.8611 -0.509999
    endloop
  endfacet
  facet normal 0.162804 0.986658 -0
    outer loop
      vertex 2.75999 18.7912 -0.509999
      vertex 2.48 18.8374 -0.41
      vertex 2.75999 18.7912 -0.41
    endloop
  endfacet
  facet normal 0.162804 0.986658 0
    outer loop
      vertex 2.48 18.8374 -0.41
      vertex 2.75999 18.7912 -0.509999
      vertex 2.48 18.8374 -0.509999
    endloop
  endfacet
  facet normal 1 -0 0
    outer loop
      vertex 2.75999 -18.7912 -0.41
      vertex 2.75999 18.7912 -0.509999
      vertex 2.75999 18.7912 -0.41
    endloop
  endfacet
  facet normal 1 0 0
    outer loop
      vertex 2.75999 18.7912 -0.509999
      vertex 2.75999 -18.7912 -0.41
      vertex 2.75999 -18.7912 -0.509999
    endloop
  endfacet
  facet normal 0.162804 -0.986658 0
    outer loop
      vertex 2.48 -18.8374 -0.509999
      vertex 2.75999 -18.7912 -0.41
      vertex 2.48 -18.8374 -0.41
    endloop
  endfacet
  facet normal 0.162804 -0.986658 0
    outer loop
      vertex 2.75999 -18.7912 -0.41
      vertex 2.48 -18.8374 -0.509999
      vertex 2.75999 -18.7912 -0.509999
    endloop
  endfacet
  facet normal 0.0982761 -0.995159 0
    outer loop
      vertex 2.24001 -18.8611 -0.509999
      vertex 2.48 -18.8374 -0.41
      vertex 2.24001 -18.8611 -0.41
    endloop
  endfacet
  facet normal 0.0982761 -0.995159 0
    outer loop
      vertex 2.48 -18.8374 -0.41
      vertex 2.24001 -18.8611 -0.509999
      vertex 2.48 -18.8374 -0.509999
    endloop
  endfacet
  facet normal -1 0 0
    outer loop
      vertex 2.24001 -18.8611 -0.509999
      vertex 2.24001 18.8611 -0.41
      vertex 2.24001 18.8611 -0.509999
    endloop
  endfacet
  facet normal -1 -0 0
    outer loop
      vertex 2.24001 18.8611 -0.41
      vertex 2.24001 -18.8611 -0.509999
      vertex 2.24001 -18.8611 -0.41
    endloop
  endfacet
  facet normal 0.0982761 0.995159 -0
    outer loop
      vertex 2.48 18.8374 -0.509999
      vertex 2.24001 18.8611 -0.41
      vertex 2.48 18.8374 -0.41
    endloop
  endfacet
  facet normal 0.0982761 0.995159 0
    outer loop
      vertex 2.24001 18.8611 -0.41
      vertex 2.48 18.8374 -0.509999
      vertex 2.24001 18.8611 -0.509999
    endloop
  endfacet
  facet normal -0.227082 -0.973876 0
    outer loop
      vertex -4.91756 -18.3526 -0.509999
      vertex -4.74001 -18.394 -0.41
      vertex -4.91756 -18.3526 -0.41
    endloop
  endfacet
  facet normal -0.227082 -0.973876 -0
    outer loop
      vertex -4.74001 -18.394 -0.41
      vertex -4.91756 -18.3526 -0.509999
      vertex -4.74001 -18.394 -0.509999
    endloop
  endfacet
  facet normal -0.290349 -0.956921 0
    outer loop
      vertex -5.25999 -18.2487 -0.509999
      vertex -4.91756 -18.3526 -0.41
      vertex -5.25999 -18.2487 -0.41
    endloop
  endfacet
  facet normal -0.290349 -0.956921 -0
    outer loop
      vertex -4.91756 -18.3526 -0.41
      vertex -5.25999 -18.2487 -0.509999
      vertex -4.91756 -18.3526 -0.509999
    endloop
  endfacet
  facet normal -1 0 0
    outer loop
      vertex -5.25999 -18.2487 -0.509999
      vertex -5.25999 18.2487 -0.41
      vertex -5.25999 18.2487 -0.509999
    endloop
  endfacet
  facet normal -1 -0 0
    outer loop
      vertex -5.25999 18.2487 -0.41
      vertex -5.25999 -18.2487 -0.509999
      vertex -5.25999 -18.2487 -0.41
    endloop
  endfacet
  facet normal -0.290349 0.956921 0
    outer loop
      vertex -4.91756 18.3526 -0.509999
      vertex -5.25999 18.2487 -0.41
      vertex -4.91756 18.3526 -0.41
    endloop
  endfacet
  facet normal -0.290349 0.956921 0
    outer loop
      vertex -5.25999 18.2487 -0.41
      vertex -4.91756 18.3526 -0.509999
      vertex -5.25999 18.2487 -0.509999
    endloop
  endfacet
  facet normal -0.227082 0.973876 0
    outer loop
      vertex -4.74001 18.394 -0.509999
      vertex -4.91756 18.3526 -0.41
      vertex -4.74001 18.394 -0.41
    endloop
  endfacet
  facet normal -0.227082 0.973876 0
    outer loop
      vertex -4.91756 18.3526 -0.41
      vertex -4.74001 18.394 -0.509999
      vertex -4.91756 18.3526 -0.509999
    endloop
  endfacet
  facet normal 1 -0 0
    outer loop
      vertex -4.74001 -18.394 -0.41
      vertex -4.74001 18.394 -0.509999
      vertex -4.74001 18.394 -0.41
    endloop
  endfacet
  facet normal 1 0 0
    outer loop
      vertex -4.74001 18.394 -0.509999
      vertex -4.74001 -18.394 -0.41
      vertex -4.74001 -18.394 -0.509999
    endloop
  endfacet
  facet normal 0.290349 0.956921 -0
    outer loop
      vertex 5.25999 18.2487 -0.509999
      vertex 4.91756 18.3526 -0.41
      vertex 5.25999 18.2487 -0.41
    endloop
  endfacet
  facet normal 0.290349 0.956921 0
    outer loop
      vertex 4.91756 18.3526 -0.41
      vertex 5.25999 18.2487 -0.509999
      vertex 4.91756 18.3526 -0.509999
    endloop
  endfacet
  facet normal 1 -0 0
    outer loop
      vertex 5.25999 -18.2487 -0.41
      vertex 5.25999 18.2487 -0.509999
      vertex 5.25999 18.2487 -0.41
    endloop
  endfacet
  facet normal 1 0 0
    outer loop
      vertex 5.25999 18.2487 -0.509999
      vertex 5.25999 -18.2487 -0.41
      vertex 5.25999 -18.2487 -0.509999
    endloop
  endfacet
  facet normal 0.290349 -0.956921 0
    outer loop
      vertex 4.91756 -18.3526 -0.509999
      vertex 5.25999 -18.2487 -0.41
      vertex 4.91756 -18.3526 -0.41
    endloop
  endfacet
  facet normal 0.290349 -0.956921 0
    outer loop
      vertex 5.25999 -18.2487 -0.41
      vertex 4.91756 -18.3526 -0.509999
      vertex 5.25999 -18.2487 -0.509999
    endloop
  endfacet
  facet normal 0.227082 -0.973876 0
    outer loop
      vertex 4.74001 -18.394 -0.509999
      vertex 4.91756 -18.3526 -0.41
      vertex 4.74001 -18.394 -0.41
    endloop
  endfacet
  facet normal 0.227082 -0.973876 0
    outer loop
      vertex 4.91756 -18.3526 -0.41
      vertex 4.74001 -18.394 -0.509999
      vertex 4.91756 -18.3526 -0.509999
    endloop
  endfacet
  facet normal -1 0 0
    outer loop
      vertex 4.74001 -18.394 -0.509999
      vertex 4.74001 18.394 -0.41
      vertex 4.74001 18.394 -0.509999
    endloop
  endfacet
  facet normal -1 -0 0
    outer loop
      vertex 4.74001 18.394 -0.41
      vertex 4.74001 -18.394 -0.509999
      vertex 4.74001 -18.394 -0.41
    endloop
  endfacet
  facet normal 0.227082 0.973876 -0
    outer loop
      vertex 4.91756 18.3526 -0.509999
      vertex 4.74001 18.394 -0.41
      vertex 4.91756 18.3526 -0.41
    endloop
  endfacet
  facet normal 0.227082 0.973876 0
    outer loop
      vertex 4.74001 18.394 -0.41
      vertex 4.91756 18.3526 -0.509999
      vertex 4.74001 18.394 -0.509999
    endloop
  endfacet
  facet normal -0.353406 -0.93547 0
    outer loop
      vertex -7.27098 -17.5537 -0.509999
      vertex -7.24001 -17.5654 -0.41
      vertex -7.27098 -17.5537 -0.41
    endloop
  endfacet
  facet normal -0.353406 -0.93547 -0
    outer loop
      vertex -7.24001 -17.5654 -0.41
      vertex -7.27098 -17.5537 -0.509999
      vertex -7.24001 -17.5654 -0.509999
    endloop
  endfacet
  facet normal -0.412757 -0.910841 0
    outer loop
      vertex -7.75999 -17.3321 -0.509999
      vertex -7.27098 -17.5537 -0.41
      vertex -7.75999 -17.3321 -0.41
    endloop
  endfacet
  facet normal -0.412757 -0.910841 -0
    outer loop
      vertex -7.27098 -17.5537 -0.41
      vertex -7.75999 -17.3321 -0.509999
      vertex -7.27098 -17.5537 -0.509999
    endloop
  endfacet
  facet normal -1 0 0
    outer loop
      vertex -7.75999 -17.3321 -0.509999
      vertex -7.75999 17.3321 -0.41
      vertex -7.75999 17.3321 -0.509999
    endloop
  endfacet
  facet normal -1 -0 0
    outer loop
      vertex -7.75999 17.3321 -0.41
      vertex -7.75999 -17.3321 -0.509999
      vertex -7.75999 -17.3321 -0.41
    endloop
  endfacet
  facet normal -0.412757 0.910841 0
    outer loop
      vertex -7.27098 17.5537 -0.509999
      vertex -7.75999 17.3321 -0.41
      vertex -7.27098 17.5537 -0.41
    endloop
  endfacet
  facet normal -0.412757 0.910841 0
    outer loop
      vertex -7.75999 17.3321 -0.41
      vertex -7.27098 17.5537 -0.509999
      vertex -7.75999 17.3321 -0.509999
    endloop
  endfacet
  facet normal -0.353406 0.93547 0
    outer loop
      vertex -7.24001 17.5654 -0.509999
      vertex -7.27098 17.5537 -0.41
      vertex -7.24001 17.5654 -0.41
    endloop
  endfacet
  facet normal -0.353406 0.93547 0
    outer loop
      vertex -7.27098 17.5537 -0.41
      vertex -7.24001 17.5654 -0.509999
      vertex -7.27098 17.5537 -0.509999
    endloop
  endfacet
  facet normal 1 -0 0
    outer loop
      vertex -7.24001 -17.5654 -0.41
      vertex -7.24001 17.5654 -0.509999
      vertex -7.24001 17.5654 -0.41
    endloop
  endfacet
  facet normal 1 0 0
    outer loop
      vertex -7.24001 17.5654 -0.509999
      vertex -7.24001 -17.5654 -0.41
      vertex -7.24001 -17.5654 -0.509999
    endloop
  endfacet
  facet normal 0.412757 0.910841 -0
    outer loop
      vertex 7.75999 17.3321 -0.509999
      vertex 7.27098 17.5537 -0.41
      vertex 7.75999 17.3321 -0.41
    endloop
  endfacet
  facet normal 0.412757 0.910841 0
    outer loop
      vertex 7.27098 17.5537 -0.41
      vertex 7.75999 17.3321 -0.509999
      vertex 7.27098 17.5537 -0.509999
    endloop
  endfacet
  facet normal 1 -0 0
    outer loop
      vertex 7.75999 -17.3321 -0.41
      vertex 7.75999 17.3321 -0.509999
      vertex 7.75999 17.3321 -0.41
    endloop
  endfacet
  facet normal 1 0 0
    outer loop
      vertex 7.75999 17.3321 -0.509999
      vertex 7.75999 -17.3321 -0.41
      vertex 7.75999 -17.3321 -0.509999
    endloop
  endfacet
  facet normal 0.412757 -0.910841 0
    outer loop
      vertex 7.27098 -17.5537 -0.509999
      vertex 7.75999 -17.3321 -0.41
      vertex 7.27098 -17.5537 -0.41
    endloop
  endfacet
  facet normal 0.412757 -0.910841 0
    outer loop
      vertex 7.75999 -17.3321 -0.41
      vertex 7.27098 -17.5537 -0.509999
      vertex 7.75999 -17.3321 -0.509999
    endloop
  endfacet
  facet normal 0.353406 -0.93547 0
    outer loop
      vertex 7.24001 -17.5654 -0.509999
      vertex 7.27098 -17.5537 -0.41
      vertex 7.24001 -17.5654 -0.41
    endloop
  endfacet
  facet normal 0.353406 -0.93547 0
    outer loop
      vertex 7.27098 -17.5537 -0.41
      vertex 7.24001 -17.5654 -0.509999
      vertex 7.27098 -17.5537 -0.509999
    endloop
  endfacet
  facet normal -1 0 0
    outer loop
      vertex 7.24001 -17.5654 -0.509999
      vertex 7.24001 17.5654 -0.41
      vertex 7.24001 17.5654 -0.509999
    endloop
  endfacet
  facet normal -1 -0 0
    outer loop
      vertex 7.24001 17.5654 -0.41
      vertex 7.24001 -17.5654 -0.509999
      vertex 7.24001 -17.5654 -0.41
    endloop
  endfacet
  facet normal 0.353406 0.93547 -0
    outer loop
      vertex 7.27098 17.5537 -0.509999
      vertex 7.24001 17.5654 -0.41
      vertex 7.27098 17.5537 -0.41
    endloop
  endfacet
  facet normal 0.353406 0.93547 0
    outer loop
      vertex 7.24001 17.5654 -0.41
      vertex 7.27098 17.5537 -0.509999
      vertex 7.24001 17.5654 -0.509999
    endloop
  endfacet
  facet normal -0.528008 -0.849239 0
    outer loop
      vertex -10.26 -15.9819 -0.509999
      vertex -9.74001 -16.3052 -0.41
      vertex -10.26 -15.9819 -0.41
    endloop
  endfacet
  facet normal -0.528008 -0.849239 -0
    outer loop
      vertex -9.74001 -16.3052 -0.41
      vertex -10.26 -15.9819 -0.509999
      vertex -9.74001 -16.3052 -0.509999
    endloop
  endfacet
  facet normal -1 0 0
    outer loop
      vertex -10.26 -15.9819 -0.509999
      vertex -10.26 15.9819 -0.41
      vertex -10.26 15.9819 -0.509999
    endloop
  endfacet
  facet normal -1 -0 0
    outer loop
      vertex -10.26 15.9819 -0.41
      vertex -10.26 -15.9819 -0.509999
      vertex -10.26 -15.9819 -0.41
    endloop
  endfacet
  facet normal -0.528008 0.849239 0
    outer loop
      vertex -9.74001 16.3052 -0.509999
      vertex -10.26 15.9819 -0.41
      vertex -9.74001 16.3052 -0.41
    endloop
  endfacet
  facet normal -0.528008 0.849239 0
    outer loop
      vertex -10.26 15.9819 -0.41
      vertex -9.74001 16.3052 -0.509999
      vertex -10.26 15.9819 -0.509999
    endloop
  endfacet
  facet normal 1 -0 0
    outer loop
      vertex -9.74001 -16.3052 -0.41
      vertex -9.74001 16.3052 -0.509999
      vertex -9.74001 16.3052 -0.41
    endloop
  endfacet
  facet normal 1 0 0
    outer loop
      vertex -9.74001 16.3052 -0.509999
      vertex -9.74001 -16.3052 -0.41
      vertex -9.74001 -16.3052 -0.509999
    endloop
  endfacet
  facet normal 1 -0 0
    outer loop
      vertex 10.26 -15.9819 -0.41
      vertex 10.26 15.9819 -0.509999
      vertex 10.26 15.9819 -0.41
    endloop
  endfacet
  facet normal 1 0 0
    outer loop
      vertex 10.26 15.9819 -0.509999
      vertex 10.26 -15.9819 -0.41
      vertex 10.26 -15.9819 -0.509999
    endloop
  endfacet
  facet normal 0.528008 -0.849239 0
    outer loop
      vertex 9.74001 -16.3052 -0.509999
      vertex 10.26 -15.9819 -0.41
      vertex 9.74001 -16.3052 -0.41
    endloop
  endfacet
  facet normal 0.528008 -0.849239 0
    outer loop
      vertex 10.26 -15.9819 -0.41
      vertex 9.74001 -16.3052 -0.509999
      vertex 10.26 -15.9819 -0.509999
    endloop
  endfacet
  facet normal -1 0 0
    outer loop
      vertex 9.74001 -16.3052 -0.509999
      vertex 9.74001 16.3052 -0.41
      vertex 9.74001 16.3052 -0.509999
    endloop
  endfacet
  facet normal -1 -0 0
    outer loop
      vertex 9.74001 16.3052 -0.41
      vertex 9.74001 -16.3052 -0.509999
      vertex 9.74001 -16.3052 -0.41
    endloop
  endfacet
  facet normal 0.528008 0.849239 -0
    outer loop
      vertex 10.26 15.9819 -0.509999
      vertex 9.74001 16.3052 -0.41
      vertex 10.26 15.9819 -0.41
    endloop
  endfacet
  facet normal 0.528008 0.849239 0
    outer loop
      vertex 9.74001 16.3052 -0.41
      vertex 10.26 15.9819 -0.509999
      vertex 9.74001 16.3052 -0.509999
    endloop
  endfacet
  facet normal -0.63435 -0.773046 0
    outer loop
      vertex -12.5276 -14.2849 -0.509999
      vertex -12.24 -14.5209 -0.41
      vertex -12.5276 -14.2849 -0.41
    endloop
  endfacet
  facet normal -0.63435 -0.773046 -0
    outer loop
      vertex -12.24 -14.5209 -0.41
      vertex -12.5276 -14.2849 -0.509999
      vertex -12.24 -14.5209 -0.509999
    endloop
  endfacet
  facet normal -0.683649 -0.729811 0
    outer loop
      vertex -12.76 -14.0672 -0.509999
      vertex -12.5276 -14.2849 -0.41
      vertex -12.76 -14.0672 -0.41
    endloop
  endfacet
  facet normal -0.683649 -0.729811 -0
    outer loop
      vertex -12.5276 -14.2849 -0.41
      vertex -12.76 -14.0672 -0.509999
      vertex -12.5276 -14.2849 -0.509999
    endloop
  endfacet
  facet normal -1 0 0
    outer loop
      vertex -12.76 -14.0672 -0.509999
      vertex -12.76 14.0672 -0.41
      vertex -12.76 14.0672 -0.509999
    endloop
  endfacet
  facet normal -1 -0 0
    outer loop
      vertex -12.76 14.0672 -0.41
      vertex -12.76 -14.0672 -0.509999
      vertex -12.76 -14.0672 -0.41
    endloop
  endfacet
  facet normal -0.683649 0.729811 0
    outer loop
      vertex -12.5276 14.2849 -0.509999
      vertex -12.76 14.0672 -0.41
      vertex -12.5276 14.2849 -0.41
    endloop
  endfacet
  facet normal -0.683649 0.729811 0
    outer loop
      vertex -12.76 14.0672 -0.41
      vertex -12.5276 14.2849 -0.509999
      vertex -12.76 14.0672 -0.509999
    endloop
  endfacet
  facet normal -0.63435 0.773046 0
    outer loop
      vertex -12.24 14.5209 -0.509999
      vertex -12.5276 14.2849 -0.41
      vertex -12.24 14.5209 -0.41
    endloop
  endfacet
  facet normal -0.63435 0.773046 0
    outer loop
      vertex -12.5276 14.2849 -0.41
      vertex -12.24 14.5209 -0.509999
      vertex -12.5276 14.2849 -0.509999
    endloop
  endfacet
  facet normal 1 -0 0
    outer loop
      vertex -12.24 -14.5209 -0.41
      vertex -12.24 14.5209 -0.509999
      vertex -12.24 14.5209 -0.41
    endloop
  endfacet
  facet normal 1 0 0
    outer loop
      vertex -12.24 14.5209 -0.509999
      vertex -12.24 -14.5209 -0.41
      vertex -12.24 -14.5209 -0.509999
    endloop
  endfacet
  facet normal 0.683649 0.729811 -0
    outer loop
      vertex 12.76 14.0672 -0.509999
      vertex 12.5276 14.2849 -0.41
      vertex 12.76 14.0672 -0.41
    endloop
  endfacet
  facet normal 0.683649 0.729811 0
    outer loop
      vertex 12.5276 14.2849 -0.41
      vertex 12.76 14.0672 -0.509999
      vertex 12.5276 14.2849 -0.509999
    endloop
  endfacet
  facet normal 1 -0 0
    outer loop
      vertex 12.76 -14.0672 -0.41
      vertex 12.76 14.0672 -0.509999
      vertex 12.76 14.0672 -0.41
    endloop
  endfacet
  facet normal 1 0 0
    outer loop
      vertex 12.76 14.0672 -0.509999
      vertex 12.76 -14.0672 -0.41
      vertex 12.76 -14.0672 -0.509999
    endloop
  endfacet
  facet normal 0.683649 -0.729811 0
    outer loop
      vertex 12.5276 -14.2849 -0.509999
      vertex 12.76 -14.0672 -0.41
      vertex 12.5276 -14.2849 -0.41
    endloop
  endfacet
  facet normal 0.683649 -0.729811 0
    outer loop
      vertex 12.76 -14.0672 -0.41
      vertex 12.5276 -14.2849 -0.509999
      vertex 12.76 -14.0672 -0.509999
    endloop
  endfacet
  facet normal 0.63435 -0.773046 0
    outer loop
      vertex 12.24 -14.5209 -0.509999
      vertex 12.5276 -14.2849 -0.41
      vertex 12.24 -14.5209 -0.41
    endloop
  endfacet
  facet normal 0.63435 -0.773046 0
    outer loop
      vertex 12.5276 -14.2849 -0.41
      vertex 12.24 -14.5209 -0.509999
      vertex 12.5276 -14.2849 -0.509999
    endloop
  endfacet
  facet normal -1 0 0
    outer loop
      vertex 12.24 -14.5209 -0.509999
      vertex 12.24 14.5209 -0.41
      vertex 12.24 14.5209 -0.509999
    endloop
  endfacet
  facet normal -1 -0 0
    outer loop
      vertex 12.24 14.5209 -0.41
      vertex 12.24 -14.5209 -0.509999
      vertex 12.24 -14.5209 -0.41
    endloop
  endfacet
  facet normal 0.63435 0.773046 -0
    outer loop
      vertex 12.5276 14.2849 -0.509999
      vertex 12.24 14.5209 -0.41
      vertex 12.5276 14.2849 -0.41
    endloop
  endfacet
  facet normal 0.63435 0.773046 0
    outer loop
      vertex 12.24 14.5209 -0.41
      vertex 12.5276 14.2849 -0.509999
      vertex 12.24 14.5209 -0.509999
    endloop
  endfacet
  facet normal -0.772999 -0.634407 0
    outer loop
      vertex -14.74 -11.9731 -0.509999
      vertex -15.0737 -11.5665 -0.41
      vertex -15.0737 -11.5665 -0.509999
    endloop
  endfacet
  facet normal -0.772999 -0.634407 0
    outer loop
      vertex -15.0737 -11.5665 -0.41
      vertex -14.74 -11.9731 -0.509999
      vertex -14.74 -11.9731 -0.41
    endloop
  endfacet
  facet normal -0.812866 -0.58245 0
    outer loop
      vertex -15.0737 -11.5665 -0.509999
      vertex -15.26 -11.3065 -0.41
      vertex -15.26 -11.3065 -0.509999
    endloop
  endfacet
  facet normal -0.812866 -0.58245 0
    outer loop
      vertex -15.26 -11.3065 -0.41
      vertex -15.0737 -11.5665 -0.509999
      vertex -15.0737 -11.5665 -0.41
    endloop
  endfacet
  facet normal -1 0 0
    outer loop
      vertex -15.26 -11.3065 -0.509999
      vertex -15.26 11.3065 -0.41
      vertex -15.26 11.3065 -0.509999
    endloop
  endfacet
  facet normal -1 -0 0
    outer loop
      vertex -15.26 11.3065 -0.41
      vertex -15.26 -11.3065 -0.509999
      vertex -15.26 -11.3065 -0.41
    endloop
  endfacet
  facet normal -0.812866 0.58245 0
    outer loop
      vertex -15.26 11.3065 -0.509999
      vertex -15.0737 11.5665 -0.41
      vertex -15.0737 11.5665 -0.509999
    endloop
  endfacet
  facet normal -0.812866 0.58245 0
    outer loop
      vertex -15.0737 11.5665 -0.41
      vertex -15.26 11.3065 -0.509999
      vertex -15.26 11.3065 -0.41
    endloop
  endfacet
  facet normal -0.772999 0.634407 0
    outer loop
      vertex -15.0737 11.5665 -0.509999
      vertex -14.74 11.9731 -0.41
      vertex -14.74 11.9731 -0.509999
    endloop
  endfacet
  facet normal -0.772999 0.634407 0
    outer loop
      vertex -14.74 11.9731 -0.41
      vertex -15.0737 11.5665 -0.509999
      vertex -15.0737 11.5665 -0.41
    endloop
  endfacet
  facet normal 1 -0 0
    outer loop
      vertex -14.74 -11.9731 -0.41
      vertex -14.74 11.9731 -0.509999
      vertex -14.74 11.9731 -0.41
    endloop
  endfacet
  facet normal 1 0 0
    outer loop
      vertex -14.74 11.9731 -0.509999
      vertex -14.74 -11.9731 -0.41
      vertex -14.74 -11.9731 -0.509999
    endloop
  endfacet
  facet normal 0.812866 0.58245 0
    outer loop
      vertex 15.26 11.3065 -0.41
      vertex 15.0737 11.5665 -0.509999
      vertex 15.0737 11.5665 -0.41
    endloop
  endfacet
  facet normal 0.812866 0.58245 0
    outer loop
      vertex 15.0737 11.5665 -0.509999
      vertex 15.26 11.3065 -0.41
      vertex 15.26 11.3065 -0.509999
    endloop
  endfacet
  facet normal 1 -0 0
    outer loop
      vertex 15.26 -11.3065 -0.41
      vertex 15.26 11.3065 -0.509999
      vertex 15.26 11.3065 -0.41
    endloop
  endfacet
  facet normal 1 0 0
    outer loop
      vertex 15.26 11.3065 -0.509999
      vertex 15.26 -11.3065 -0.41
      vertex 15.26 -11.3065 -0.509999
    endloop
  endfacet
  facet normal 0.812866 -0.58245 0
    outer loop
      vertex 15.0737 -11.5665 -0.41
      vertex 15.26 -11.3065 -0.509999
      vertex 15.26 -11.3065 -0.41
    endloop
  endfacet
  facet normal 0.812866 -0.58245 0
    outer loop
      vertex 15.26 -11.3065 -0.509999
      vertex 15.0737 -11.5665 -0.41
      vertex 15.0737 -11.5665 -0.509999
    endloop
  endfacet
  facet normal 0.772999 -0.634407 0
    outer loop
      vertex 14.74 -11.9731 -0.41
      vertex 15.0737 -11.5665 -0.509999
      vertex 15.0737 -11.5665 -0.41
    endloop
  endfacet
  facet normal 0.772999 -0.634407 0
    outer loop
      vertex 15.0737 -11.5665 -0.509999
      vertex 14.74 -11.9731 -0.41
      vertex 14.74 -11.9731 -0.509999
    endloop
  endfacet
  facet normal -1 0 0
    outer loop
      vertex 14.74 -11.9731 -0.509999
      vertex 14.74 11.9731 -0.41
      vertex 14.74 11.9731 -0.509999
    endloop
  endfacet
  facet normal -1 -0 0
    outer loop
      vertex 14.74 11.9731 -0.41
      vertex 14.74 -11.9731 -0.509999
      vertex 14.74 -11.9731 -0.41
    endloop
  endfacet
  facet normal 0.772999 0.634407 0
    outer loop
      vertex 15.0737 11.5665 -0.41
      vertex 14.74 11.9731 -0.509999
      vertex 14.74 11.9731 -0.41
    endloop
  endfacet
  facet normal 0.772999 0.634407 0
    outer loop
      vertex 14.74 11.9731 -0.509999
      vertex 15.0737 11.5665 -0.41
      vertex 15.0737 11.5665 -0.509999
    endloop
  endfacet
  facet normal -0.910864 -0.412707 0
    outer loop
      vertex -17.24 -7.96333 -0.509999
      vertex -17.5537 -7.27098 -0.41
      vertex -17.5537 -7.27098 -0.509999
    endloop
  endfacet
  facet normal -0.910864 -0.412707 0
    outer loop
      vertex -17.5537 -7.27098 -0.41
      vertex -17.24 -7.96333 -0.509999
      vertex -17.24 -7.96333 -0.41
    endloop
  endfacet
  facet normal -0.935896 -0.352276 0
    outer loop
      vertex -17.5537 -7.27098 -0.509999
      vertex -17.76 -6.7229 -0.41
      vertex -17.76 -6.7229 -0.509999
    endloop
  endfacet
  facet normal -0.935896 -0.352276 0
    outer loop
      vertex -17.76 -6.7229 -0.41
      vertex -17.5537 -7.27098 -0.509999
      vertex -17.5537 -7.27098 -0.41
    endloop
  endfacet
  facet normal -1 0 0
    outer loop
      vertex -17.76 -6.7229 -0.509999
      vertex -17.76 6.7229 -0.41
      vertex -17.76 6.7229 -0.509999
    endloop
  endfacet
  facet normal -1 -0 0
    outer loop
      vertex -17.76 6.7229 -0.41
      vertex -17.76 -6.7229 -0.509999
      vertex -17.76 -6.7229 -0.41
    endloop
  endfacet
  facet normal -0.935896 0.352276 0
    outer loop
      vertex -17.76 6.7229 -0.509999
      vertex -17.5537 7.27098 -0.41
      vertex -17.5537 7.27098 -0.509999
    endloop
  endfacet
  facet normal -0.935896 0.352276 0
    outer loop
      vertex -17.5537 7.27098 -0.41
      vertex -17.76 6.7229 -0.509999
      vertex -17.76 6.7229 -0.41
    endloop
  endfacet
  facet normal -0.910864 0.412707 0
    outer loop
      vertex -17.5537 7.27098 -0.509999
      vertex -17.24 7.96333 -0.41
      vertex -17.24 7.96333 -0.509999
    endloop
  endfacet
  facet normal -0.910864 0.412707 0
    outer loop
      vertex -17.24 7.96333 -0.41
      vertex -17.5537 7.27098 -0.509999
      vertex -17.5537 7.27098 -0.41
    endloop
  endfacet
  facet normal 1 -0 0
    outer loop
      vertex -17.24 -7.96333 -0.41
      vertex -17.24 7.96333 -0.509999
      vertex -17.24 7.96333 -0.41
    endloop
  endfacet
  facet normal 1 0 0
    outer loop
      vertex -17.24 7.96333 -0.509999
      vertex -17.24 -7.96333 -0.41
      vertex -17.24 -7.96333 -0.509999
    endloop
  endfacet
  facet normal 0.935896 0.352276 0
    outer loop
      vertex 17.76 6.7229 -0.41
      vertex 17.5537 7.27098 -0.509999
      vertex 17.5537 7.27098 -0.41
    endloop
  endfacet
  facet normal 0.935896 0.352276 0
    outer loop
      vertex 17.5537 7.27098 -0.509999
      vertex 17.76 6.7229 -0.41
      vertex 17.76 6.7229 -0.509999
    endloop
  endfacet
  facet normal 1 -0 0
    outer loop
      vertex 17.76 -6.7229 -0.41
      vertex 17.76 6.7229 -0.509999
      vertex 17.76 6.7229 -0.41
    endloop
  endfacet
  facet normal 1 0 0
    outer loop
      vertex 17.76 6.7229 -0.509999
      vertex 17.76 -6.7229 -0.41
      vertex 17.76 -6.7229 -0.509999
    endloop
  endfacet
  facet normal 0.935896 -0.352276 0
    outer loop
      vertex 17.5537 -7.27098 -0.41
      vertex 17.76 -6.7229 -0.509999
      vertex 17.76 -6.7229 -0.41
    endloop
  endfacet
  facet normal 0.935896 -0.352276 0
    outer loop
      vertex 17.76 -6.7229 -0.509999
      vertex 17.5537 -7.27098 -0.41
      vertex 17.5537 -7.27098 -0.509999
    endloop
  endfacet
  facet normal 0.910864 -0.412707 0
    outer loop
      vertex 17.24 -7.96333 -0.41
      vertex 17.5537 -7.27098 -0.509999
      vertex 17.5537 -7.27098 -0.41
    endloop
  endfacet
  facet normal 0.910864 -0.412707 0
    outer loop
      vertex 17.5537 -7.27098 -0.509999
      vertex 17.24 -7.96333 -0.41
      vertex 17.24 -7.96333 -0.509999
    endloop
  endfacet
  facet normal -1 0 0
    outer loop
      vertex 17.24 -7.96333 -0.509999
      vertex 17.24 7.96333 -0.41
      vertex 17.24 7.96333 -0.509999
    endloop
  endfacet
  facet normal -1 -0 0
    outer loop
      vertex 17.24 7.96333 -0.41
      vertex 17.24 -7.96333 -0.509999
      vertex 17.24 -7.96333 -0.41
    endloop
  endfacet
  facet normal 0.910864 0.412707 0
    outer loop
      vertex 17.5537 7.27098 -0.41
      vertex 17.24 7.96333 -0.509999
      vertex 17.24 7.96333 -0.41
    endloop
  endfacet
  facet normal 0.910864 0.412707 0
    outer loop
      vertex 17.24 7.96333 -0.509999
      vertex 17.5537 7.27098 -0.41
      vertex 17.5537 7.27098 -0.509999
    endloop
  endfacet
endsolid OpenSCAD_Model
